"GlobalID","Year","COUNT_chla","NEAR_DIST","Shape_Length","Shape_Area","weight","year"
"{1DF01C8F-7BEB-4E2F-BF05-A5B44049155A}",2019,1,9.25317036052866,738.184553175031,36363.8158931071,0.000140508641281439,2019
"{A02FBFB4-A06E-468F-A066-B4D3FDE0A492}",2019,1,3.80678148967874,3614.49945694781,343572.696841281,0.000140508641281439,2019
"{FF19563D-5E24-45CA-BF66-A4BCCF6836A2}",2019,6,4.05230896705281,751.11970880449,33388.5026459903,0.000843051847688633,2019
"{AC438A51-1E11-4369-826C-4C6DAF0DB19D}",2019,2,2.68354158534445,654.811845384029,22553.3396293495,0.000281017282562878,2019
"{003EACAE-4A52-4F46-BDFD-0D883B057AB8}",2019,16,4.31446879002805,120.799746220798,931.129284542742,0.00224813826050302,2019
"{B83413AF-C22A-4144-8E83-1A24DB8388DA}",2019,3,2.13087405880837,3832.21222487763,457117.330094071,0.000421525923844316,2019
"{92F4DCD5-8097-4DF2-94F2-FB3B43F2D04D}",2019,5,6.79935400590782,23222.8047478675,9103715.0259494,0.000702543206407194,2019
"{708BE375-0536-4820-B089-FB9D5DCBABD3}",2019,1,17.9962619475488,858.831153111339,32253.3530213626,0.000140508641281439,2019
"{79FB5AA9-3024-470E-9457-0A76ECE105AC}",2019,12,3.00505388780058,323.673092003802,6536.40193765202,0.00168610369537727,2019
"{D32F51BA-6358-4B05-A63F-9A2344E20490}",2019,15,10.855952290514,132.88418397578,1020.97522442365,0.00210762961922158,2019
"{DA6DCCFB-61E0-4D2E-820F-399FBCB5F2A9}",2019,1,9.6791528883774,1071.11779404757,22593.0835756998,0.000140508641281439,2019
"{20C32743-E6B5-4381-9A13-7F02067DD60E}",2019,3,9.78464398365654,210.55655929241,3359.05983719325,0.000421525923844316,2019
"{BD24F82E-E2A8-45C8-8549-ED8A08A31306}",2019,1,8.80168234506164,1608.74273617137,125777.922701438,0.000140508641281439,2019
"{CF903FCC-14C9-43BB-8A67-53DD27E091A3}",2019,15,5.53917428570113,1169.34455439869,52301.5751309903,0.00210762961922158,2019
"{451F56C9-F74E-4C88-B0BC-76AA01809D41}",2019,2,9.92742212606128,440.322422807457,13139.9854933618,0.000281017282562878,2019
"{017BFFC3-BAAA-4284-A423-024383EBDFF0}",2019,5,11.7200116374896,1621.73600377781,100032.29828414,0.000702543206407194,2019
"{CA2F9A97-5EFB-4AA0-89C0-BE78F2995D67}",2019,4,11.1710788656694,944.978886071589,58024.175642294,0.000562034565125755,2019
"{0CBA7399-09ED-4B61-81A1-D7B9F9329CF0}",2019,1,8.85976615852982,617.147344887682,24239.9945079347,0.000140508641281439,2019
"{939D2008-FBBC-4E41-8C14-44F7FA34F2AE}",2019,7,10.5577065161062,614.447370126777,24716.8170007295,0.000983560488970072,2019
"{45FA8A32-6BF6-4254-A56E-9E474BA6BAB8}",2019,1,25.1210210585035,7057.1829621123,365787.778983586,0.000140508641281439,2019
"{78095377-A710-429D-8D19-1760FB305933}",2019,5,8.40360960404807,358.86059513994,7049.46054229308,0.000702543206407194,2019
"{D893238D-3BA0-4C9E-96D1-A0AD7B4D28AE}",2019,2,2.92855199907042,408.775344058585,10537.5950128892,0.000281017282562878,2019
"{F997D5B2-FE33-42B7-A280-044F53AFD593}",2019,4,10.2869244954886,3318.31048514115,546761.801820933,0.000562034565125755,2019
"{F82CFA89-BA47-4568-8983-19BCA91D1ED7}",2019,16,3.30319368369653,104.274532086447,649.424584458047,0.00224813826050302,2019
"{9EC0EF2B-59DE-4B10-866B-D57E0AF7CF73}",2019,17,3.27146942780943,114.46726491184,802.068387905193,0.00238864690178446,2019
"{3A1DBDDC-A31E-4AF2-AABE-481EDB7CF9ED}",2019,8,4.07457931248905,132.223022411088,1234.18265035681,0.00112406913025151,2019
"{59A9926E-0D40-48ED-85A6-762C34BFDB9E}",2019,2,1.75180770557194,481.034448550401,7519.5368579884,0.000281017282562878,2019
"{6A60FE05-9717-4D8F-BB53-B717A350C30F}",2019,9,3.01981015299089,248.444466845489,2486.85447933362,0.00126457777153295,2019
"{06965041-27E3-4D2C-B2A4-A412DE26359E}",2019,3,2.99404589209774,465.009894404139,5251.71262111508,0.000421525923844316,2019
"{756DF085-B4FA-4093-A3EE-5CC6D865A2B8}",2019,1,25.5170857632101,3416.73300271004,185676.679648488,0.000140508641281439,2019
"{4963DE32-12A6-4262-8C1B-412501C99A70}",2019,24,2.94541772760047,5067.67551316806,138852.838880625,0.00337220739075453,2019
"{C7806998-6DE1-4514-A86C-BA048DE1B5F7}",2019,1,10.0309581875676,1089.51903767168,50630.8694768168,0.000140508641281439,2019
"{7FECC1A9-F139-4355-BE3A-26A71D933662}",2019,1,6.90039515747372,189.71568817644,1938.17647463593,0.000140508641281439,2019
"{178922AB-B965-418A-8C99-C79ACB223329}",2019,3,9.38853937816777,314.491924934718,6916.39449847004,0.000421525923844316,2019
"{696BA8B9-743F-4DA9-B6C8-667AF65B9620}",2019,5,12.5834160271097,276.814969363954,4734.73685508732,0.000702543206407194,2019
"{3F55BAD4-A953-4A66-9E79-823908A89EBB}",2019,2,10.4761727277553,222.535460282756,3139.66097468663,0.000281017282562878,2019
"{B34EA738-6FF9-420B-8152-28354FEFA74C}",2019,8,12.8000003716205,248.597128601592,3717.83244964143,0.00112406913025151,2019
"{8CE16F26-C7B6-4E79-8968-E0E3DC105918}",2019,10,14.4167351671371,268.346227318485,4089.05381411183,0.00140508641281439,2019
"{1459EACB-66B9-4979-9204-F32063E30F69}",2019,6,5.78602181244483,223.211503759742,3277.65363489448,0.000843051847688633,2019
"{AD9617F9-4386-413C-96E0-11D4AC053BE6}",2019,15,12.4452213375314,379.998791074401,9764.28550687876,0.00210762961922158,2019
"{88369C6C-3104-41D4-94C3-F35DFC492EAE}",2019,15,9.75607917950006,267.043490397507,3330.93000443736,0.00210762961922158,2019
"{43D27A19-3A6F-4671-A798-474E571E2D9D}",2019,1,3.2269789102164,1578.94331673375,72206.6292685952,0.000140508641281439,2019
"{32EA0C60-DC82-4F9E-AB93-FE3624D70D50}",2019,1,12.9848393033439,498.969119107486,11565.4107800748,0.000140508641281439,2019
"{72D91DC9-FE4D-4BDE-9846-5BADBDA6A3C5}",2019,1,13.62502423945,209.564353871195,2612.43662768325,0.000140508641281439,2019
"{E143B523-4679-48AF-AC6C-A4B5FA608BA0}",2019,9,20.0510384543789,148.832120481159,1457.016044753,0.00126457777153295,2019
"{6537F7AB-6010-4A3B-AFD6-BF0486DAA70A}",2019,1,29.9938207024362,124.448401079909,966.711754048909,0.000140508641281439,2019
"{0D8B5853-0E87-46CD-B3F6-3B3C3412D1CD}",2019,15,17.2639396677398,113.703219484411,925.169730156333,0.00210762961922158,2019
"{CA07FE9A-0CA7-477E-85DB-A18DAF677822}",2019,22,17.0758175924227,137.601349499208,1177.44699105136,0.00309119010819165,2019
"{16125986-DC2F-45F3-AB7B-841890FF6721}",2019,3,8.27952695461067,365.128036897262,6058.27578987364,0.000421525923844316,2019
"{45EE8BE9-C81F-4BDF-BF81-AEE28393E887}",2019,6,7.80533481332972,852.01042749516,43973.833705859,0.000843051847688633,2019
"{4F0FCB1A-72D1-4D0F-AE2D-C331E559A1AD}",2019,26,8.11474047583704,312.556748885047,3220.87379984793,0.00365322467331741,2019
"{15063963-47DB-4F4B-8BE5-183BD18F68B9}",2019,2,12.5723151271145,1260.20275838835,42275.6752369111,0.000281017282562878,2019
"{19A1666F-D5B9-4D41-BE15-CC484220F8AB}",2019,1,10.673976217234,1275.87661157727,92986.820063937,0.000140508641281439,2019
"{AD368046-3DD5-4939-AF47-92D92B2EA489}",2019,4,7.56999900429923,957.670154587422,47896.1305279824,0.000562034565125755,2019
"{4F76BABF-E16F-429F-B399-68E0BF69FB01}",2019,1,9.97987655995118,689.666023885597,22097.5273097063,0.000140508641281439,2019
"{7D995A62-4310-4BEA-A339-077788682AB8}",2019,2,14.0482401680931,544.534492713692,17950.7633184397,0.000281017282562878,2019
"{E9D0C651-D03A-4DA9-989E-BE2BFBE21A62}",2019,2,10.1041113311925,383.10580702089,10140.866237176,0.000281017282562878,2019
"{96305BC2-998D-4FC1-83D8-1B10159AD338}",2019,11,14.4668693732744,453.525207427328,13040.7064744305,0.00154559505409583,2019
"{B57EC69C-869A-463F-B074-DBC3BE4EE7A6}",2019,10,15.3761200898842,321.495468032283,6555.86565086584,0.00140508641281439,2019
"{E1B1E277-F876-414A-A317-B6A36D3C75BA}",2019,4,19.0911258321895,1658.67235105625,150455.757484355,0.000562034565125755,2019
"{660B70FE-7D29-494D-99AD-30491FFB7617}",2019,2,18.6896248865051,675.36111809073,24759.4063287948,0.000281017282562878,2019
"{F3CECA76-475F-4EA2-8A47-3C92EBB0F3F2}",2019,3,22.9448522053494,804.14753119315,39070.7829205721,0.000421525923844316,2019
"{C010C411-38D9-47CE-A11C-DB73D126DCDE}",2019,7,11.7305765445343,520.051253731256,16092.6211845201,0.000983560488970072,2019
"{79A97691-4561-44A4-98BC-F3365D5F4106}",2019,26,15.368013822732,1235.43305621857,45517.8476059543,0.00365322467331741,2019
"{0C117505-77F9-40B7-9FC0-E7641264EF8E}",2019,9,3.41245499893443,595.209954803154,17817.237702843,0.00126457777153295,2019
"{5F5CF004-D770-4C11-864C-45512E1F4365}",2019,26,1.15704974070923,700.726790764029,31507.5506952711,0.00365322467331741,2019
"{1B2D7F8F-A174-4515-B48D-591C0F607AA8}",2019,1,22.6057616757064,129.025257309069,951.537329903261,0.000140508641281439,2019
"{7848954C-0B71-4CC1-9962-87211214F110}",2019,10,23.2315901377728,135.837529102408,1037.17789466094,0.00140508641281439,2019
"{537918CC-784C-4D59-907D-5D77CDAB69CA}",2019,1,22.281505583946,249.582305319343,2868.09541589809,0.000140508641281439,2019
"{C6DBF372-686C-4365-B2BD-A94B75E19D90}",2019,1,22.4641583122726,556.513442775361,12482.0993627373,0.000140508641281439,2019
"{E98871CE-2692-4464-B065-1C89F4B59BD1}",2019,2,22.492843302912,92.4749651170292,525.426645282163,0.000281017282562878,2019
"{F70C3F51-698D-4CE4-9C02-6047FA1A10D2}",2019,1,19.2738682503444,335.672898400763,6728.42609711737,0.000140508641281439,2019
"{2FDCF864-54F3-42CF-99AA-35A629FCD290}",2019,34,7.37312399574075,485.052318472488,4500.16734271957,0.00477729380356892,2019
"{37AD3ABA-3009-4F29-88D1-B9E11F14AFFD}",2019,1,24.6176223091626,120.760983059545,1055.65287609563,0.000140508641281439,2019
"{DB3DF65A-02F5-4974-BA93-9D85061F820A}",2019,11,7.3329176249046,604.618344606545,10817.3489976552,0.00154559505409583,2019
"{E948FF8B-0B57-406A-8084-5CDA8A5091E6}",2019,5,19.8251375328161,200.922557821096,1973.85681643021,0.000702543206407194,2019
"{BD28701F-7DB9-41F3-9D2C-EAAE929013D4}",2019,5,24.6329458312492,243.96308905726,3539.55885951672,0.000702543206407194,2019
"{EE7430FD-0387-47AF-A493-3FD9BED676AD}",2019,7,18.6526577841439,164.950834314677,1644.42503996269,0.000983560488970072,2019
"{56760CAE-45DF-4BB7-832A-6CEC2F270DC6}",2019,3,12.1457101387854,509.226125618472,11950.2748402017,0.000421525923844316,2019
"{5DCF1019-9989-4BEE-AA64-E7C29A58CF6A}",2019,33,17.3061366218984,195.89019527977,2254.43225468158,0.00463678516228748,2019
"{07770BDC-A2DE-42A4-A95C-876DCF16149C}",2019,7,18.5414071871669,154.47395841887,1520.86349524623,0.000983560488970072,2019
"{E393D98A-0612-4039-A7CF-A3A6949A4C06}",2019,2,27.0347249865226,851.809118266069,50343.4155876385,0.000281017282562878,2019
"{8D87C3DE-EBC8-4B18-AC76-FE039087A4F3}",2019,1,19.655188472571,588.543555661965,20248.196478491,0.000140508641281439,2019
"{F55468B1-C413-42F4-84D3-E2153C548EAF}",2019,4,17.4626085300743,632.01043712621,18740.6920014499,0.000562034565125755,2019
"{C921745B-0477-43CA-BEB7-1C27D50E644C}",2019,27,3.84067044023167,825.914677294199,10221.2633630536,0.00379373331459885,2019
"{8D705C87-70CC-444F-881F-6D7DBBA6DC46}",2019,8,17.5209373354992,924.737555214615,49794.8144555243,0.00112406913025151,2019
"{DAEE9ED3-6B00-48FE-9985-A52000545440}",2019,28,3.78156849985792,3060.18492451164,124369.037574714,0.00393424195588029,2019
"{1E86B1E2-EF57-41CE-986B-988B57757DD6}",2019,2,20.8017366094706,902.069043297032,42979.2419459433,0.000281017282562878,2019
"{F5B87ECC-4304-409A-89F1-3C73533A90C1}",2019,1,19.8727539398419,1521.58448812531,80560.7155195696,0.000140508641281439,2019
"{93148AF4-8D9C-4656-8A21-13C110A5102C}",2019,8,15.5104289172422,355.310798356126,7824.64991518793,0.00112406913025151,2019
"{AEC43275-3995-4920-B082-9F80A0E359A3}",2019,8,25.2695186849071,835.681654518416,42429.688963993,0.00112406913025151,2019
"{8A234A1A-737C-4586-819A-5DDA89695EE1}",2019,5,32.3944536415682,693.219725044577,22789.3405364508,0.000702543206407194,2019
"{BBCAAE22-5B27-4E6F-B6B7-65ED76E46127}",2019,1,32.5385331676274,724.559133792862,31941.6774161277,0.000140508641281439,2019
"{6BD2217D-A46F-450D-A2A6-4876B741E23F}",2019,2,12.4907192964748,1229.56582510104,55581.3357920069,0.000281017282562878,2019
"{C6F0E7B5-A52B-4489-9A1F-51B9CA6FE37A}",2019,22,12.3749609483712,753.535086754979,22147.4277260768,0.00309119010819165,2019
"{B758C900-5AAA-42A1-9D53-D3C758A8B42A}",2019,2,24.0655138468265,2415.3679102578,185089.970190953,0.000281017282562878,2019
"{16DF6C35-2504-4537-822A-6D764634836C}",2019,20,20.5992668801327,1260.8204386944,27410.0847599939,0.00281017282562878,2019
"{1AC17C2A-56E4-4B4D-85A2-BCD347C8F8B9}",2019,1,3.24380979524712,137415.001028434,158822829.14956,0.000140508641281439,2019
"{002BF55E-9F26-43E1-A226-6A25FD555C2E}",2019,1,8.41300798478309,110.234259341131,823.959363665212,0.000140508641281439,2019
"{C34EB350-0E77-42EC-B5B6-1E7A6C99ECBD}",2019,1,11.2137868674132,366.20137592266,10085.0487653907,0.000140508641281439,2019
"{65A99562-8249-4DCE-9218-62BA3A6FA0FE}",2019,19,12.0718688875423,953.539125209594,48409.7375164511,0.00266966418434734,2019
"{2B4E74BA-619E-424A-B4C4-F1F0377B7D27}",2019,1,11.9425963556574,621.445679252629,24826.3754374561,0.000140508641281439,2019
"{40F907C3-1D3C-4EBD-8D02-D04E604334E9}",2019,8,9.20463995059812,717.040519317971,17502.595692222,0.00112406913025151,2019
"{81946A90-81D0-4169-B91C-1ABFC3B094D0}",2019,3,2.75125404445632,8542.39618540346,355723.31247651,0.000421525923844316,2019
"{4CEAC006-5D94-465D-9FCC-3CCCBA609F47}",2019,4,2.85851299236599,615.098786169737,14146.5058952247,0.000562034565125755,2019
"{16DCD152-8CD7-425A-9D17-4E63C07B303E}",2019,9,7.61232411468456,599.121131707723,24051.7660694809,0.00126457777153295,2019
"{85051F8D-B0D1-405B-AF9F-3B68723F1F0C}",2019,5,8.91542267905131,600.138372016969,12024.7303676455,0.000702543206407194,2019
"{66600120-BC0F-4D93-A83A-00F17A85F605}",2019,2,9.28484289154977,955.722410598188,48667.8256651059,0.000281017282562878,2019
"{87A54B84-5224-4833-B4BB-0091639FBF34}",2019,1,3.01105487564085,494.135534503794,14962.5764092642,0.000140508641281439,2019
"{2E30BA6D-994E-4A8D-A916-9AFC0353EF16}",2019,7,10.7522725987633,1003.17329186771,67556.0271030781,0.000983560488970072,2019
"{64E80BD9-EAC1-4FCB-B072-135032ED78A7}",2019,1,8.49398924464503,317.261545577134,5557.98590808847,0.000140508641281439,2019
"{C05C80C0-FB19-4B34-ABAE-8ECFBAAFC914}",2019,3,8.11344388348623,521.90625614691,16516.2490788885,0.000421525923844316,2019
"{1B511C2C-5611-4CCA-ADDF-B9526CCC1E7F}",2019,1,13.3386013385829,550.939324369384,13618.7466397504,0.000140508641281439,2019
"{456A43A7-96F1-4742-9763-6301C5E7F0B5}",2019,12,15.0606521459047,397.654927807059,7772.0881126787,0.00168610369537727,2019
"{F60EDC88-DB6C-4F44-BAFC-6DF5B3C3142A}",2019,10,13.3877931825174,250.780693332764,3297.01120279672,0.00140508641281439,2019
"{18792632-C7F3-4705-9DC5-18512B9E790F}",2019,21,13.493066586798,90.9474535597183,559.92566645425,0.00295068146691022,2019
"{8FC83E1F-1467-4DD2-BD4E-6CB3D73DC492}",2019,18,6.6677466165234,48.997659608241,151.465356486297,0.0025291555430659,2019
"{6525FBF4-1A25-4EFC-9841-A58409E582F8}",2019,22,6.65207230392186,107.935437692694,489.46825248321,0.00309119010819165,2019
"{83052326-B407-4C02-8AFF-BD27FFC2F498}",2019,22,6.6861397073561,88.3996243265145,433.428487095833,0.00309119010819165,2019
"{7D3B56A0-D440-495E-95AA-A5D25E20871B}",2019,6,9.35131060091787,851.310936443406,5180.98007342922,0.000843051847688633,2019
"{2B8B0EBC-1E56-44F4-B5E2-1901F51BCD54}",2019,6,9.67397080463628,138.170042132196,783.97252958927,0.000843051847688633,2019
"{A5E45544-0B00-4E34-9372-0F4C0F1FD97B}",2019,15,8.73319515580224,70.0885054133083,285.996924829057,0.00210762961922158,2019
"{73546EB6-0366-441B-9D48-D4E9F42410CA}",2019,3,11.5862407919556,40.8286692221364,122.494835118789,0.000421525923844316,2019
"{9A9547A4-1208-454F-8315-4B5BAF4FBEB6}",2019,13,11.5814771914974,64.3279805358684,236.470064111085,0.0018266123366587,2019
"{8D307998-94D0-489B-9D4D-845C3117474C}",2019,6,11.5768342112489,95.3646540747335,420.474436166354,0.000843051847688633,2019
"{9B7757BE-788E-47D9-9983-A339D53AC7DE}",2019,2,11.5193793062188,296.945658179855,2715.81456252917,0.000281017282562878,2019
"{492F97BB-057E-4D7C-A21B-73E127F0A163}",2019,15,8.40738262170164,67.3857710066692,262.491322834121,0.00210762961922158,2019
"{C5FDAF78-4509-45F6-86BA-8A2922689AA6}",2019,5,8.39077572842853,70.9542787161651,304.483551114919,0.000702543206407194,2019
"{5F40582E-9440-4F59-AA8D-F53D785C11E1}",2019,4,8.44305870229639,826.84214750282,7044.97333613417,0.000562034565125755,2019
"{78D4A847-A668-488D-A347-3BFD45B3F011}",2019,10,16.6064826340199,74.8869672727775,409.2833220601,0.00140508641281439,2019
"{3BC510CB-CF54-4FB8-9A5A-EC68F14B631C}",2019,1,9.42311695557136,119.079095291698,873.001754355557,0.000140508641281439,2019
"{9AAEF992-6376-45E5-8B42-BE1804CDCF7F}",2019,2,5.62715923802257,61.8733351282626,282.003592731816,0.000281017282562878,2019
"{D7041A2F-119C-400C-AD17-7D38F2015ED5}",2019,5,8.81689469185669,244.928701284062,1659.06729883671,0.000702543206407194,2019
"{81941C9D-7E5F-40A2-ADA6-C5F92CB82CE9}",2019,9,5.61334237261009,56.2779867895437,230.5129247561,0.00126457777153295,2019
"{F2B22F5A-A3D1-4154-A7EB-56EA0A2A0EB0}",2019,26,5.58989152465824,74.4602947413913,403.032613769916,0.00365322467331741,2019
"{52F82E9A-2713-49B0-A3BE-364444E3CE49}",2019,21,5.58594497967987,71.134335269333,307.034916908675,0.00295068146691022,2019
"{2E2AF0AD-FF56-40F4-8571-BD0BD9C4A31D}",2019,6,10.6415829850501,274.448072022681,1225.53032928058,0.000843051847688633,2019
"{96BBF34E-12CB-4B1D-BEAD-1FA558496998}",2019,4,8.43281972734885,305.142327964,1800.53497271184,0.000562034565125755,2019
"{22DB046B-FAC7-4997-9ED0-07CDA58F8BE9}",2019,15,5.58479123071089,78.6401520788721,441.972138989199,0.00210762961922158,2019
"{FA3E4B17-CC55-4E43-9F54-A12684DF4174}",2019,25,4.59421722204439,77.8167397245724,423.5026799365,0.00351271603203597,2019
"{FB54B128-AA4B-421A-9695-EAA23567A4CF}",2019,3,4.48414193108044,138.005343351284,1194.01879090913,0.000421525923844316,2019
"{F9F850A0-504D-4714-B904-E3E3A511C671}",2019,26,4.5104709074617,62.1706132864423,252.51408044644,0.00365322467331741,2019
"{98BABCBB-8F38-4B29-84F4-E4C78B702D0A}",2019,20,3.66046538297404,278.075949873288,1384.6225864594,0.00281017282562878,2019
"{E2BAE18D-1B4A-427B-8F7F-AD7E21E2D062}",2019,24,3.7410635721127,62.5174898520273,274.516889264068,0.00337220739075453,2019
"{A8311534-4B4E-462E-98D5-367D1EA4E94D}",2019,14,3.68456329699043,130.629147158828,734.551701436915,0.00196712097794014,2019
"{3A4E04DC-50D8-4D07-8355-A15AD9D51DC4}",2019,28,3.00199294846953,211.012715786025,2635.10651434609,0.00393424195588029,2019
"{AA579CAF-95A5-46CA-8527-9D152A806C00}",2019,7,8.14511543486484,62.7213519849366,222.490352546389,0.000983560488970072,2019
"{83FE92C4-78EF-4AEC-9D31-F2DDF9669066}",2019,9,3.35140629762,270.594730288161,3726.6877015829,0.00126457777153295,2019
"{F09D9C05-9A21-4D81-A1DD-4081EDFAFBF2}",2019,2,3.35198277089813,359.434152107287,7179.11677400144,0.000281017282562878,2019
"{59FE54B4-104F-42D5-9104-5BC0E274AE10}",2019,4,7.19786134536297,540.007430207797,10472.1372707802,0.000562034565125755,2019
"{3CB9F6B5-57A1-4AC6-BFF4-0A0EB456556E}",2019,11,8.79469959507542,168.434761722066,1545.81028847781,0.00154559505409583,2019
"{BC6ABEA1-2F60-4B07-BD9E-DD07D4CF026A}",2019,11,17.782966519985,517.43370066175,13790.5309814573,0.00154559505409583,2019
"{F0CD4C31-BF4D-4A7E-9992-ABC7254AD474}",2019,41,21.3316556464278,289.58940796466,5195.05714016862,0.00576085429253899,2019
"{CA3148F5-5CD1-4271-8F77-05183D0D4187}",2019,7,22.9492670202364,89.7856342012928,532.874933157886,0.000983560488970072,2019
"{2925BD40-E577-46A9-A2B8-2BF20EED0541}",2019,15,18.7803658480503,177.081709127261,1767.05983441999,0.00210762961922158,2019
"{97B0D6B4-AE60-47AF-B783-179EFD15B812}",2019,1,17.2037121885065,249.325734315329,4164.0992701228,0.000140508641281439,2019
"{9FB443BF-2066-4990-A084-C51A52DFC40D}",2019,1,19.2889757375153,232.846650810385,3034.50828967468,0.000140508641281439,2019
"{2D153887-070F-4DC3-8829-31A373C75044}",2019,1,20.3436004800372,672.771724951182,10931.0104343689,0.000140508641281439,2019
"{3FDE42C3-83D3-4951-8E1E-56B7E7709851}",2019,7,7.20144905539143,319.26373831734,5892.26534635961,0.000983560488970072,2019
"{A87807A5-D37D-4898-A883-6D8050EFA2A3}",2019,12,9.0777779627372,152.867189304041,631.992568592672,0.00168610369537727,2019
"{89D736FE-29AC-4204-968B-2E36B9B90258}",2019,28,8.94649213839212,160.380367168863,817.466622556726,0.00393424195588029,2019
"{673E5145-803E-4033-B141-C12399BCF847}",2019,26,9.20557635018827,285.098386662478,2263.34644644978,0.00365322467331741,2019
"{4FF6B8FB-F52A-4CE5-B925-51897AC9CE6B}",2019,2,8.18675994534513,315.014679607658,6398.27137990379,0.000281017282562878,2019
"{FBC84098-E32A-4CEA-9B29-DF75237797D1}",2019,23,8.98754755433609,137.955623643552,786.488676174566,0.00323169874947309,2019
"{5AC4B968-9DAD-470C-A3F5-DBDA8C45D0C4}",2019,20,9.05816402825453,302.696031721643,2075.94955001857,0.00281017282562878,2019
"{A5ECB1E3-25B8-49EB-B75A-C361391C9845}",2019,8,9.0265089290289,1276.4162014561,11969.3690401529,0.00112406913025151,2019
"{195FE05D-7787-4381-A983-8C9A89736AA7}",2019,19,8.49173616107047,340.010346629607,4817.19330272422,0.00266966418434734,2019
"{FF196BFF-47A2-4CAF-AFBB-B2264B5222E4}",2019,32,8.09312180796871,386.018833292585,3230.81303800968,0.00449627652100604,2019
"{65645641-E7D0-46F4-8BB5-012E39BCE29E}",2019,7,5.46326898228463,154.861473844281,987.167667774737,0.000983560488970072,2019
"{32C69DF4-D4A7-4237-B790-90A3C6B4F35A}",2019,16,2.07149591560074,2149.1625042953,164639.114534526,0.00224813826050302,2019
"{E24E86D0-55DF-4BA0-8E8E-DC29C9626DCF}",2019,27,9.77122575115596,141.427631958241,1162.85482406157,0.00379373331459885,2019
"{B90B1D00-E142-47FC-8CC3-ECC233A77DA3}",2019,3,16.4940392903585,133.655319056318,1248.75153142032,0.000421525923844316,2019
"{DBDC6D94-3536-4A4C-86BF-AF47E6E990B9}",2019,2,10.8007226417884,84.1976533793561,503.833661227751,0.000281017282562878,2019
"{FB7D5DBB-D80B-4AF0-9A7C-F3715FF3D15A}",2019,1,11.2580878210589,432.760592007393,5879.60581617238,0.000140508641281439,2019
"{FD19D35C-A177-4D80-9B74-5A9998EA4748}",2019,3,11.6855774892252,127.038835136036,1002.84706053391,0.000421525923844316,2019
"{B53391F9-7D76-419D-821A-786C7D6C48D5}",2019,5,13.9080479139245,15.9261156128358,8.77889331225408,0.000702543206407194,2019
"{4E345F9F-F4A6-4CD1-9C3A-2227DE2532DA}",2019,1,10.2126503423088,63.8484019516124,275.258677611951,0.000140508641281439,2019
"{F267E3AF-500F-479E-906E-88B2FE5C6E6E}",2019,2,8.19311202081589,78.0003207721472,425.205797600075,0.000281017282562878,2019
"{92B8AAFA-5A54-4CE1-B4DD-7BBE37979FA6}",2019,3,12.3204190212192,337.997746752587,5960.70225315458,0.000421525923844316,2019
"{76B48AE4-559F-43A1-8FB9-901D0B1CD6E1}",2019,2,15.517432557837,109.67155474916,899.360160661264,0.000281017282562878,2019
"{F4615457-C1A9-47D1-818D-CC88DDE23FEB}",2019,3,15.6937221205273,113.61417278584,944.358966162528,0.000421525923844316,2019
"{F84E57F7-AC94-40BF-9063-4A24457681EF}",2019,2,22.8937277162587,102.137218647123,758.299550037951,0.000281017282562878,2019
"{50B8BE16-BB45-4D2A-A695-C0C9A7B79070}",2019,3,15.9385208563897,151.986992561232,1345.23614027694,0.000421525923844316,2019
"{21600F14-EF18-4E9C-8ABC-93BF346690B6}",2019,1,15.0757341986483,216.902325440612,2753.06376889116,0.000140508641281439,2019
"{1A125451-BA26-4E6F-B6AD-05CAD52D27DB}",2019,2,15.6737127956469,79.5363118683013,443.375567728479,0.000281017282562878,2019
"{2390B660-EC8E-427D-A140-78DB224B99B8}",2019,3,16.3494848535719,184.266627692173,2411.10370133067,0.000421525923844316,2019
"{7A267B4E-89C0-40CC-AD6C-A553088AC00F}",2019,14,15.7337401984132,154.264533069251,1099.81372286371,0.00196712097794014,2019
"{B2114BAC-DCAC-4E91-8F0E-E3D630B565EA}",2019,13,33.3765766810519,118.626530672884,949.387053592254,0.0018266123366587,2019
"{A096B264-3660-4E9E-AE9B-7DB83B2F8309}",2019,11,22.3012646373833,181.242255924929,2417.62905364954,0.00154559505409583,2019
"{19342597-7631-4E10-B473-B662D82BD116}",2019,28,17.0091225774969,238.29128621561,2519.61618540163,0.00393424195588029,2019
"{9D00BAEB-319B-4AE9-A1D0-003E955E17AA}",2019,2,32.5472350020034,155.466247437956,1172.53609564023,0.000281017282562878,2019
"{EF2161AD-5AC1-44F7-AD12-18D7ACE97319}",2019,17,10.4305829811026,217.007417925309,2438.11608046942,0.00238864690178446,2019
"{4D7E3E19-E579-4075-ACC5-FDBD583F7F2F}",2019,4,16.9069730801612,156.596370539845,1342.10268363772,0.000562034565125755,2019
"{500F4C4D-3F7C-4DCC-9CA7-BAF15DFA9719}",2019,1,32.5721383066907,133.223754320774,1233.49052540695,0.000140508641281439,2019
"{5C6EB9D3-CCE8-44C2-87A2-3CF2BEBE407A}",2019,31,32.8324232897571,171.209861507907,2011.29913646684,0.0043557678797246,2019
"{5D8967B7-91EB-4196-988D-55CFD888A425}",2019,9,10.2574792128127,179.897880450997,2180.41810828041,0.00126457777153295,2019
"{5E236525-2BD9-4783-AA33-76AD13FD9ECE}",2019,1,8.07666801647894,489.688188417566,6189.81671989989,0.000140508641281439,2019
"{F2F3A9C8-6FC4-4FAD-8A68-94D2C6258E6F}",2019,7,8.20955739511549,403.431421867315,3244.39856027457,0.000983560488970072,2019
"{89659D4C-6671-49BA-ACFB-FCF36F827EEC}",2019,8,17.5238455506957,345.095451132856,8434.84905597062,0.00112406913025151,2019
"{3544596E-923E-4452-AA52-FC2206A56C88}",2019,3,18.2597251156933,212.542698373465,2677.28729100549,0.000421525923844316,2019
"{D48D07D5-96F5-4117-84AE-594F1111FA56}",2019,18,27.0485388797767,153.019461723978,1668.37827068223,0.0025291555430659,2019
"{E859A2B7-DD3E-4F69-B31B-7B9FC31D644C}",2019,38,22.9765468066164,60.9528980930315,282.397371749357,0.00533932836869467,2019
"{9CD356CD-3FB2-4D0B-82AE-2EBD37508428}",2019,40,30.9134852644814,131.556697062306,1138.01590716072,0.00562034565125755,2019
"{E4115BE3-DE58-4D4D-ADFD-609CFBAA23CC}",2019,9,24.1633324646184,129.638945502421,1253.97777270226,0.00126457777153295,2019
"{7E01AE65-4C69-40D1-9BF8-4425D1772BF7}",2019,4,27.2895792368857,258.21653271086,3236.29558226263,0.000562034565125755,2019
"{44B1875A-515B-437F-9AE4-6FF2CC73D69B}",2019,11,29.1835048974467,323.863214764053,5685.00976969639,0.00154559505409583,2019
"{ACDA3C40-BC78-4A00-8111-171544BEEAB4}",2019,15,34.7224206558546,253.182638209519,3196.64625952896,0.00210762961922158,2019
"{19550997-600F-4E05-9776-FBE117821D34}",2019,10,34.5542779085824,312.71695424463,5316.02856119605,0.00140508641281439,2019
"{07F1CB47-4466-4457-AE2F-259BF9D733EB}",2019,4,25.6603066103611,866.085669956211,5079.30180691159,0.000562034565125755,2019
"{6FDAD694-A455-4A2D-8BA4-56FD7E52DAF7}",2019,14,28.9029000183667,322.412856707676,6885.37722709199,0.00196712097794014,2019
"{F0E31487-FA92-49B1-A77A-A6E51A94EF29}",2019,4,30.5228421183765,155.110911206143,1126.77245441841,0.000562034565125755,2019
"{1C27889F-F623-4472-B2CB-64EB634C5378}",2019,1,29.678263184777,212.532991795477,2396.44214643455,0.000140508641281439,2019
"{52184266-626E-4D78-ABEF-E4EB6B1C1EF5}",2019,14,35.0917877854588,612.981695806624,18004.4573668728,0.00196712097794014,2019
"{A2643749-020E-4AF8-90B5-F9F9FB55D834}",2019,18,33.4506862944203,271.214221328736,2877.28503897618,0.0025291555430659,2019
"{12E2F333-6478-46BD-BBF2-D7DE3C304DFC}",2019,13,34.0587986322323,118.387734695354,1025.02532749601,0.0018266123366587,2019
"{C4C55EED-E441-4096-9C72-5689D682CEB6}",2019,4,34.1284239455194,272.920857019392,4499.56743426904,0.000562034565125755,2019
"{C9BFD67A-BABD-4DD0-A004-F9EC4EC5C1AC}",2019,8,26.5401135995516,161.613858208243,1503.93119283969,0.00112406913025151,2019
"{61028902-51FA-4CF8-A46C-B8F3DB80E7CE}",2019,4,26.8312944858624,142.776683202444,1439.75431424732,0.000562034565125755,2019
"{742990E7-7BD9-4333-A8D6-24726FDC5F58}",2019,27,34.2236239175484,138.014592859102,897.689026925412,0.00379373331459885,2019
"{6E89DC5E-A49F-4D19-AECB-91901FA9C714}",2019,1,24.7189134068265,229.278718001743,3348.41214628402,0.000140508641281439,2019
"{AB96699D-DAE3-44FB-9F48-68A64E142376}",2019,2,26.311805396237,100.822455290758,720.717835196078,0.000281017282562878,2019
"{307541CD-459E-462B-9F60-BCDA04C4962B}",2019,18,27.596046038371,489.757958352388,8155.07661934217,0.0025291555430659,2019
"{3A9D6815-5F5B-42E9-943B-FDDA4F4B3CC1}",2019,37,25.408287938122,140.657268605568,1019.64405531118,0.00519881972741324,2019
"{F34FEDCC-C3B6-482F-AE19-709574C1216F}",2019,15,27.3513386439826,182.808013718863,2482.86081814575,0.00210762961922158,2019
"{946F9AEC-7756-4B8F-B1E0-53172FFE0F93}",2019,23,32.2318664877567,164.111795449326,1013.58989299176,0.00323169874947309,2019
"{7A131032-8E2C-42FD-BDEF-4E3E34CDF305}",2019,2,33.1153805426916,155.87157590055,1011.67580743634,0.000281017282562878,2019
"{87173232-3067-4A43-9A79-2226016CABE7}",2019,4,24.0328657817993,209.541238951826,2925.45160516994,0.000562034565125755,2019
"{E651336C-88C6-45CB-90F8-035B53E95892}",2019,7,26.4989444384078,142.349261354209,1367.09212915993,0.000983560488970072,2019
"{CB41AF31-A38B-4CC4-AEB4-AF30A578E5AF}",2019,13,26.4769973793227,332.360140101465,6226.29013991267,0.0018266123366587,2019
"{67655D33-B01A-474B-A367-837F8A1FFD92}",2019,11,32.5332715211548,369.00826539577,9465.89414665291,0.00154559505409583,2019
"{52DC0AEA-8E45-43D5-892A-456C2520BE56}",2019,17,31.6400832818655,217.355382870976,2742.98897021577,0.00238864690178446,2019
"{7F691C2F-C83A-454E-A272-F49E902DB4F1}",2019,6,31.5996459338582,227.643463170378,3572.06755412359,0.000843051847688633,2019
"{7C21D073-27EC-4A6C-8258-DE147EA19FC3}",2019,27,31.5179548881574,217.491996983901,2095.74540697075,0.00379373331459885,2019
"{FEC5AB80-380A-4003-803E-CF99786B6D43}",2019,3,32.055815005802,99.52739858817,635.873983029228,0.000421525923844316,2019
"{C699FE89-8C42-4A9D-A2A7-FFF6363C98A9}",2019,1,26.5929581541009,131.863655671887,1188.72396094384,0.000140508641281439,2019
"{BB41C281-4B31-479E-9CC9-C0180A5532E6}",2019,6,23.2645885301394,70.923568990455,364.400911124793,0.000843051847688633,2019
"{F1BEC30C-AA00-4803-9B33-A5344045575D}",2019,4,26.3631771073434,417.030226658551,9437.81496125059,0.000562034565125755,2019
"{661E228D-F8AF-407B-9C1E-E16C37F061DD}",2019,12,32.5420993375064,193.506142074954,2523.66855610888,0.00168610369537727,2019
"{63EA01A3-74CE-4E9C-9843-8F970299E835}",2019,2,32.4886351772683,86.9836985436474,542.298580526743,0.000281017282562878,2019
"{01FCE3E0-2740-40BC-9172-5030B11CC1C1}",2019,11,25.1092250395695,570.592816509387,15141.2171506708,0.00154559505409583,2019
"{B7E0BEC7-2CA7-4BD4-81B6-2595EFFD5AAE}",2019,1,23.3952456856542,152.176625949594,1441.99400109349,0.000140508641281439,2019
"{8A469665-2BAB-436F-BCFE-59802B67278A}",2019,7,25.156761345942,322.010457887892,5051.99296051744,0.000983560488970072,2019
"{A2F79FDE-B712-4CCA-9978-1DE256A32CD7}",2019,17,22.1565380135739,215.084334586291,3221.1877667482,0.00238864690178446,2019
"{1CA3A4E2-CADC-41DD-9752-59BEC905FBE4}",2019,1,25.3473392397972,117.040434487869,842.724192718078,0.000140508641281439,2019
"{84C79C25-3C06-47B4-BD71-E2FE1CF033AF}",2019,20,33.0056891000501,97.4816248027844,634.703648679532,0.00281017282562878,2019
"{826F5F0E-9833-4FDE-AB89-C2BA2FCECDCC}",2019,9,31.341457373775,84.3643118859472,397.475312271787,0.00126457777153295,2019
"{C1470430-4C76-46E3-BAAF-C9AC15746231}",2019,18,33.2155204769393,149.429116157005,1402.53439603357,0.0025291555430659,2019
"{4A73A6FF-18F1-4696-B449-F98989AA6BF9}",2019,12,22.6030281807214,123.037066051575,963.29549074587,0.00168610369537727,2019
"{A28C9436-7CA0-4A34-8EC9-D9E1D52B6D34}",2019,15,31.180213897298,147.023216422682,1447.94119294864,0.00210762961922158,2019
"{D93A417F-81C2-4463-926C-0B3299D2EEF1}",2019,1,21.9692309110116,134.501499453211,1280.74232644338,0.000140508641281439,2019
"{F663EF5D-0D9D-435C-AC2D-F10AE4617795}",2019,18,20.969819399869,124.879894458783,934.69108363514,0.0025291555430659,2019
"{64F76544-3655-475D-92F0-264A4D3D8DE4}",2019,3,24.5178370962189,265.960899703943,4026.39928478808,0.000421525923844316,2019
"{85295BA6-00C9-4652-A588-83A923F891A8}",2019,10,19.9767055507424,114.656326122457,791.308833397588,0.00140508641281439,2019
"{50170E35-15C9-482C-AE5A-3A9DD329F20E}",2019,24,19.4561758039782,94.0292546702949,597.885608040938,0.00337220739075453,2019
"{F9001451-7AE4-492A-98C7-875BF1A1E8D8}",2019,5,20.6346723724876,219.751765696882,2280.93978047944,0.000702543206407194,2019
"{6641CE4A-B4F4-4922-8DB2-5F5B9A65C5F2}",2019,1,20.5715738326032,136.183975634709,933.885940760057,0.000140508641281439,2019
"{13C277F8-D424-4538-8F78-EB56C824A952}",2019,11,19.3656767950848,530.186997449154,11990.8548537941,0.00154559505409583,2019
"{BA387C38-034E-430C-8A4B-B19FD54E980B}",2019,1,21.3564769902549,433.42717234742,12023.1190385428,0.000140508641281439,2019
"{D4B1D220-C86A-4E17-BA93-BDFA93DFA85D}",2019,1,22.3481670533322,300.0672838571,4319.55531594262,0.000140508641281439,2019
"{39BC7815-C02C-4AA9-815C-F732A9F7A095}",2019,8,19.0795447785233,163.764138069977,1629.58056848665,0.00112406913025151,2019
"{ECEFA7B9-648B-4FC0-8703-18050D25C521}",2019,11,20.0843767069984,267.950672624754,4214.3254300917,0.00154559505409583,2019
"{185F20D4-1787-4C3D-AA8A-BDD18880A4B5}",2019,1,18.7597162230322,223.635595812909,2712.1717039375,0.000140508641281439,2019
"{DC16578C-DBCB-4357-BD0E-172BF98B818B}",2019,3,18.8029607524028,627.893697077794,14002.6820994317,0.000421525923844316,2019
"{A92CDA18-804B-4529-B8E7-E17D7AFF0E05}",2019,3,19.2673608123167,359.282175812612,7072.50577864767,0.000421525923844316,2019
"{CF8BE2B2-1C46-43EB-85F0-3C2CBDCFCB6C}",2019,7,19.1812519369373,189.430599433696,2018.95437657397,0.000983560488970072,2019
"{9DF9C380-FD0F-4EC8-90F5-B646299DE567}",2019,7,19.0377219961974,328.546354596246,4903.46614870677,0.000983560488970072,2019
"{A868E7F2-F791-48D5-B42B-63FA3C008620}",2019,5,18.9143531444085,218.021377063944,2722.03665045824,0.000702543206407194,2019
"{A1E54F4A-71F1-4B62-869C-3D6E7D7C4068}",2019,17,18.808875377045,84.565989142035,530.753783002972,0.00238864690178446,2019
"{8E834C6E-FE31-4A2D-B6AD-C52B606B5145}",2019,14,18.8496567542141,137.600163803345,1175.76025126821,0.00196712097794014,2019
"{8623B00F-6149-47BD-B4BD-C07C73F66831}",2019,1,18.7165285001794,374.35812280111,5965.29243027706,0.000140508641281439,2019
"{6EC46E43-31F8-40BC-AFA6-F0FE0E41913A}",2019,3,19.1890458022898,186.757979426495,1986.11126185596,0.000421525923844316,2019
"{D0AF1F69-A376-457D-AFA4-2F35A1271744}",2019,6,22.5281762319064,116.137323196504,1011.28131962371,0.000843051847688633,2019
"{EFC07623-4120-4148-B481-8952779B38D4}",2019,10,23.4780235815724,194.576100694772,2627.34429469425,0.00140508641281439,2019
"{3116AF3C-9574-4896-B24D-1A910E5EA696}",2019,2,21.6336157480284,186.033027447973,2246.82787934785,0.000281017282562878,2019
"{2FF0C5C8-2F1B-4A7E-A796-F7FD42E58528}",2019,10,21.4876222846471,297.430580418202,6144.5767791994,0.00140508641281439,2019
"{E30F3650-78C0-4A4E-BED7-4D780B192B00}",2019,31,21.3997803958185,306.24734109552,2985.04187947705,0.0043557678797246,2019
"{D5F4985D-0379-4077-9855-EDCA87ED00A2}",2019,4,18.7960851036214,234.555078020781,2837.82023058858,0.000562034565125755,2019
"{15836F42-958C-4F38-B704-EF1734E1BCF9}",2019,3,18.727706640606,159.448523124624,1801.49930704872,0.000421525923844316,2019
"{A60B31EB-9C27-43FD-8EB0-F96597D735F9}",2019,16,31.7551615348249,554.211673827232,6142.34515750207,0.00224813826050302,2019
"{F94988D9-7938-4284-B5F0-452D98D2BE4D}",2019,3,32.4723354030499,136.314437056421,980.987219182775,0.000421525923844316,2019
"{1D32D3FB-460B-4CC7-B67B-DD9AADF1C815}",2019,6,20.1744583039019,130.974579169869,1157.71052316759,0.000843051847688633,2019
"{96D33724-BBED-4FBF-B897-27BD980D00F2}",2019,15,31.5816121398423,96.871230403551,468.29289358854,0.00210762961922158,2019
"{DA77AE84-5167-4DCE-864C-AF7FFECCC0C4}",2019,8,18.5267110062072,106.094703575266,696.296140672287,0.00112406913025151,2019
"{E1AFA2E7-CCE7-4334-8C3B-35809FFE3CE5}",2019,4,18.3947661588267,71.6984340738913,380.402769558873,0.000562034565125755,2019
"{B11653C6-A941-48A3-9329-3EEB97A577EC}",2019,6,31.8267131490049,113.716423928893,828.601531085584,0.000843051847688633,2019
"{FB0B4C5A-D219-4D92-8761-87FF9EEF0A01}",2019,15,17.9645204924071,130.160609620529,1124.26692399505,0.00210762961922158,2019
"{A94BB119-1BDF-4A72-B033-CBB267B3A694}",2019,2,22.7474727707608,272.772982448739,3820.12440119394,0.000281017282562878,2019
"{D689106C-E26C-469B-848F-BD940DD0CC11}",2019,6,31.4316847241491,207.079263669317,2627.25607741633,0.000843051847688633,2019
"{CD419904-FA93-44B3-96E3-0D3DC776EB03}",2019,2,20.4570333365451,149.441648504067,1275.15092584918,0.000281017282562878,2019
"{AF524DF2-8046-46FE-9653-AB157579364E}",2019,3,20.4983694829517,147.916621826262,1660.19288864106,0.000421525923844316,2019
"{0055927C-ECD0-432B-87FA-59957A6246ED}",2019,18,28.8899330209099,106.783363960434,676.311914236395,0.0025291555430659,2019
"{61BD24CE-91E2-4563-9EFD-9CB18F01C17A}",2019,15,28.8141379667373,93.161063178792,549.604234985496,0.00210762961922158,2019
"{F3C74942-53DA-4351-99C4-9FF89242D2A7}",2019,12,28.7172757495415,188.486660775776,2087.59098672981,0.00168610369537727,2019
"{5CA9843D-1555-4677-9148-3F06A028EB67}",2019,15,28.8800135689215,101.174581049575,728.997981703559,0.00210762961922158,2019
"{E93ECFAE-EBC5-486E-B5DF-028592C1635E}",2019,1,20.0449375833961,175.087614210545,1839.95151245093,0.000140508641281439,2019
"{79FC56B3-BDCA-437A-BC18-2AD5341D7E14}",2019,2,28.7154750778831,89.3005253690757,431.773005322005,0.000281017282562878,2019
"{42C6CE0D-1DA7-4DFA-B7AB-A1BCB6574C75}",2019,10,28.9171130605266,134.290705516082,1179.873289024,0.00140508641281439,2019
"{B0BBF3E3-FA5D-4C52-A0DE-5F0DFA9D61F1}",2019,15,17.5391700620302,100.64316790768,710.384619574423,0.00210762961922158,2019
"{6656B103-D817-4B9F-9C86-AF8F5DF63862}",2019,7,17.3337090813994,93.96405961832,630.995982918,0.000983560488970072,2019
"{C04163BF-A82E-47C6-9C41-BC5E26DED961}",2019,19,17.4826006873036,93.2122255192155,619.851684799856,0.00266966418434734,2019
"{F4B20056-0952-45C9-9AD7-1D82CB8B9A8D}",2019,15,23.9015229512254,172.026195279934,2123.13766062313,0.00210762961922158,2019
"{A08A7BD6-F7F5-4E87-9133-44C1AA096CE0}",2019,39,21.7410107164445,87.107398593153,561.292746748205,0.00547983700997611,2019
"{D7164E83-38D2-4C04-80E5-37681842BB7F}",2019,21,22.3526710948747,908.696639815979,14922.982371054,0.00295068146691022,2019
"{97395E51-931C-4AF9-A32F-01D08B915358}",2019,3,23.7764116300607,521.601320085987,11455.5693421187,0.000421525923844316,2019
"{FF7D05E4-DF6C-4F43-ACEB-2F23F053557B}",2019,35,24.3023688880501,182.235988003625,2137.00183671487,0.00491780244485036,2019
"{10D30469-B399-482E-BC1B-E3B1330A6A3C}",2019,1,15.7315056439565,159.383898264549,1939.25317349339,0.000140508641281439,2019
"{696F3F4F-077F-45A6-8D8B-6AC79855AA52}",2019,1,14.6987135101108,273.768611718164,4047.77864278064,0.000140508641281439,2019
"{FEB41879-664A-4C26-8C23-D7E9FCC22EC1}",2019,1,20.8860005662154,146.190385806609,1575.5180892409,0.000140508641281439,2019
"{E2FBC7DC-5D0E-4B28-AEDE-2401610CDA64}",2019,6,19.2766773841774,169.546553791855,1990.98640068974,0.000843051847688633,2019
"{5CB845FA-C7EC-4DC4-86C0-FE564CEDA381}",2019,4,16.5379445810847,372.368541235774,7814.35725045431,0.000562034565125755,2019
"{1C525E2B-52AC-49F4-9CD6-F65FAEA2B6BF}",2019,17,28.1364332743779,264.588951176442,3198.471579539,0.00238864690178446,2019
"{3C329871-F940-4AE8-9C7E-BCE844ABE3BF}",2019,2,28.7838887497048,165.087371710553,1207.53936918814,0.000281017282562878,2019
"{4B9B9570-7913-416D-BFE9-E20B7F41A9FC}",2019,36,27.1479380949065,120.185402106593,899.694983169945,0.0050583110861318,2019
"{9A0A5785-C7A8-456C-A846-12A7FC3D7F4F}",2019,10,20.677388843528,361.667317173936,5363.49800201117,0.00140508641281439,2019
"{731CBD29-DAB3-4C14-B938-D0AB90C051BF}",2019,1,27.8758393290267,66.5936659720861,258.497141475128,0.000140508641281439,2019
"{F500E7F5-B8E5-4D4B-A8BC-E1D258B51941}",2019,8,27.0676865916618,117.872202151638,878.800277160775,0.00112406913025151,2019
"{89107AB2-604F-4A14-A6FF-648679E2E323}",2019,17,20.0429382758205,371.950879552532,7998.9098671188,0.00238864690178446,2019
"{80EECF48-6F04-4E32-855A-72DAB6BF44E7}",2019,2,27.7730525148103,85.2076821147481,362.756368770271,0.000281017282562878,2019
"{1A9D16BB-7498-495D-A145-D7DB303FAB65}",2019,11,19.1349548363861,266.647195242464,4693.4798148367,0.00154559505409583,2019
"{8BDC4618-D7E4-4567-8BD1-800CB406269A}",2019,17,29.4737417147852,82.0991054867561,460.895388389882,0.00238864690178446,2019
"{DC696A6D-71CB-487C-A790-8FB688AAD573}",2019,7,27.1797376428749,147.093014555842,1092.14173289516,0.000983560488970072,2019
"{91C41177-4CD6-4147-A571-7A64FB276D83}",2019,29,24.2915201539551,264.105632364594,3308.52927167547,0.00407475059716173,2019
"{2BDFD4E5-9DA3-4086-A0F0-6D9743ED6ECD}",2019,10,29.3586299449977,108.3056720627,682.222817383038,0.00140508641281439,2019
"{D5D26943-B869-4C51-B360-C05A57F3F711}",2019,2,16.3764900086105,99.9869471640205,751.402336616971,0.000281017282562878,2019
"{713BDE18-2729-4FD7-95C2-799413EF2F10}",2019,11,19.1160062351222,736.613100679227,21096.3830665937,0.00154559505409583,2019
"{D8DA1D17-9038-4991-91CE-46B60C0F0C79}",2019,7,16.1540003146997,316.30764440592,5770.68410391051,0.000983560488970072,2019
"{0E366167-5619-4E2C-A7ED-15F370C5AFE9}",2019,2,26.895544548223,107.706345147748,626.913393946868,0.000281017282562878,2019
"{F83EED92-80D9-4AC4-92CA-637EDA616112}",2019,2,24.0546218513668,203.393126116626,1831.88271013155,0.000281017282562878,2019
"{9E89193F-CB47-4702-A12A-B14D6E0821E4}",2019,37,22.3960581580133,179.582275859508,1632.92811761331,0.00519881972741324,2019
"{37ACCE7E-B1BB-4C3E-9F4C-A4C7C2E0A47C}",2019,8,27.5301566283107,82.3285147907965,492.801931095676,0.00112406913025151,2019
"{BB3E7D24-FF4B-4465-84A2-C2F7E26DAD24}",2019,1,27.5646628678736,233.967225155973,1821.96557898924,0.000140508641281439,2019
"{78D06999-0CFF-4E57-BE40-36882432484C}",2019,2,29.9899867052837,94.7809800393127,575.155243031932,0.000281017282562878,2019
"{0B737747-56BF-4E66-8B3E-EED2BF5DD9D2}",2019,12,18.6694661261708,260.484425849776,3591.32100169034,0.00168610369537727,2019
"{5E050D51-38D0-4495-AABB-17A8BA79FEA0}",2019,25,20.5809074190585,269.841713088038,3642.02902459974,0.00351271603203597,2019
"{A2625A11-8F6C-4C1F-9408-E819E266C3FD}",2019,10,32.6507958190909,269.224234582238,4100.37263299449,0.00140508641281439,2019
"{C3D65349-BC89-43FC-A666-DBB79295D1F0}",2019,2,28.9673098802995,83.8284960707415,491.821262991209,0.000281017282562878,2019
"{A4328CCD-51B7-489E-80D7-F542AE5B8A9C}",2019,6,20.7354283388322,163.007116792075,1611.59263247505,0.000843051847688633,2019
"{C2E6B0B8-7DAA-4E50-BCE6-ACA5AC368172}",2019,6,17.602733599439,157.352386067096,1575.52979191533,0.000843051847688633,2019
"{D01D9B91-2F22-4867-B0D7-AC8645CBE230}",2019,10,18.1307073086667,281.46245976591,4517.13044913253,0.00140508641281439,2019
"{F9B3E02F-0002-446C-B0BE-D51E9DF61849}",2019,1,22.9313656337747,443.391836310417,10673.0300416231,0.000140508641281439,2019
"{8038A329-829E-4026-8D9B-09C33C7EB2CC}",2019,1,32.7628995148735,149.372242607524,1349.33368650836,0.000140508641281439,2019
"{3FCA4B6D-384D-447A-9762-080DCACFAAC9}",2019,2,22.9070234164531,306.533194638527,4734.14942541943,0.000281017282562878,2019
"{21D1E407-011F-44A4-9063-53F941393032}",2019,2,24.0409734723366,83.0966746587036,477.788613621867,0.000281017282562878,2019
"{C688CDEB-BB6D-40E0-8A9A-4FE38343F747}",2019,7,29.4810863106922,132.539140039783,1302.79847380079,0.000983560488970072,2019
"{61D963FE-2CE6-4510-B259-D06067F6D212}",2019,29,21.8780420251043,440.064142143903,4379.34066491494,0.00407475059716173,2019
"{97C70013-642B-4A0D-AC25-16EA19866377}",2019,1,22.4144325846878,189.949810017555,2430.1761361043,0.000140508641281439,2019
"{F2F5F2B4-40A9-4A5A-AD86-D89864790EC4}",2019,1,23.1465418030791,87.7222831636593,496.362310882842,0.000140508641281439,2019
"{C13BA368-B9B7-49B9-969F-BF3998C776F5}",2019,12,27.4767364885336,115.415263834854,912.611399080287,0.00168610369537727,2019
"{B9CEBFA0-50A0-43DB-BC57-129838C35F2C}",2019,13,22.1265391000587,114.985997021048,851.108918963244,0.0018266123366587,2019
"{8777C6B2-5444-49AE-861B-1F63DF04CBAB}",2019,1,22.2132127070909,176.171478493082,1491.57613607546,0.000140508641281439,2019
"{0FE93032-E915-41F1-A7D9-6B9F1562A0BC}",2019,3,17.8666720749258,426.299234243639,5193.18770745678,0.000421525923844316,2019
"{4CD9A8CF-5836-4057-A556-65382C97F13F}",2019,37,18.6590916821566,113.246049646411,901.112618474245,0.00519881972741324,2019
"{F70B9948-9C99-4801-92FF-C758AF83DC9F}",2019,23,19.6275165073003,320.579971797136,7074.41013906606,0.00323169874947309,2019
"{E6CEA7A2-5ACF-4AEE-A431-F6609C183844}",2019,21,18.8384127121884,218.801268454404,3070.54945226791,0.00295068146691022,2019
"{48E8C537-954A-45E5-B2D9-05927522E214}",2019,2,15.6337947002192,130.079544043564,1181.74140808565,0.000281017282562878,2019
"{961A6B7D-00D1-4BAE-8F20-22DAF95BE637}",2019,23,11.9626744898317,276.782873586006,4412.38400456301,0.00323169874947309,2019
"{6D0A249C-A79F-4DF2-A13F-8A4BA8A27F04}",2019,18,18.4844528238126,161.737203732487,1401.69318313564,0.0025291555430659,2019
"{DF1A474C-6C2A-43D9-96D9-0D8E0631832B}",2019,2,15.9341321910054,192.769819573889,2340.24607467221,0.000281017282562878,2019
"{EA9D9C79-D205-4F8D-A772-C62C7C3C8CCC}",2019,8,14.483176844794,159.922552717976,1586.05379311907,0.00112406913025151,2019
"{B543F112-1C2F-452A-854C-8A184138E754}",2019,15,11.4395141911124,118.429522296677,1053.36167179586,0.00210762961922158,2019
"{292EA1F7-C2D3-44B0-8843-9C640E0CF984}",2019,14,14.6203571268748,204.067425675161,2686.67147641014,0.00196712097794014,2019
"{AF3A211E-8587-4858-A115-74B5CB5275AF}",2019,8,11.2765173054077,271.1486459281,5046.34949897113,0.00112406913025151,2019
"{2860349A-A44B-4CA0-B4B2-3FC26BE1FE38}",2019,12,26.3486876013148,226.014450037557,3121.92838481331,0.00168610369537727,2019
"{DD13090C-AB14-47FF-ACB3-C29C51A7CF1E}",2019,39,26.1385342473567,144.65194146189,1424.42403716319,0.00547983700997611,2019
"{18A9A2C6-7D98-4617-A93B-4EFFF1CBE1AF}",2019,9,14.3116280168062,275.347645866468,3475.21463277119,0.00126457777153295,2019
"{4E03886D-EB78-4EBF-A37B-30C9332EE666}",2019,8,25.8538205484293,210.543027898289,3007.4388859146,0.00112406913025151,2019
"{A4A6A956-ACB1-4AE2-B10A-7CF4E81E83F0}",2019,29,10.5316183122216,259.529810736897,3931.21536571644,0.00407475059716173,2019
"{FD30E5DD-F30C-4073-A744-050008300327}",2019,25,18.2170848180001,119.748898637318,937.812130573996,0.00351271603203597,2019
"{6A733BC8-CBFF-4350-AE75-871FE0C01026}",2019,2,32.2998272985706,536.766838543213,16130.1132752729,0.000281017282562878,2019
"{DD3B3F8A-7227-4CC6-A104-D91AC91BEC77}",2019,3,14.178532613058,182.908477159471,2061.72294334998,0.000421525923844316,2019
"{C9449646-0E40-4A79-88C5-7B1D021503CD}",2019,12,12.6793622748775,299.821036608427,5491.51024924018,0.00168610369537727,2019
"{F1D89F71-4378-46F8-B511-AF930355D91C}",2019,31,13.6363334969715,192.850400002349,2431.78918662185,0.0043557678797246,2019
"{861E3932-034F-459E-9264-170741F36C0C}",2019,19,24.5100390671477,87.2446241187818,496.283081194798,0.00266966418434734,2019
"{B37F42C4-3F32-4484-8E72-42792D501757}",2019,16,31.5352947723614,145.287938249629,1278.9393659121,0.00224813826050302,2019
"{DA4674D0-DE30-4466-85E6-73142D5E5554}",2019,3,28.9886648388416,247.54138882394,3683.92738312539,0.000421525923844316,2019
"{FC80CCC5-BEFD-458B-84A2-35F1ACA5730A}",2019,23,32.6771672837053,268.245632114184,4520.11903570915,0.00323169874947309,2019
"{49512366-E869-4CC5-8720-A4B32EA125E3}",2019,16,20.3391642185883,360.917940913701,4837.3017789811,0.00224813826050302,2019
"{380E1843-5EFE-445C-B292-D3001C1DF46A}",2019,2,9.31270247503211,246.111674881374,2185.64558536137,0.000281017282562878,2019
"{A585FA59-0D86-469A-B320-982471E35C4A}",2019,2,10.9084385517337,232.370772165102,3130.22011832489,0.000281017282562878,2019
"{D1836A02-ECE9-4A71-A4A6-C77840E4C864}",2019,5,33.1074440446956,244.666190174323,2894.32390475711,0.000702543206407194,2019
"{63E45235-F854-4BD5-A6AA-3DDB24A100E3}",2019,30,9.23766365011028,141.549005048867,857.122376113794,0.00421525923844316,2019
"{C92A6EB1-DB1C-495B-ABDA-7ED89AA41FEF}",2019,35,32.6452247793334,112.291487275826,810.414157637357,0.00491780244485036,2019
"{2AEF4CE0-82C6-4E25-B5D3-1A228D60602D}",2019,2,9.03155802933057,141.708905384246,980.241984895113,0.000281017282562878,2019
"{3E1B5188-E523-4EC4-81BD-065F6959F246}",2019,6,17.1466761992394,143.604012091954,1291.52247552484,0.000843051847688633,2019
"{451420A8-5846-4E20-AED2-80D7A55CDCA2}",2019,18,32.7159565978894,95.3263384598128,675.039768612471,0.0025291555430659,2019
"{F0BB0C90-F507-49E3-AEB2-DB38B2CBA9CC}",2019,17,32.5824979108699,145.632895989861,1420.7837425638,0.00238864690178446,2019
"{88F34A74-4553-422C-9CDD-8E15918243C6}",2019,10,12.1384271746074,353.717078567749,8733.39088558492,0.00140508641281439,2019
"{04292ACE-B7A7-4352-B4B8-C5A58CB5C6E9}",2019,23,17.4334122380248,83.425027763693,457.898399880093,0.00323169874947309,2019
"{1DCD0F75-080A-438B-BECD-55DC8D1B5FAD}",2019,37,8.49159779537675,139.725790620029,1389.24946139904,0.00519881972741324,2019
"{725F7B2F-E332-4B0D-B6E4-537E70DB1068}",2019,33,9.68089282151406,125.628830540106,967.370920887378,0.00463678516228748,2019
"{5F51E148-74C9-46BB-8FEF-F3D4CE5385EF}",2019,23,8.4521930850165,103.627959139237,673.878916758623,0.00323169874947309,2019
"{7895D03B-2EC4-45A9-B518-419112830997}",2019,38,30.0859114080251,138.579988089659,1299.40817543423,0.00533932836869467,2019
"{8006242E-58AD-4254-ABDD-A5881F471211}",2019,2,8.37391004663564,153.886009180326,1537.23816791472,0.000281017282562878,2019
"{679962F5-1D18-47CC-9988-756EA5B8386F}",2019,3,22.2841968104049,148.350031026153,1536.42848180655,0.000421525923844316,2019
"{D6875A32-8BFA-4A62-9246-81C0B2CBFDC6}",2019,28,8.30022618641977,97.2176451350996,690.820241049698,0.00393424195588029,2019
"{3B8066B3-C944-4BE8-90F0-8C7505F4688D}",2019,39,32.5741665753372,197.929995719124,2342.49457211388,0.00547983700997611,2019
"{9D2D512C-B6B3-4DBB-B762-C0A039705851}",2019,17,16.1630493945897,206.450533271753,2686.41884897111,0.00238864690178446,2019
"{EB2FB6C8-1DBF-4A2B-94AA-5E49794BD815}",2019,19,12.884057388834,176.411496131293,2375.52571458197,0.00266966418434734,2019
"{FE40ECCC-EA91-4E01-BF80-5AD8E119C779}",2019,26,7.57066408843505,95.2763488869867,679.040110677185,0.00365322467331741,2019
"{AE51C6F5-EE8C-4877-A1E0-ED0257AF072C}",2019,12,7.58076614106175,182.06674214044,2033.8170169519,0.00168610369537727,2019
"{861AE38A-CB1E-41BD-9CA4-AB33F6C7D418}",2019,25,12.3791550059386,156.140889001975,1702.91638990834,0.00351271603203597,2019
"{8B2668DD-0627-4581-8894-D13F1D8797B9}",2019,15,17.0115926265238,254.031873431702,2025.87334242608,0.00210762961922158,2019
"{B50E2004-5941-4F9F-AB85-83E6C47F10A9}",2019,36,11.8893838507672,176.787490761547,1487.18280405615,0.0050583110861318,2019
"{BBC38D4A-526A-4CA6-B4FF-D3A6D795E683}",2019,28,12.4822827053736,162.010008544275,1266.82440907394,0.00393424195588029,2019
"{6C479A56-520F-4154-8EF3-63E6C8831EB5}",2019,10,19.2967149756927,189.684000557046,2615.24262249218,0.00140508641281439,2019
"{FF19C4BA-2712-4B67-A0A1-F9D1C9A33B52}",2019,6,12.7055688130245,240.464066132891,2760.69698691404,0.000843051847688633,2019
"{05B3A0CC-B1F2-4695-B74E-44871A2BADF4}",2019,4,19.3443797235441,230.122914659498,2451.59399726763,0.000562034565125755,2019
"{78FCB1FB-2FC8-475E-834E-E195C898C339}",2019,39,28.337090592033,181.493459863486,2170.58971018936,0.00547983700997611,2019
"{5DB7B877-8F5E-4E44-833B-6707FEC23A4F}",2019,24,15.1739572110758,221.792323752823,3245.04983633669,0.00337220739075453,2019
"{CAA21913-9DD1-4FB0-8740-10BD2DE82701}",2019,13,22.4644433729708,90.3943906646906,497.781389543085,0.0018266123366587,2019
"{BDE43625-50E0-49CE-90F2-1192C25034D0}",2019,17,16.9246427691813,195.391458065759,2149.73554664039,0.00238864690178446,2019
"{FBD5E600-EEA0-49F6-A273-D10113780B0D}",2019,22,22.1869414704489,99.8356937735751,681.768211526006,0.00309119010819165,2019
"{16C30417-2C64-4A64-8132-C9C63CECA715}",2019,3,22.2687094625521,208.089343301833,2916.28016546272,0.000421525923844316,2019
"{B3B8FEDC-C1D7-4F5A-BBF4-F1FC98BBBE60}",2019,7,21.548167147879,199.256750848297,2412.02116539075,0.000983560488970072,2019
"{14CFFFC9-2544-4E3A-8198-658EF39C23E7}",2019,30,22.3352692301197,150.786108581622,1184.55591138263,0.00421525923844316,2019
"{F19188BA-3EB9-4CE2-916E-3448D3206F57}",2019,34,22.1656288429985,170.893864154611,1423.87384679308,0.00477729380356892,2019
"{A4B18B84-BCE9-49CA-B98F-8B2191315C3B}",2019,9,21.81402708253,168.954358357353,1802.32227476447,0.00126457777153295,2019
"{4657407D-993C-4C43-8342-6F39F9CE1FC6}",2019,1,18.8042184018279,285.063149873778,4627.12443854383,0.000140508641281439,2019
"{6AA67DCE-4EEC-408A-B741-3DA0167675FE}",2019,38,21.695015185237,151.697822341558,1455.98197234108,0.00533932836869467,2019
"{9D5FB03E-7DF8-4863-A426-91A048961187}",2019,33,22.1982526251981,117.978527727973,754.15761328039,0.00463678516228748,2019
"{41ACB1F1-6619-430D-B454-6C00C16A9681}",2019,43,22.1009967553447,143.916058229518,1159.4941369443,0.00604187157510187,2019
"{95FB8CCC-5690-40B9-B92B-7A3C12335660}",2019,4,20.6679349225226,151.754059807935,1352.91168100661,0.000562034565125755,2019
"{FF895F32-34F5-47AE-B826-C1C77232AA39}",2019,11,16.6213556575564,202.106048538361,2285.94791339066,0.00154559505409583,2019
"{98243C48-A028-48DF-805B-38971C67D746}",2019,23,21.6375016309645,218.112138328704,2579.04914723742,0.00323169874947309,2019
"{8DE3A135-7863-4670-B6C7-1D07C26A2C1D}",2019,3,22.1927990446631,437.094748258807,10851.5631347985,0.000421525923844316,2019
"{75E4FE83-610A-48E0-9CF1-FBE34EACC6D2}",2019,4,16.5161956583012,207.467674025989,2787.15100984987,0.000562034565125755,2019
"{D4C9DC8D-8D32-4452-9022-3FE88A46863D}",2019,21,22.0683065423455,191.868460066203,2232.63810878111,0.00295068146691022,2019
"{73D8842F-2561-4826-A416-1EA51A115227}",2019,31,21.802509551601,81.4887608999767,403.368255208282,0.0043557678797246,2019
"{8B46E979-5651-49CA-8A3D-E1DA72BFD11D}",2019,12,18.9625328995457,130.000334038791,1109.05638789432,0.00168610369537727,2019
"{6EE1F0AE-EB2F-4AA6-A65A-C4CE29BB3EC3}",2019,23,16.6887303619382,143.417400935994,1297.08619199273,0.00323169874947309,2019
"{8657CBBA-E8D7-41F7-8EFE-6032941B2500}",2019,18,21.9317805025325,464.783498159397,13804.2753860978,0.0025291555430659,2019
"{388AD3FE-32CD-4B78-8122-3222C0C904FC}",2019,9,19.9518017239497,644.819217910749,9110.75778983896,0.00126457777153295,2019
"{0906E23C-4EF9-4C2D-B82D-423D79B29801}",2019,3,14.9904452427665,242.045509957027,3139.12828142971,0.000421525923844316,2019
"{1CD3FE6B-6E0B-415C-A773-34BAC9AE9ABF}",2019,19,14.9177141971798,247.032879033611,3014.08784263894,0.00266966418434734,2019
"{3CFD8082-79D5-4D8C-8A62-BC5EBB914491}",2019,4,18.7269081061819,334.542522238381,4476.29047628115,0.000562034565125755,2019
"{5F41F046-18BB-40E0-9BFF-4653C150E283}",2019,3,20.9750470067482,184.627542235948,1636.8440289865,0.000421525923844316,2019
"{ED6CED90-EAF3-4728-8296-EDD110413F20}",2019,5,15.2017883994121,698.173433367294,13159.4075058626,0.000702543206407194,2019
"{99E92335-7F61-4AC9-8367-FA84EED44FCB}",2019,38,20.9786741538999,101.166131071557,741.193585082634,0.00533932836869467,2019
"{90FD5E33-6CC9-4352-B19C-0BEC0B87F5B3}",2019,20,17.3729247961265,251.311371157995,3540.38486575218,0.00281017282562878,2019
"{3D258B0E-BAAA-4258-86CF-E2E7B857BB1F}",2019,5,20.085005146334,218.757819664333,2484.78536543213,0.000702543206407194,2019
"{3FDF11DF-7413-4811-ABA7-7DAF3267183A}",2019,1,15.6366689062532,304.986519506806,3048.95718896699,0.000140508641281439,2019
"{C0D97609-D1DA-4ADD-BF12-54BCE9647EC0}",2019,30,18.9153169707143,159.415192415576,1561.47786705406,0.00421525923844316,2019
"{2D789C2A-15D6-40D2-A0CC-EE1AE61ECDD3}",2019,6,14.9812632774472,229.143915879435,2417.01955923642,0.000843051847688633,2019
"{D328A15F-8A44-48DA-8028-DA67817BE109}",2019,12,18.913458105933,142.630225968501,1330.45224742956,0.00168610369537727,2019
"{3F8C45EE-8FC0-49BD-8526-12216D1C3F73}",2019,16,15.4935795234503,225.012160114796,3322.89139838744,0.00224813826050302,2019
"{53A51397-CE37-4D21-819E-8764DBF41D7E}",2019,2,15.5778272300353,319.267285440021,6890.60221768822,0.000281017282562878,2019
"{D64492E3-96B2-495D-9761-B589EC3D5540}",2019,1,22.5619729419815,423.176453026735,9613.20458719086,0.000140508641281439,2019
"{591F2F78-84BD-42C5-93F7-912924AC7570}",2019,7,2.52228523582412,118.732452985568,1065.41806363138,0.000983560488970072,2019
"{8C246111-EA3B-4E01-ADA0-80257C716CDC}",2019,32,15.1414502958877,179.51329211602,1786.82730310849,0.00449627652100604,2019
"{D71A0480-C2C9-4993-9CB5-E210B418D67C}",2019,19,13.0590144194602,518.945683841942,14865.5801938398,0.00266966418434734,2019
"{A68E0A06-E5E1-4FFA-98DB-98BAF82D57E4}",2019,23,23.0688560369213,233.304282727292,2335.91804770148,0.00323169874947309,2019
"{800C78AE-45DE-4D9C-BD0C-4796000D1972}",2019,8,19.437569515488,378.746181176373,9404.16737922523,0.00112406913025151,2019
"{C7F05DD1-F67A-4BEE-B2D2-0FA066FF22D8}",2019,63,24.0187395307976,146.715253297561,1494.92282206257,0.00885204440073064,2019
"{265A1F07-421E-4D61-A055-90AF5A589D1A}",2019,32,23.56260490958,88.372817663589,548.521188544044,0.00449627652100604,2019
"{716FA6C7-CC3B-4D73-B894-B8A13F2B5A32}",2019,2,34.135679346982,305.473931251284,6438.72165823287,0.000281017282562878,2019
"{F3E415F6-FAA0-4309-A433-5EE32D0D142F}",2019,29,11.1463278701091,167.258367708171,1756.80687744711,0.00407475059716173,2019
"{51F34474-35A1-4267-A470-458F44A6040F}",2019,19,10.981429062611,95.4695015492357,560.58482655532,0.00266966418434734,2019
"{C8739E19-DBF4-4D94-8E46-BE8C95681F40}",2019,19,10.9096632488276,150.288759234179,1306.12827595579,0.00266966418434734,2019
"{BCDBC6BB-07A3-41B3-BEDF-B42993C78E7D}",2019,5,11.9455523744008,169.237207299387,2064.41257636454,0.000702543206407194,2019
"{C51D32B2-B223-4BD5-A99E-36E726415815}",2019,1,11.1651365441297,172.533188628888,1784.10121019024,0.000140508641281439,2019
"{D1AAE44A-13C5-45FE-9F0E-97405DEA736E}",2019,18,10.0728730479971,117.734812287424,904.301405789854,0.0025291555430659,2019
"{37844B3E-E647-4DE7-8738-0FD0BE05FE4B}",2019,19,9.46512787744586,81.7537314006738,503.642087983982,0.00266966418434734,2019
"{183F41E8-73CA-48F4-A347-8557F3608E62}",2019,23,15.4510575684211,103.995993133356,735.929441527219,0.00323169874947309,2019
"{9ED8AA26-6700-4F93-BE6D-079C5A18E19E}",2019,27,15.5063627610347,185.400796115584,2224.91702037332,0.00379373331459885,2019
"{126EA79D-5EEF-420A-8CCA-B07E25D5452B}",2019,25,15.7335585558417,511.212281287179,7888.42408843545,0.00351271603203597,2019
"{37D6E78F-2BFB-4DED-BD2D-903E2EB89A78}",2019,3,9.87785011004516,296.047355117439,5547.69844804366,0.000421525923844316,2019
"{16178C94-26A0-4CC7-A88F-DB4226347BBC}",2019,31,11.3090440758176,214.485954027524,2787.57528944034,0.0043557678797246,2019
"{7B422F9E-FB62-4723-8755-BF708E902426}",2019,1,10.7759467326436,209.25905805561,2655.00908408403,0.000140508641281439,2019
"{52ADF166-C3D7-4216-8379-B77169A56E56}",2019,25,8.7480491879513,232.093273657246,3551.6293114221,0.00351271603203597,2019
"{D014341A-2F95-4FB1-9F22-C1CFD59A7D90}",2019,12,8.73581085037329,181.007645257934,2390.14313451762,0.00168610369537727,2019
"{53733344-C625-4E64-8BD6-EEEA8E1F6ED4}",2019,25,13.3029318842828,374.765512652879,5262.42548395004,0.00351271603203597,2019
"{0CC92B98-E8CD-494F-86AB-2DDAD9F61D9D}",2019,6,14.4875732423146,101.662149918052,754.97965929213,0.000843051847688633,2019
"{332FB728-5740-492B-9444-C9345DD4C108}",2019,30,8.39544571455383,167.633598528942,1604.49374470724,0.00421525923844316,2019
"{C0F6C8E0-1682-4C28-B249-84DF69833D95}",2019,27,10.641770811282,184.257098684284,2261.11701130312,0.00379373331459885,2019
"{97BD6CE4-D87F-4229-8557-40DCDA8D4E75}",2019,8,9.1604970791729,394.300968654519,8243.57312038199,0.00112406913025151,2019
"{5871D1FC-58A2-48EC-B316-37FAC1ED92B6}",2019,9,4.06474553555828,292.553525647347,6551.32102061849,0.00126457777153295,2019
"{FB6DC807-276B-43AF-A4E5-660998F69025}",2019,29,9.82833027006671,131.804380885078,1196.44560467736,0.00407475059716173,2019
"{619B8669-7923-4881-85EA-AC807C300C26}",2019,22,9.44073468404581,175.256647942799,1569.17659996768,0.00309119010819165,2019
"{0797D523-5E51-4235-BBB8-CAD70A47751E}",2019,5,7.09342596872731,88.0123010716675,553.229493360191,0.000702543206407194,2019
"{9DA906D3-4D20-4591-A182-262FBB864A95}",2019,1,9.56097094802587,143.583569754701,1212.99558853786,0.000140508641281439,2019
"{E5634CCF-3E99-46C5-B439-F1B3D9F1F08F}",2019,13,8.67642035308402,596.208420589004,10837.9208290168,0.0018266123366587,2019
"{D3FE12DC-4A11-45F8-BE30-29CE063CDB77}",2019,1,2.31900179249878,231.539794121692,2889.82652752028,0.000140508641281439,2019
"{90076B4F-0620-4D00-80E4-D16B8B277823}",2019,12,1.99786556787442,232.74624045945,3552.29517735253,0.00168610369537727,2019
"{615CA8C9-23BA-42C6-B07D-77E240993B02}",2019,5,14.2047937810959,224.158204396375,2448.00591986084,0.000702543206407194,2019
"{84812613-B759-4D83-A44C-C7FED33B7508}",2019,26,1.41498462330597,256.082837408445,4369.78868747844,0.00365322467331741,2019
"{A3A533F7-5A98-4B9D-884A-427AC999CAD9}",2019,1,3.49534752210884,238.219598528327,2366.76293395214,0.000140508641281439,2019
"{9F056F1F-1C17-424B-A8E9-AF20EC86D5EA}",2019,11,4.1540504122349,77.201207025699,439.631235330609,0.00154559505409583,2019
"{C64D0822-044D-4692-80CE-258F84C1738C}",2019,1,3.63858941534881,204.154899106293,2905.75840634919,0.000140508641281439,2019
"{1A6C3903-A7B1-49F3-A2B6-C678A4334CB8}",2019,1,4.71518077733726,111.308786524474,739.414450150029,0.000140508641281439,2019
"{C65FC1A5-6D13-42E6-AD50-ADDDCF0619A9}",2019,1,4.87676236806035,69.3718458756277,347.756446227785,0.000140508641281439,2019
"{CBA13D98-EA6C-48D6-8C18-56153D582534}",2019,5,1.33345957954301,281.456018172446,3060.17565336429,0.000702543206407194,2019
"{3FC67320-598C-4999-884D-3EE3C1B13C8F}",2019,19,0.709779609174114,101.488007987884,719.932122013813,0.00266966418434734,2019
"{BDAE62FA-5C3F-4F13-A37D-3AD81A0E2DCD}",2019,23,13.632794083397,232.740184614748,1778.87177124204,0.00323169874947309,2019
"{C4B8DDBB-69BB-4B65-96F4-3E7D19E61197}",2019,1,0.653601536879413,229.941674761759,2699.00601276777,0.000140508641281439,2019
"{0228A5E8-E3FD-4832-B0EC-91F4B142740C}",2019,3,3.57423759267013,143.519267072698,1436.39483225216,0.000421525923844316,2019
"{1752FB37-E7A2-49C7-B3CB-913B7A85BC94}",2019,1,3.47855151748849,130.282721914234,1238.01777100638,0.000140508641281439,2019
"{CF2AFE34-AB7C-43AB-803C-8A9A573308F4}",2019,1,3.33170526842866,196.381820720134,2177.30214226504,0.000140508641281439,2019
"{726F623A-62B1-4BC0-B1AB-433B2486817B}",2019,10,3.68581095676363,74.314665435364,334.241859399522,0.00140508641281439,2019
"{425DEE20-E58B-440B-B69D-533E1DE865E1}",2019,17,14.1575484404782,239.847209686228,3176.93845463211,0.00238864690178446,2019
"{E44BE411-F075-4DA4-ABF6-AD3815B25E31}",2019,15,1.6119046776971,234.030649385748,4093.96511215279,0.00210762961922158,2019
"{E68E021E-BA27-484F-B638-0F7891FC22A4}",2019,1,10.194009731723,216.121272201725,3262.42689790248,0.000140508641281439,2019
"{1F32747F-C125-4034-A83B-9D2B8A08F7C3}",2019,16,14.1311380179359,98.6414788772596,735.882436935538,0.00224813826050302,2019
"{C48BE4F1-9357-47AF-B725-CA23630A873F}",2019,14,0,291.247467685165,4678.75916957019,0.00196712097794014,2019
"{D26984CB-E04D-445D-B836-0F318256A4BB}",2019,1,5.20441935062739,143.704936157656,1444.85517285126,0.000140508641281439,2019
"{177055FE-5577-46FA-87D7-77177E118E1B}",2019,1,8.4915028092743,282.743190805364,5725.72936212317,0.000140508641281439,2019
"{CC0A981A-2E0B-4B19-987B-F42F18B38DDB}",2019,1,12.6598363054159,91.9386376277304,525.228564128878,0.000140508641281439,2019
"{2C99296F-95DD-4DE4-87C6-128874A29DFC}",2019,1,12.6949918081395,153.569792401649,1419.62435467707,0.000140508641281439,2019
"{D98808BB-6EBB-465B-AAE1-05DBBD769E0F}",2019,14,7.8349520279115,72.5019745947833,342.713767175341,0.00196712097794014,2019
"{8240D950-DCE9-47D7-9319-1E4F2CBF9D3D}",2019,17,13.618778242468,163.410372281539,1725.7614689675,0.00238864690178446,2019
"{FD7889E6-C97A-4D65-A816-4D1E9AE7092F}",2019,8,3.06664326144859,62.9548843315501,270.306551296328,0.00112406913025151,2019
"{81768CD5-E63D-40A7-BE36-A8B3043EC2DF}",2019,19,3.30177117776004,145.639286891937,1109.68987922122,0.00266966418434734,2019
"{124AAD8B-6ECA-4E03-AA6C-6FA5E2D9B021}",2019,5,2.59188385748678,414.557519968175,6237.64789221894,0.000702543206407194,2019
"{DFA12CEF-6BBD-422C-B040-8949D9EBEA36}",2019,4,5.63735857234199,197.526229953031,2736.39241865085,0.000562034565125755,2019
"{618D47E6-237C-4EB6-9A83-7E83B1D692E3}",2019,16,16.5070258063163,97.4347326506688,681.443460207297,0.00224813826050302,2019
"{27A14806-E7CA-491A-A592-FDE33F9626A6}",2019,9,3.61064638030701,229.69554412135,2274.47787327117,0.00126457777153295,2019
"{ADEF17D7-1CFA-4A5F-BA74-669CBE340D73}",2019,3,3.9715138209247,142.858105659607,1152.75013713611,0.000421525923844316,2019
"{C5BD259C-F39F-4BA4-B4AF-FAC4935A1169}",2019,3,7.1632578239153,223.614388224583,2737.93115731545,0.000421525923844316,2019
"{40D24555-3075-4458-8D1D-3CF1CCA49026}",2019,9,6.37380747769783,282.685110648876,5336.08049447584,0.00126457777153295,2019
"{FBE4019A-930C-4C8D-9EB0-D5A783AB3275}",2019,1,8.68970568294192,138.100047674394,1178.0790509962,0.000140508641281439,2019
"{225032C0-FEB8-41F5-A831-C22CA6CAE7D3}",2019,15,8.71014288067803,103.402936989412,760.849089417386,0.00210762961922158,2019
"{92FA9D8A-681A-4A24-9CA9-35BADE33852A}",2019,1,8.14054766728628,155.682204396055,1019.72661354873,0.000140508641281439,2019
"{080E605D-5538-4961-AFA0-44345209E949}",2019,1,8.85036881370194,65.363100180316,293.762296179419,0.000140508641281439,2019
"{E4BE5FE1-CA5E-43B8-B531-B29C79D017F0}",2019,1,17.5946876051296,223.584812555508,3331.89217116613,0.000140508641281439,2019
"{9215299F-1DE8-4F17-96EC-C614EB5E98C9}",2019,21,7.78479760372123,150.744022920925,1319.66612847575,0.00295068146691022,2019
"{D3C84FD7-D244-410F-8BB4-41A6B1F8FE0C}",2019,1,12.1125364881996,169.380978535349,1306.4382974416,0.000140508641281439,2019
"{4A03CC1A-FA23-497E-875F-5FF14FBBE78E}",2019,6,9.9173251152649,111.305629731528,841.403330894301,0.000843051847688633,2019
"{22622E88-427B-49D6-8222-C69845DA781C}",2019,13,9.0124056041464,153.986746194387,1510.46257387946,0.0018266123366587,2019
"{19BCC625-6FA9-48FC-AF9C-BD1967FC1036}",2019,1,9.0907831717884,217.193552276259,3361.89402482811,0.000140508641281439,2019
"{7085DD58-B70A-475E-8D7C-A83CF45B656D}",2019,14,9.15807229105775,160.198464567773,1363.54013299125,0.00196712097794014,2019
"{DB35C18C-BC02-45F8-88D2-7F4EB01C2B5A}",2019,14,9.18906125560725,91.6847587114363,590.591100519959,0.00196712097794014,2019
"{6A855048-A35A-4BF7-9C5B-200C84BF084E}",2019,12,9.24321313384016,237.845733691431,3499.60362844849,0.00168610369537727,2019
"{569E2A45-55FD-4EF7-89F4-85F95812E6AF}",2019,1,9.59583627240699,240.278404635859,1641.25103870134,0.000140508641281439,2019
"{22B31B4E-6CB4-4E2C-988A-E64784BC0275}",2019,19,9.29872533731366,128.945225919964,1018.31533902616,0.00266966418434734,2019
"{8C2BE55F-99A5-454C-A5D9-A67DFC2465C2}",2019,1,9.71790800278321,151.859096326048,1132.73088653047,0.000140508641281439,2019
"{CA7FAF6C-D23B-468E-95C9-9C16392027AE}",2019,1,9.67699737721215,258.402460633443,4614.05804257066,0.000140508641281439,2019
"{F33A3752-9B9B-432B-AF79-68CEFC9F1759}",2019,30,9.58115952279907,297.069830115779,3793.94290522133,0.00421525923844316,2019
"{8407E65A-571C-40BD-BB2A-7B47525A5F0C}",2019,30,9.9787681647284,151.034813211375,1472.51249392943,0.00421525923844316,2019
"{82BF1DCC-BA64-421B-8DC0-65921F7ED735}",2019,6,10.5617989158171,75.3869713348934,415.219174267101,0.000843051847688633,2019
"{CC6F048C-C96A-4FB3-8B7B-69754EE00131}",2019,6,10.7178492238866,102.256748232565,691.508587964981,0.000843051847688633,2019
"{E369DA7B-58CA-41F9-882B-2032D4332612}",2019,6,10.451841369946,170.540459592385,1559.9072512857,0.000843051847688633,2019
"{6A3F90CA-1C98-421B-8653-1C6DF8B7D605}",2019,23,10.6685038886259,263.239892507972,1356.54851937611,0.00323169874947309,2019
"{DDE7A154-8A77-433A-8AAE-C3455BFDEF0A}",2019,11,10.8920240813285,226.326327523567,3033.43124740296,0.00154559505409583,2019
"{65C9415F-27E0-4DE8-B162-0A09C17B9D2A}",2019,1,10.9553616005312,199.940717474167,2400.94031079352,0.000140508641281439,2019
"{10CAFEF2-4FA2-4C20-A956-39D93969982D}",2019,8,14.2502520850921,195.569091015004,2720.3467619039,0.00112406913025151,2019
"{231A248C-93C8-4C3B-8A22-86DDBB3C3DD4}",2019,6,11.196388636287,135.272464289037,1380.61206659781,0.000843051847688633,2019
"{DF9A9CF1-ED30-406B-AF8C-D8D62978049F}",2019,29,20.0555050454376,336.881654327032,6673.68699337214,0.00407475059716173,2019
"{54BD6B9A-E48C-4140-A7BF-89FAF7B59B47}",2019,16,14.3315736442068,63.2693065283845,294.279670349751,0.00224813826050302,2019
"{2E142AEB-33A8-4931-8F70-29A4461C90C6}",2019,4,14.3144369352622,83.392419771294,477.640896463456,0.000562034565125755,2019
"{B7C0FE9A-4021-4CA8-845C-89391F804AC3}",2019,6,14.3106589841186,139.3270041356,1284.51712083365,0.000843051847688633,2019
"{B0A187AD-E47E-4B6C-B234-C6D4127A6384}",2019,23,14.3866576929662,74.5239612861773,335.251754755007,0.00323169874947309,2019
"{BD192B15-C567-4864-B6CD-8E58A03570A7}",2019,11,14.3515025538874,66.6786377224034,265.302843940542,0.00154559505409583,2019
"{32A2F5FD-43C9-481A-993F-2A301EA25014}",2019,8,14.3638055432967,66.6781994658111,305.765130194888,0.00112406913025151,2019
"{1AC701A1-E7D5-4CB4-9D27-52057FC00710}",2019,8,12.4834309727886,205.111050555214,2147.08832925417,0.00112406913025151,2019
"{2F99F2F0-8CEB-4929-AB50-B3C1F89F08B5}",2019,1,11.150004476318,1759.08227954535,80881.334315703,0.000140508641281439,2019
"{2B605A80-38E1-4303-944E-DAD0B7D951CF}",2019,7,11.0070066684715,3185.47898038005,174186.503794427,0.000983560488970072,2019
"{0714AD51-9EA7-43BF-B928-29F71C914FAE}",2019,8,5.61129651148339,3169.62912125655,207525.154414727,0.00112406913025151,2019
"{01D0719F-E9A3-4DF1-91CE-DF6A65175E29}",2019,1,0.228401228807588,6243.9562447241,285348.719135381,0.000140508641281439,2019
"{7F51F347-A33D-4241-90D3-53969AC630C2}",2019,4,13.9613567591245,128.767585284013,1150.60660027157,0.000562034565125755,2019
"{8733EDC2-7240-4064-9271-980E76C3F41F}",2019,9,14.5047563472297,134.639124058992,1056.69557486799,0.00126457777153295,2019
"{345A6D48-F574-49ED-BA26-E8949BFAD568}",2019,6,19.4490034462339,128.326878207579,997.092879052978,0.000843051847688633,2019
"{CB8DEC4C-9827-4EC4-BDC2-10B0E04A1B17}",2019,10,15.3932000461436,260.35847497593,4235.5770696561,0.00140508641281439,2019
"{DE949D8D-F04B-4DBF-B8B2-2F8C7DE9C587}",2019,2,6.32300035925774,281.005150175514,5808.61759659323,0.000281017282562878,2019
"{8E9E8D4C-C7DD-43CF-840F-70B6D82557C5}",2019,12,16.0267832059723,114.001287375932,824.839075008545,0.00168610369537727,2019
"{C0FBFD7C-A473-4882-94D3-00828F7837A1}",2019,12,5.930258337575,117.003014051634,977.316181223272,0.00168610369537727,2019
"{A7F1606F-6C75-4867-B101-4D2F51C92793}",2019,13,16.1143354199595,117.113027879932,800.855220950399,0.0018266123366587,2019
"{822C2A38-5975-4D5E-9520-D7DD7E5FFCBD}",2019,13,16.1473305130702,135.593002397374,805.842952121113,0.0018266123366587,2019
"{9464C4D4-9CFC-40E6-B6C2-D8ADF2A51F0D}",2019,1,17.6220711488413,191.714988313283,2269.84188027396,0.000140508641281439,2019
"{15D7FF11-5EC9-401A-B7F2-236B1CAAD6B4}",2019,1,17.4636138006929,134.255893195939,1173.36480420693,0.000140508641281439,2019
"{44BCE1F6-00C8-425D-9C99-A519387D00B0}",2019,5,5.60634477808859,159.043841778709,1703.37442101963,0.000702543206407194,2019
"{692FF38C-6ECB-4C8F-AC49-2E52952F4B6F}",2019,42,19.1093741981201,139.966052264946,1167.46143067299,0.00590136293382043,2019
"{2D2BE42A-0AAA-48EC-959F-E50A7E4B7EF1}",2019,1,6.88655814012626,112.512589483733,958.34309069286,0.000140508641281439,2019
"{08F9724E-0731-4C6E-966A-85A193E91B02}",2019,2,21.1402420673692,187.134922989325,2351.45131287476,0.000281017282562878,2019
"{F66DD259-F987-4E1B-8C4E-159A911A4666}",2019,1,18.7320414498223,156.824689178518,1374.75962588238,0.000140508641281439,2019
"{4770137D-3E35-40B4-B03D-57175D5C429A}",2019,6,3.47763219787991,437.296094581845,6669.38464462835,0.000843051847688633,2019
"{5466A6B3-67EB-4472-9DD5-2C1EC6026ECA}",2019,2,19.2908155211906,94.9632862444821,669.869619374938,0.000281017282562878,2019
"{DE86F1A6-9B12-424B-A4BB-05379F326516}",2019,1,4.96242266347625,288.748728198907,3968.98865164409,0.000140508641281439,2019
"{61851190-304D-4CD3-A2E1-8997462CA719}",2019,8,19.4014161721718,111.7538624282,887.159354487324,0.00112406913025151,2019
"{7C5541A0-9504-43BB-B2CC-BCF89E798A44}",2019,1,21.6863367708828,108.585855112771,804.796739220147,0.000140508641281439,2019
"{1BF979F0-14BD-4741-BC06-4DD8B9021E4A}",2019,13,5.31993815650354,120.380383403484,910.009413886452,0.0018266123366587,2019
"{16A89333-0500-4B98-8F51-D4248518C595}",2019,7,7.38553758593542,159.507306621562,1193.27626513985,0.000983560488970072,2019
"{71C89C21-FF4A-46B2-B22A-636D96706792}",2019,2,16.0973286697505,219.701383126917,3337.38388081517,0.000281017282562878,2019
"{524C199F-0966-42CC-885C-FA645321DFFC}",2019,1,21.4417658578276,216.299679860559,3052.76355355046,0.000140508641281439,2019
"{20DA080E-8FD2-4524-A205-D5C02E382352}",2019,1,12.6593870253481,261.997183711182,3778.22037776991,0.000140508641281439,2019
"{EE6709F3-59F1-45BE-95F8-39A018BFB8F6}",2019,3,12.5310833506379,172.234089061974,1581.95647810326,0.000421525923844316,2019
"{6CF58C9B-B7ED-4CB0-A1E5-2E33241872DD}",2019,7,12.6380277872092,71.0788635966733,344.397736797579,0.000983560488970072,2019
"{9CE0B7FB-0BD8-4D6A-AD4D-B1DC0689CE16}",2019,1,23.0817716701204,1521.59920968742,124251.515658973,0.000140508641281439,2019
"{5AB7BCF8-5FC9-4CE9-A30C-2A137939AED6}",2019,1,22.2469403226615,1178.01928499789,82701.9239128435,0.000140508641281439,2019
"{A6843183-F99C-4044-83CA-0D7C43A1DEF6}",2019,11,17.4531049712996,154.171140437842,1444.92322760673,0.00154559505409583,2019
"{6E58A977-0D6B-4BFB-B339-5D550CB3C35C}",2019,6,15.6477859649004,746.951077703642,13958.3296470797,0.000843051847688633,2019
"{F4FFB282-839C-4309-BBED-00CD7CDF53DD}",2019,8,22.9474744121008,65.9072595769653,274.065176425825,0.00112406913025151,2019
"{FAAC4ACF-74EF-4CFA-9C2F-BAF0EC1F8E4D}",2019,2,25.765528026851,1655.1214650054,131532.075559277,0.000281017282562878,2019
"{5FE8D929-BCA6-435D-AC26-5F986239205A}",2019,1,22.7990594079578,970.964605762054,49694.2069545708,0.000140508641281439,2019
"{14C8A1D7-24E9-423E-9D4C-1F3D3FB20C42}",2019,8,11.8460386023013,112.692166875526,847.814096199536,0.00112406913025151,2019
"{380715C3-75C2-46B5-8E59-D83049118A83}",2019,11,4.18228291121315,196.927880449894,2126.96381200363,0.00154559505409583,2019
"{614FF838-A60B-48DF-AC80-63F013DB909C}",2019,1,1.59022119788016,326.5444962138,6209.15612597975,0.000140508641281439,2019
"{30AE899F-5BC2-4774-8E85-7FA6C521C7F3}",2019,1,8.43774406920856,2127.77719535545,76133.8213018471,0.000140508641281439,2019
"{EA93139C-9B11-4258-81A8-1D982964B8D4}",2019,7,11.1507697862493,1985.12381315496,225129.530821101,0.000983560488970072,2019
"{1774877E-0303-49BA-BFBB-0B8ED08D8F5B}",2019,6,7.55642449671538,179.417896891413,1650.20559797012,0.000843051847688633,2019
"{5E161026-3E58-4A64-B630-47E9B3FB40A6}",2019,15,17.4283268172544,255.089794312867,2054.26221431757,0.00210762961922158,2019
"{38924665-6C52-43E2-889B-7735711F2C2E}",2019,11,17.5081621973557,201.436009665755,1276.92939718689,0.00154559505409583,2019
"{4D5CA702-D3BC-4DC1-A46A-8D7C24F36860}",2019,14,17.5299482046913,55.7255956288661,230.047685183422,0.00196712097794014,2019
"{2CFC9B34-9E3B-4C2D-BCC8-17B6046E3692}",2019,6,11.192030407869,196.595602635826,2674.66934946899,0.000843051847688633,2019
"{776756E8-3315-45F3-886A-7147C1D2EAFD}",2019,2,14.2450809149151,89.8625885108019,591.800638797234,0.000281017282562878,2019
"{8CA477F1-9987-4E10-98A7-E0DC8C9B85A9}",2019,1,14.6998332329811,156.221123782977,1625.91346163643,0.000140508641281439,2019
"{47929197-46E7-4270-AAE8-865DBB1C11A5}",2019,1,14.2235029652058,215.1953570823,2251.67761784002,0.000140508641281439,2019
"{8C23CF20-9D0A-4C3D-966A-6DDA98BA0FF0}",2019,5,12.6233772715201,268.96727381843,3026.02575498184,0.000702543206407194,2019
"{5C3752CE-D0A3-4261-85A5-9DE67EEA8F1F}",2019,16,21.3280866181985,243.339494389031,3736.55030781851,0.00224813826050302,2019
"{C661A4CD-6225-449A-97FE-FF28EB58C359}",2019,2,23.8767939461239,167.129938153143,2018.05533395718,0.000281017282562878,2019
"{45614B07-B9B3-426C-9391-5CBCAAF9B332}",2019,1,21.1921472097173,126.915804520623,756.620305494421,0.000140508641281439,2019
"{CB0E3CDB-F0BC-4CFB-8E1A-6B1100FCCD69}",2019,3,16.0649729085264,223.82295766737,3277.33531401074,0.000421525923844316,2019
"{A0D9A7B6-08EE-4E6D-B27A-3A49686D325A}",2019,7,2.31192662905593,254.073280262504,3610.5757071723,0.000983560488970072,2019
"{D7751B7F-AE8F-4305-BFE2-9DAC2A0B3B8A}",2019,1,1.99209881578859,1163.52335231613,47517.2078528776,0.000140508641281439,2019
"{E7B676BA-62C3-49D2-B65D-9C4C42EF9B0B}",2019,3,2.39787941182878,386.920453306399,10455.9068491196,0.000421525923844316,2019
"{12AAA374-7499-4B5D-800E-359C86F321D1}",2019,1,14.4107398143894,238.995482357304,2599.47105970876,0.000140508641281439,2019
"{0D878674-3B9E-4524-A29C-36955CB9E990}",2019,13,11.5787222322944,194.940626796078,1954.65979843535,0.0018266123366587,2019
"{87F87F78-C460-4C36-8D91-BF21F803D6B9}",2019,10,11.5463154608756,146.910660228324,1455.2701169886,0.00140508641281439,2019
"{C5E82880-2DE8-42C9-8D83-1B6A8374EE9C}",2019,11,11.2422921877603,199.919264099187,2237.05291242698,0.00154559505409583,2019
"{948E070E-EC93-48E0-AC62-B2795C74F12E}",2019,2,10.8839983642532,205.738592785653,2733.51199013948,0.000281017282562878,2019
"{DE8C457F-1A30-485B-B6C7-3C7A1AEB45B8}",2019,3,10.3660393307904,1634.54671686665,55786.4168153547,0.000421525923844316,2019
"{EF0DC331-4EFC-4DEB-A50F-52F6E4CD1005}",2019,9,10.7837112195546,421.812051628111,8788.05607614949,0.00126457777153295,2019
"{D197F7DA-001F-4A84-9E25-402CE017FFF9}",2019,9,9.39206404339812,147.434418939561,1429.19698625932,0.00126457777153295,2019
"{C508FA05-A30A-4E9E-A0A2-8E633FB3FA26}",2019,5,10.8816501735564,381.165902055611,7844.68358358921,0.000702543206407194,2019
"{D56B7F54-418E-4B25-85A2-01603156072F}",2019,2,9.03923090892061,317.942686271111,4188.41689208407,0.000281017282562878,2019
"{26482C19-E1A0-422E-A79B-FF3EB35F1F98}",2019,2,9.0164490436077,128.987840703934,1018.27468677673,0.000281017282562878,2019
"{C3C52CA2-86FF-49D9-8A74-DB8D61C9C0F1}",2019,4,2.7054558695067,219.36815735747,3369.17926830716,0.000562034565125755,2019
"{90FD44CA-6EB5-4D45-9D6A-27876A15E7E0}",2019,3,1.99208974024926,140.475048209504,1387.1314612509,0.000421525923844316,2019
"{C269725B-4891-4A76-A20F-C2F5C11EC79A}",2019,2,13.3273093778247,110.828777357249,882.199757012632,0.000281017282562878,2019
"{343D2389-3649-40CF-905C-28B9D49C63A5}",2019,2,12.6979722563882,334.402535565565,5737.62756167388,0.000281017282562878,2019
"{A0BFC897-0200-4635-BC08-3586540A45BF}",2019,1,13.547767213636,408.74573567275,8806.861035276,0.000140508641281439,2019
"{5A81535C-D16D-4A93-AA60-84A89E3E5557}",2019,1,12.3265456957386,474.956291665303,10170.6194270224,0.000140508641281439,2019
"{51F3B091-8994-4621-89FE-FF69AEB99B37}",2019,17,17.2369396172429,271.971716082864,4370.3062225183,0.00238864690178446,2019
"{D19D9AB6-C2FC-4164-9A5A-1937AD0F58E2}",2019,1,28.1025292024415,1229.12351133178,100507.822168478,0.000140508641281439,2019
"{C24452FD-42DC-4CAF-944B-B19F2F60D4AC}",2019,1,28.730797657167,231.287234806215,2342.90643443647,0.000140508641281439,2019
"{C1A19C7C-5177-4E5E-9381-4639FA1DD1E6}",2019,2,4.9566902864037,5213.01469523597,246816.226425677,0.000281017282562878,2019
"{731CDAC7-A9BD-4C59-93FD-D33A2AA332C5}",2019,5,3.18825347021317,294.831640393092,3977.0092437266,0.000702543206407194,2019
"{E997B26B-087F-42E8-98CF-113129A96F37}",2019,2,22.5673687440265,113.771678548455,930.356577525203,0.000281017282562878,2019
"{2B61CA5B-CC56-4A63-9D29-09C8D82FDDE2}",2019,2,27.3564038326826,1941.0341390757,195578.728757073,0.000281017282562878,2019
"{CE2D81FE-2ECA-486D-BA13-180F9A5ADD7D}",2019,4,16.540573812243,31.4161979881418,78.5320597368092,0.000562034565125755,2019
"{87B094C2-CBC5-4638-BFD5-1E70331C6875}",2019,8,3.14284715907072,31.4173915715871,78.5371281779244,0.00112406913025151,2019
"{FFC6B85F-C2F8-4E56-A0C5-A820F4733D25}",2019,3,17.4984341106159,75.0381044332931,448.066818510049,0.000421525923844316,2019
"{88C6A356-2E47-40D8-AA94-F0717293FAB6}",2019,42,12.5300675831731,35.0176156708836,97.5780338329422,0.00590136293382043,2019
"{53ABCEF4-5EAB-447A-A668-6BCBF24E9E51}",2019,1,4.34658070531248,31.415773439879,78.5370107841684,0.000140508641281439,2019
"{6C17D8F8-36AF-4EBC-B5E3-7398CD72AB9B}",2019,1,3.46166144648341,31.4157836207987,78.5370622898453,0.000140508641281439,2019
"{2ACFF79F-E4CB-421B-8570-2C719108A3FB}",2019,8,16.2736902871687,31.4159806832865,78.5380552985343,0.00112406913025151,2019
"{AD739B05-6F09-4BCD-B0AD-4775FC2E50FE}",2019,3,22.1982214398841,31.4158048131927,78.5371745314466,0.000421525923844316,2019
"{212A083E-2D48-4FCD-BFC6-72A6D262C22A}",2019,3,22.210162852821,31.4158019017278,78.537160825329,0.000421525923844316,2019
"{4720472F-F109-484F-8EBE-05A587473583}",2019,19,22.9143730428549,31.4158261437948,78.5372735379156,0.00266966418434734,2019
"{79003B70-8B5F-481C-9D67-6248B8B8B810}",2019,1,22.5301025995495,31.415815301973,78.537222958278,0.000140508641281439,2019
"{6655A9DF-32D1-4E8D-9A00-AAEB37664D78}",2019,1,23.1984481184464,31.4158080107407,78.5371885383914,0.000140508641281439,2019
"{96633D2B-6A61-467A-84FF-A68000C76BD7}",2019,9,18.092351891669,31.4159567094713,78.5379360503502,0.00126457777153295,2019
"{2E036032-488A-4150-A6E5-BD4116A6315F}",2019,3,12.5502953273779,31.4157916642803,78.5371133089176,0.000421525923844316,2019
"{0C788BC5-8B07-4701-828E-296790FB1845}",2019,16,10.4103481210804,31.4157628238929,78.5369672303005,0.00224813826050302,2019
"{E21939DC-80DA-45CD-9DC3-C74516530A87}",2019,20,22.6660874483863,31.4159596711914,78.5379467951559,0.00281017282562878,2019
"{05753CA8-6082-4C30-941C-CD99A10B783A}",2019,54,23.0198186627851,91.0469659295764,631.568682400499,0.0075874666291977,2019
"{23951B28-97CA-4DAA-B2C1-A99AD97A6EC6}",2019,14,10.8369852426366,48.2499863553541,185.256487089841,0.00196712097794014,2019
"{1F6AC3B5-F1B8-45E6-86E3-0FDD4406B47D}",2019,5,6.12718402595696,27.5627176964181,60.4534183349276,0.000702543206407194,2019
"{D7E69C66-59AC-47C5-A8CA-A5914A9D3FE7}",2019,3,5.96489296266898,50.2267018901655,200.241941656119,0.000421525923844316,2019
"{539627F7-C5ED-4803-A027-E983F94BA732}",2019,14,6.91376910026485,166.469790872059,2202.47608107135,0.00196712097794014,2019
"{5F258D40-6EFA-4E9C-9AAD-710AFD9C064C}",2019,16,7.02780814617721,117.447014854271,1095.72207377737,0.00224813826050302,2019
"{2C87FD31-486D-49A3-9D9B-69902F1CB4B7}",2019,20,3.50201899445272,215.853461850241,3704.1038767273,0.00281017282562878,2019
"{8FCF503D-0A87-4B9C-B26E-215D5FE54847}",2019,26,8.01356055800407,199.386898906836,3160.29362689321,0.00365322467331741,2019
"{59BF98E3-515E-4DCC-82F0-5BE1501A7997}",2019,14,3.03892869346055,43.8061209841213,152.319435489349,0.00196712097794014,2019
"{0A23DC9E-1BD5-4073-9465-D36D549A2B00}",2019,4,12.630242507161,31.4156470987531,78.5363796464417,0.000562034565125755,2019
"{04AC99BA-8B8A-439D-9F30-C94E2B503D88}",2019,1,12.6586239676889,31.4156930894241,78.5366140894379,0.000140508641281439,2019
"{B2C745E3-F1BB-4CD4-B83C-444629B79F74}",2019,9,16.7979377202679,31.4156663293797,78.536476288768,0.00126457777153295,2019
"{93FD5E9D-79CC-4AD5-ACCA-816D25648A9E}",2019,25,28.8017000643443,31.4156806489614,78.5365544564991,0.00351271603203597,2019
"{59C7B6FB-50CA-4251-8C61-B82D302D95C6}",2019,24,28.822385617737,31.4156632489978,78.53646913215,0.00337220739075453,2019
"{0E6A7DB8-2B97-4FB1-8537-5CD21A6ECCF9}",2019,30,11.4369765437571,31.4156716482834,78.5365020440557,0.00421525923844316,2019
"{BD220D71-A749-4080-AD17-DE148A743E0F}",2019,1,11.7909036931029,31.4156948348272,78.536615886062,0.000140508641281439,2019
"{C8F94968-D62A-45AE-A0B5-DA2E4F669111}",2019,10,5.30411962488833,21.0233397055212,35.1707721323523,0.00140508641281439,2019
"{1098C5FA-331A-4A14-89F4-863B1E04E31F}",2019,6,8.78329793816254,347.106254627736,2642.95061618518,0.000843051847688633,2019
"{7F0A5F96-040B-436F-BC16-B8A146CCBA3B}",2019,8,7.20372810990322,6430.76341317038,604586.261558514,0.00112406913025151,2019
"{A29DC72A-6904-4446-B2D1-3F6B944F1D5F}",2019,6,3.35412242933918,1854.75186570898,76844.52026692,0.000843051847688633,2019
"{F434DA98-B0F8-4295-A9D2-EDCE6788D491}",2019,1,0.997045744582071,21562.1451522343,3974571.46971268,0.000140508641281439,2019
"{A5573B6B-05A2-4814-84F9-1F8C8734AF66}",2019,1,15.7647420735788,1228.24383343659,46175.0080449109,0.000140508641281439,2019
"{66A996B2-EC4B-4DAB-ACB3-39006C3DC898}",2019,30,13.1733571506509,106.797609434739,831.877911674724,0.00421525923844316,2019
"{8D9EC70A-3BE5-45F0-919F-595A737DDF4E}",2019,6,7.38514278203612,1709.54311111849,171176.390583858,0.000843051847688633,2019
"{457B6235-1858-45FF-B6D9-D7F092892838}",2019,1,13.2003281573403,1384.84720758495,109054.737605689,0.000140508641281439,2019
"{39E08137-C518-4636-AB6B-D3E8B6F3554D}",2019,9,11.55580961774,3050.79089110706,320917.668226241,0.00126457777153295,2019
"{64119091-76CE-4D69-9C4C-51585E7AE3E3}",2019,5,6.20957189666612,5011.12212675564,334835.083758306,0.000702543206407194,2019
"{B01AA010-BCE0-45E5-9F9F-EF594F8AF620}",2019,3,4.31764866812084,444.321529069933,12927.434266214,0.000421525923844316,2019
"{53C97F9F-D0DD-4773-BD3B-5703C4C2E841}",2019,7,5.18241280881825,2440.25548447,117477.03405767,0.000983560488970072,2019
"{55C55CA4-BFA9-48BF-BE1D-2F8FFDAE3CE8}",2019,1,31.6817550808153,1977.807330218,96255.4658985435,0.000140508641281439,2019
"{0A141594-FB76-495E-9B09-38BBC50AC80C}",2019,15,15.928787219249,1898.46075411846,94094.0917345699,0.00210762961922158,2019
"{6F6FA368-F383-4089-89D4-83514D6A6B14}",2019,4,17.6750948464291,1197.10562761506,76651.1319616453,0.000562034565125755,2019
"{A859C45B-5B2E-4220-A39A-920288D18861}",2019,14,8.63115585618354,1467.94659379575,77883.1686582152,0.00196712097794014,2019
"{26C45D37-13F4-4E7E-808C-23B766D453E8}",2019,15,9.63120815837775,327.327245353796,3424.66018290354,0.00210762961922158,2019
"{01D909F2-389F-4C7E-8738-932F26A34106}",2023,13,26.1010343627757,210.867350687144,2370.62503009892,0.00405742821473159,2020
"{EEEB3C30-A3C5-4635-9A40-75A1E95FB693}",2023,4,25.3298415016757,422.192402083066,10228.5641010608,0.00124843945068664,2020
"{7EBDEFF6-4FED-4A7A-9A31-9E90DD9B0554}",2023,4,17.923171291697,298.043926214638,5742.58997588354,0.00124843945068664,2020
"{32CAB241-9D30-4E29-A94F-3B1C422FC7DB}",2023,1,18.4277648185261,496.514196284822,13762.8730582025,0.00031210986267166,2020
"{4AA6B928-F338-497B-BA73-8D1F32A1C8AA}",2023,3,18.9320531977375,380.256317865698,9243.24581328265,0.000936329588014981,2020
"{51334CB4-D94F-44D0-820B-32A23ACE1146}",2023,4,9.3804242120465,5947.63079998633,1776994.82656006,0.00124843945068664,2020
"{03DBCC35-0507-40D0-81A3-0B28BEE6BBFB}",2023,14,17.1887953645859,242.931645525961,4208.87607370727,0.00436953807740325,2020
"{080F1F7D-6AF4-4504-88E2-6F675C825330}",2023,6,4.40758837391219,3919.76293524915,620108.169323255,0.00187265917602996,2020
"{A723FBF3-DD47-4F6C-903C-F384197EEDF2}",2023,3,9.17752409066451,776.606633176366,42394.3461667322,0.000936329588014981,2020
"{60AE1A8E-67F0-42CF-B9F9-638BA68F055B}",2023,5,4.2902379961591,663.725419584316,30497.5683071722,0.0015605493133583,2020
"{3B216ABF-35C1-4E15-96A2-B1F1FA4044B6}",2023,3,4.712728176551,935.746757965464,59289.6964180498,0.000936329588014981,2020
"{3131A3A9-E5F1-447F-B79B-53C63A93712D}",2023,1,4.87799195821058,106.82914894258,593.946428833932,0.00031210986267166,2020
"{1C172E5D-919A-46CC-BA89-76EA227CB0E2}",2023,2,4.89237568430577,124.159794419347,657.442293978311,0.000624219725343321,2020
"{9A91DDBA-683C-40C0-A447-3A2BA0D58041}",2023,4,23.8778380009772,97.6953715600195,569.058863268408,0.00124843945068664,2020
"{2A3AD5AE-ADA2-40EE-8EA5-9535D104F462}",2023,14,6.30452116834194,1043.27814873311,45511.1746232489,0.00436953807740325,2020
"{0D422F28-EB9C-459F-AA79-6AE6F48A0982}",2023,1,19.5124664535837,3614.49945694781,343572.696841281,0.00031210986267166,2020
"{4349DCE6-4736-49B3-A77C-85311426A718}",2023,2,6.53952063920967,424.54835200286,10649.3786511305,0.000624219725343321,2020
"{D43E7173-C4BA-4AE3-B014-7C2BD429BC50}",2023,2,27.3882505618376,2062.30246733292,157003.6566094,0.000624219725343321,2020
"{BBD64BF5-D42F-4C61-8BA9-658878A6AE3F}",2023,6,7.32642272185976,378.4407582753,9639.85590786541,0.00187265917602996,2020
"{072ACDA7-06EF-45E3-A21E-4195409D2B53}",2023,6,5.85456480321036,298.416208508674,5143.29634579226,0.00187265917602996,2020
"{D6E1382A-CABF-4996-86E2-455A236B5F4F}",2023,1,2.82903981095877,401.541281158708,9563.64299452339,0.00031210986267166,2020
"{04049099-F9DD-4F15-B43E-F2CB822E79B7}",2023,1,4.72761627004525,653.801166549685,17608.1419062196,0.00031210986267166,2020
"{127149F8-4DC2-4472-986C-155B375F2C5D}",2023,8,3.77980628489758,379.342271678564,9677.07245764679,0.00249687890137328,2020
"{89D4474A-3A16-4CA8-BFBA-E7F200B3ACEC}",2023,5,3.35342991807607,357.938871671714,3686.17005359673,0.0015605493133583,2020
"{5FC1F41F-DF5A-48A2-9249-10EECD78DCB6}",2023,2,4.55833187729291,558.00750588682,21824.5191263871,0.000624219725343321,2020
"{5D7EB505-69D4-46A7-B88D-EFAB104A25CA}",2023,18,3.43303678946096,124.055102949381,945.650410407172,0.00561797752808989,2020
"{041E3F03-7DBB-4966-8A22-DDDBC13D3A25}",2023,6,3.44372613996787,471.422703966924,7479.82294037814,0.00187265917602996,2020
"{B4E108AE-8F0A-49CF-9D27-FE77F8244519}",2023,2,3.21275209010356,1012.93956766629,48316.0568453692,0.000624219725343321,2020
"{EDA21BA6-9639-47C6-A33A-99BC4D47889C}",2023,10,3.71488100029839,484.797287273066,15685.0002095328,0.0031210986267166,2020
"{1F30EE66-2318-4D11-A8C0-1B6DE1226704}",2023,3,3.831743501435,221.624233185754,3449.57999309293,0.000936329588014981,2020
"{603EEFA6-92E3-4E00-9A36-472CE1151792}",2023,7,5.7466965853694,495.586092404154,14731.5956040093,0.00218476903870162,2020
"{D985442E-B7EE-43A1-9704-0C57406A5F7E}",2023,8,3.68394619605303,367.025802445689,6442.38582385874,0.00249687890137328,2020
"{767E2644-6B18-417D-8D44-84C699B7951C}",2023,1,4.47932210455921,247.114930649851,2577.16737957821,0.00031210986267166,2020
"{91B9FD21-4F6F-449F-A8F8-34AD5F67F124}",2023,4,4.59801042582145,405.367603410765,10234.4923624999,0.00124843945068664,2020
"{6C99C9A4-6D9D-4D02-B059-4864FA43EFC6}",2023,12,7.53341043981231,397.475613355009,8479.20701846245,0.00374531835205993,2020
"{BA885C5B-8455-499C-AE0C-F75172F52FA1}",2023,12,10.6944824809371,120.799746220798,931.129284542742,0.00374531835205993,2020
"{11520230-0E4E-48FE-82E1-ABD9DB831E9B}",2023,1,6.643164778484,488.743169532404,17143.8421496902,0.00031210986267166,2020
"{E4691C9B-5852-486E-8FDC-8C43027113AF}",2023,1,4.58228196220074,733.653326473363,38162.7787475785,0.00031210986267166,2020
"{B40B2C2C-5115-4CF1-B395-543F42D62E49}",2023,2,4.88153479251104,391.918977680662,9493.60298132765,0.000624219725343321,2020
"{43964FF1-F2E1-4E24-8123-2C942DB3D3D2}",2023,2,4.0341942601776,327.661549240295,5926.33665926563,0.000624219725343321,2020
"{401FD128-843C-4C17-821C-A4C853C0BF06}",2023,1,4.63653152446008,221.918756140526,3230.21651522048,0.00031210986267166,2020
"{EF0ED832-9BB9-41F3-BAA4-B6DAB94C1693}",2023,2,5.16981102473541,349.274344086681,7009.52175224467,0.000624219725343321,2020
"{63178CE5-4A76-4CEA-A574-E75E449B597D}",2023,7,5.69403246779257,442.341473611757,10532.9488137863,0.00218476903870162,2020
"{C13F588D-DAB1-4BF6-B718-CFA30E5F8910}",2023,9,16.6561517750214,323.639800202549,6625.80222861657,0.00280898876404494,2020
"{4A049C6E-98F8-4C74-A3E7-42E7F0B3D324}",2023,2,13.7964805595457,127.784866160089,781.063228804847,0.000624219725343321,2020
"{E8737DBD-1C21-444B-9B13-D79CAD0BEB3D}",2023,3,19.2386841765434,1311.10071806419,67000.6560436663,0.000936329588014981,2020
"{CF772124-322B-48B5-80ED-94A5F03931A7}",2023,1,20.6616463519383,256.497420102831,4158.74502481121,0.00031210986267166,2020
"{C2033C12-F00F-4F93-B7B3-3C28A139FB26}",2023,14,21.2679954139526,437.773012412552,11894.9850184283,0.00436953807740325,2020
"{22159116-A28F-4FF7-A10A-725563C0A0B0}",2023,6,11.4236914627396,152.744410574334,1523.40848005449,0.00187265917602996,2020
"{F32F7CE4-A310-46BE-8B33-D30DE139BED1}",2023,8,22.5125012529227,204.975300872224,2920.29026523008,0.00249687890137328,2020
"{CBBBF120-8D59-4F6E-B1DD-D28548A762E2}",2023,5,26.0667239872825,539.410507458552,15098.9618816992,0.0015605493133583,2020
"{47FA759F-31E9-46FD-937D-4AF03FB260D5}",2023,13,29.1680055934652,228.913576310399,3037.09385283608,0.00405742821473159,2020
"{8FC1A118-B31F-44A8-88AD-23C8D1026AB1}",2023,12,29.7081197907155,391.30108819469,7843.84677892064,0.00374531835205993,2020
"{A4BF00CC-37BE-4DA1-9212-A10118E5D7F3}",2023,17,5.99814901778097,200.19519123539,2641.3610163447,0.00530586766541823,2020
"{216BE2B6-7FAA-4490-8709-4CC62207CF9B}",2023,1,51.1099662542763,281.59935961263,3620.64855786709,0.00031210986267166,2020
"{B4A5DF88-C8FE-4109-8B23-5C9E8DF2BA9A}",2023,2,29.3928975199367,453.89352427207,14296.2459624287,0.000624219725343321,2020
"{3AFE7301-EE1E-4D4F-8D93-A56F2036EDBF}",2023,2,33.8233129064178,589.454402504893,20357.7158106774,0.000624219725343321,2020
"{9CCCDD62-5FFD-468C-A40E-2EE1C182B40B}",2023,3,27.9447474935061,261.673941703733,4150.02682929334,0.000936329588014981,2020
"{039D09F0-C835-4EAB-A3C9-7D9734FCC68A}",2023,10,27.433858388922,188.936074501976,2663.39022850052,0.0031210986267166,2020
"{87597480-38B8-47BE-A3F4-475415CB4EBE}",2023,3,42.9890918838556,905.191920173832,57622.1481271981,0.000936329588014981,2020
"{BD66F589-657B-4681-9978-A8F3DC7DDEFB}",2023,2,43.3339937196961,490.787844836286,15783.8911025366,0.000624219725343321,2020
"{F476989C-9765-4185-8A66-7BD9F8EBDED7}",2023,2,45.4128606625713,312.567224449631,4243.43188838039,0.000624219725343321,2020
"{3DCEDEE3-3945-4DD9-8843-E94A643958B1}",2023,2,42.6249764937952,381.29796965207,10414.0812378479,0.000624219725343321,2020
"{88D54B99-85CF-4C24-8E82-B21EC9864B8D}",2023,15,26.1813450788614,227.097970228114,3593.71185989241,0.00468164794007491,2020
"{7DC43D47-24AD-40CA-842F-890B6E1A7713}",2023,12,41.9561517344731,577.987394191176,21487.0677707033,0.00374531835205993,2020
"{D44D67DA-3DA7-4C80-B07F-014E3D78033E}",2023,11,41.8560358615503,332.52750587324,7413.51440252854,0.00343320848938826,2020
"{844C6B6C-AD6C-45E3-A9CE-08125F36C4AE}",2023,16,15.833758269676,266.130534069098,2957.52351594271,0.00499375780274657,2020
"{B7F9B84A-7F88-4C4A-AE01-E47675960498}",2023,1,41.2608429688563,413.199922094867,11516.430114878,0.00031210986267166,2020
"{50EBCA24-6B78-4109-8D20-88C5C6DBD454}",2023,1,12.5844438613509,459.931815388731,10604.8504404378,0.00031210986267166,2020
"{D178B1C8-1293-4D4A-8787-2E82BD8103A4}",2023,19,13.8429362500769,332.320882169205,4571.07575307596,0.00593008739076155,2020
"{05661E45-74F1-43A2-820C-820A2F120145}",2023,13,13.7017307645054,237.0342195388,2711.90256938787,0.00405742821473159,2020
"{F25EBCBA-AE37-40D0-A733-3B788BE668EF}",2023,8,13.8073775931962,116.938934196986,957.139901581064,0.00249687890137328,2020
"{2403772A-E62E-46E2-BF24-871E06D3B018}",2023,5,18.6628665822103,376.734808128277,6763.78329676393,0.0015605493133583,2020
"{44EEA11D-9FBF-4306-979B-EBB171E19C25}",2023,14,13.1760967689346,132.88418397578,1020.97522442365,0.00436953807740325,2020
"{1400F84B-A3D0-4C49-9416-E59659D0C5E5}",2023,1,12.9816533270073,217.698639207159,2830.43988325808,0.00031210986267166,2020
"{8C30F5AB-E280-4D01-80A5-A05FBB57EFAA}",2023,10,12.8466906175054,349.105659814976,8460.73258743887,0.0031210986267166,2020
"{4605C8AC-5A64-4A0D-9B42-1A4A11155494}",2023,10,9.87449852907118,239.746690681392,3893.82196732975,0.0031210986267166,2020
"{22A0B42D-3E06-4656-AA89-805427FF42E5}",2023,4,6.62327379256325,791.206354921432,23852.4130747586,0.00124843945068664,2020
"{C15C3F6D-B982-41D1-A53A-82276A1EFF06}",2023,10,9.40458411707173,238.124288968926,3186.44598192505,0.0031210986267166,2020
"{5D1532C4-39A7-4CEF-A57E-E842E62454E0}",2023,7,6.82193781229804,1071.11779404757,22593.0835756998,0.00218476903870162,2020
"{10DCCF9A-F126-460A-A3A1-04C5ACA57369}",2023,4,6.93482372521889,210.55655929241,3359.05983719325,0.00124843945068664,2020
"{6ACD554F-1AEE-4365-A3BE-CCF425F6D6AC}",2023,15,12.3513963342046,81.53458695299,491.171833220857,0.00468164794007491,2020
"{BF914A5E-BB6B-4508-9CEC-19A3BF38709F}",2023,2,6.64989719764508,272.536435059018,3548.66274109613,0.000624219725343321,2020
"{69AA3274-9E18-4D9B-ABA9-E4F445E31DA0}",2023,11,2.94349933386587,1169.34455439869,52301.5751309903,0.00343320848938826,2020
"{DD6FB6F6-E0D4-4FC0-B5F7-D9E0D5ECDFE9}",2023,1,0.461531714700001,372.764550125523,9486.75714273238,0.00031210986267166,2020
"{6B58D37E-7FCF-46C4-92A9-E69314FA03EA}",2023,3,5.55662377082692,408.775344058585,10537.5950128892,0.000936329588014981,2020
"{DDAE0E22-2043-4E8F-A662-B1FD40DD69F7}",2023,1,6.6611989404698,281.590603978914,4617.83351346388,0.00031210986267166,2020
"{467EB14C-6A02-4C00-91B7-CAF0BC6031BD}",2023,14,5.94110234741457,79.7219055018672,428.895599001003,0.00436953807740325,2020
"{7E77C0AA-3340-41CB-B3F0-2DFC78B01A0C}",2023,20,3.92975137491187,161.222959392216,1796.0450178666,0.00624219725343321,2020
"{2CC192F9-DB9F-4922-81F8-DCA2906D3D99}",2023,1,3.32905527384129,135.366986713469,1045.13150715481,0.00031210986267166,2020
"{A14885F2-800C-4AB4-A003-A5706F589486}",2023,15,4.80785528023668,104.274532086447,649.424584458047,0.00468164794007491,2020
"{14C05993-AFA7-4159-8665-0CD0CD1A98EF}",2023,3,3.65865626234688,147.984716215788,1170.67656646846,0.000936329588014981,2020
"{AA8D4C86-B109-418B-8CD2-C7A6BDD1F18B}",2023,14,4.84067260102912,114.46726491184,802.068387905193,0.00436953807740325,2020
"{F70097C1-C26B-4063-9A91-C4E1E422B6BC}",2023,6,2.82785141582239,118.242777618454,829.357060204857,0.00187265917602996,2020
"{EBF292E2-AC7B-470C-A0E7-EBE4392E1ED8}",2023,10,2.88079930971251,110.244118596984,814.990992223472,0.0031210986267166,2020
"{AA610037-82F7-4F0D-9D97-5443946F9DAE}",2023,13,1.71970509580493,145.670620400202,862.120963171588,0.00405742821473159,2020
"{374EC277-E349-45CF-BB58-75726AB7F9E6}",2023,4,4.44056982624186,88.8012309494955,576.846223467608,0.00124843945068664,2020
"{5FD3CD7B-B6A2-48EF-B0EA-C28BEEF1642A}",2023,1,3.44281893254802,105.219168712072,648.491838023331,0.00031210986267166,2020
"{A059C690-7448-44D0-894C-680E340C0795}",2023,11,2.72794098234047,141.93970542048,1342.3809721115,0.00343320848938826,2020
"{52991624-FB0F-4A45-9323-9C8060B1C03C}",2023,6,2.57377149989834,98.8683188320646,620.943005105041,0.00187265917602996,2020
"{C5601D83-D967-45C4-BE68-698D9C56D24A}",2023,9,4.70298330873041,100.749952122325,712.711120319416,0.00280898876404494,2020
"{A1C2E7DE-C15C-4DD5-8331-3DF596B9EBE8}",2023,15,4.5902006984969,106.535276393975,631.706834325113,0.00468164794007491,2020
"{E43A05E4-2860-4749-B917-7B38FF2A46C5}",2023,1,4.86356910062575,255.213395245526,3122.79824472363,0.00031210986267166,2020
"{F2BA6A4D-552D-4631-82DD-CAEB7DE347CA}",2023,5,4.70303192349064,76.7557520790371,390.71589947321,0.0015605493133583,2020
"{9BB23CB2-1059-4EF6-8557-1A2AAB72CD1D}",2023,7,2.63434170664488,205.676371457549,2727.3338619176,0.00218476903870162,2020
"{6A91517F-BB06-4562-9F22-7EF365C34FF1}",2023,5,2.64236866733348,181.628178869235,1499.90075224123,0.0015605493133583,2020
"{CF9785FE-DE3F-4625-AE65-52B4CCCA6907}",2023,22,4.44448744147462,99.6655958334518,734.896551348877,0.00686641697877653,2020
"{CEAF3A75-C3EF-46E1-9579-643E124BACFD}",2023,12,4.80410452007781,142.967005179603,927.507096726919,0.00374531835205993,2020
"{10CD36BC-6B37-4B45-8326-438461062D46}",2023,4,7.04984849354197,520.359599785546,12371.2736650629,0.00124843945068664,2020
"{D124BD3D-F070-47F2-ABA5-A3A087358213}",2023,12,8.27161683786268,248.444466845489,2486.85447933362,0.00374531835205993,2020
"{CD160447-EDEF-4BB3-B221-8AD3A30D4C95}",2023,5,8.32205741731692,465.009894404139,5251.71262111508,0.0015605493133583,2020
"{58DCF5FA-B6E1-4733-A1AE-7CE618247B0B}",2023,1,25.8798205394649,191.816392282932,2439.21250775905,0.00031210986267166,2020
"{01B267E6-401F-4556-A353-F456BEE00B14}",2023,3,24.3511857895513,193.239894212687,2371.48797040567,0.000936329588014981,2020
"{9948DD61-EA5D-4165-9BB0-4127FA1A4B88}",2023,4,3.77463895635303,142.41518258223,997.63059769775,0.00124843945068664,2020
"{BF1383D7-8877-42EF-A412-A899A324D590}",2023,17,4.51915118913535,171.878773402113,1516.38146399191,0.00530586766541823,2020
"{F5B32441-997D-4685-9C97-01A531109D5E}",2023,17,4.55468990567207,88.0289490176939,526.265492130198,0.00530586766541823,2020
"{71268907-A1D8-48F3-94F6-FC16C4B8D352}",2023,9,4.61781068215198,199.924201174508,2557.52378395113,0.00280898876404494,2020
"{015F9B7B-2925-42AE-9532-BC8000F52BC4}",2023,9,7.06407670389488,124.341523928238,832.379692661296,0.00280898876404494,2020
"{4D2A30DC-7D0C-4F03-85D5-B83E832BB924}",2023,10,6.50987829036478,270.702878985388,3754.28623860765,0.0031210986267166,2020
"{7292DC4B-D3EF-49A4-BD8C-04087C8AAFB9}",2023,10,21.4725940876052,96.0321522210176,559.594617009962,0.0031210986267166,2020
"{BDAC9D4F-86A3-487A-8695-34C9704B0778}",2023,13,29.4950142792411,122.076594891084,650.075283695805,0.00405742821473159,2020
"{77B5D63F-1CD2-4AD8-9600-550FF014D636}",2023,1,42.2063435899232,459.094963600184,13930.0035083832,0.00031210986267166,2020
"{96617DF7-188B-4CA2-85D0-2472D3F4F0B5}",2023,6,23.5528795541543,126.156560013286,1142.38751656188,0.00187265917602996,2020
"{EB3398AC-8519-463B-81BC-071CFF731CAF}",2023,1,26.2468022995355,165.201836033497,1947.67885339377,0.00031210986267166,2020
"{50D9168F-4A3A-4E91-87C9-241D9FA67B48}",2023,3,26.8543668334004,105.462896098772,670.791295592845,0.000936329588014981,2020
"{8F196B9B-60A6-4542-B308-081DA1C1C9DD}",2023,9,44.3916858913127,190.974267374037,2487.77493711784,0.00280898876404494,2020
"{20A39204-161D-4CDA-8687-399071179999}",2023,11,33.7063738051281,149.030788389986,1622.7013250885,0.00343320848938826,2020
"{FC6B8ADC-E493-4D9D-A10D-5AB337DB556D}",2023,5,30.3886291878652,280.279527139531,2961.83471969296,0.0015605493133583,2020
"{1D0335C8-B2DF-4E27-AFAA-0A152839EEBC}",2023,3,48.6544051665632,189.71568817644,1938.17647463593,0.000936329588014981,2020
"{2904500A-14CF-4CFC-9576-ADC27D793699}",2023,10,31.0138991722944,314.491924934718,6916.39449847004,0.0031210986267166,2020
"{2F9DD55A-6E8D-4015-AB1E-4846646FF994}",2023,14,27.3016773038162,122.006062856135,860.673622114757,0.00436953807740325,2020
"{8B9B3954-42F8-4106-98FD-CC29BF1D5E00}",2023,3,41.8083069913898,376.744640133908,7833.92401531825,0.000936329588014981,2020
"{8F12950D-2894-4CD0-AF51-6468FBA94024}",2023,17,41.5497161426778,88.5672045300187,542.345154619406,0.00530586766541823,2020
"{B207979F-7528-480B-9103-B16BFC739A58}",2023,9,10.5651850414592,137.761814992898,1426.79946618581,0.00280898876404494,2020
"{3CF03B38-A49F-43A1-97E8-D190E9AA9291}",2023,11,12.9401752196658,139.510041265784,1373.68839865135,0.00343320848938826,2020
"{E72804A6-1B5F-41D8-84A1-055B9997039D}",2023,18,9.06707643645268,191.158300807432,2233.14075414529,0.00561797752808989,2020
"{6CCB206E-918D-4468-9296-FD7BA6EB414E}",2023,7,9.03884341126844,118.605763818065,937.747471035169,0.00218476903870162,2020
"{795BA63F-5CFC-4089-ADC4-F652F9EB3925}",2023,4,3.94747414502336,276.814969363954,4734.73685508732,0.00124843945068664,2020
"{FB323C36-2479-4FAF-A61C-71BF38FE438F}",2023,4,3.8649665240639,134.532560294766,1208.03026406575,0.00124843945068664,2020
"{1CC22865-33D7-486A-A7B8-655EEDA2DCE7}",2023,7,1.99160608964285,222.535460282756,3139.66097468663,0.00218476903870162,2020
"{95D9579D-0CA7-4E1E-BEE8-95492F85ECAE}",2023,2,7.13322672876432,330.048680727661,7722.46944723333,0.000624219725343321,2020
"{9DC28221-2A69-439D-80AB-D5166D91B87F}",2023,15,8.32573675554216,379.998791074401,9764.28550687876,0.00468164794007491,2020
"{9CD07447-681D-4C75-9FAC-CE69166B3859}",2023,32,2.65578602731187,2921.86295041686,99425.2052389488,0.00998751560549313,2020
"{A53974AE-415A-4E7E-9205-C48AFAE87D83}",2023,14,16.0621913922602,3140.8938639162,86571.783851623,0.00436953807740325,2020
"{7160F6AB-693A-4D4C-A519-2DBF1C51A867}",2023,1,15.1026198962423,413.672120051407,9449.39037586765,0.00031210986267166,2020
"{61D9A818-C133-4B9B-A93D-CB57C70E23B7}",2023,24,15.5349604669064,330.264405329157,2976.55148398427,0.00749063670411985,2020
"{1B4CFC03-09B3-4450-9F4F-C9B83F429EA4}",2023,3,15.6738508656495,367.344642083282,3806.73993517904,0.000936329588014981,2020
"{C909DA46-68E9-497C-90A5-1283BF4DCFF7}",2023,1,5.74621107933895,670.068387561338,26221.0016664796,0.00031210986267166,2020
"{431714BE-D74B-4D2A-A7D0-7BA2A0C929EE}",2023,2,9.18087964059399,1771.7706297106,29682.508586991,0.000624219725343321,2020
"{3416ABFF-A71D-4BDE-8AF4-65C05A59E10D}",2023,9,8.8223441192602,103.273574347671,675.262881376047,0.00280898876404494,2020
"{D84571C4-E29E-479D-8F0F-AE0CD9AAC8B6}",2023,3,9.46191657130083,319.26373831734,5892.26534635961,0.000936329588014981,2020
"{6D48E5D9-86AF-47C1-A42A-56A253AE1B92}",2023,6,4.27245264777137,191.108536609514,2635.54173692485,0.00187265917602996,2020
"{1F47E158-67DC-48A8-9DF8-1701E93A95E6}",2023,17,7.28112115732477,95.8004574617533,585.716672099782,0.00530586766541823,2020
"{C1DCCEEE-0A28-4D32-85DD-73396122EE5B}",2023,17,7.3371059783395,102.843847138986,615.716578779208,0.00530586766541823,2020
"{D5BD49EC-103F-4A83-97F2-29095038D4A4}",2023,19,7.42314402965737,158.331279963696,1202.45614151333,0.00593008739076155,2020
"{A1030FAE-5BED-42B1-A95F-8863E3CB591E}",2023,19,7.28244179030662,160.891963237027,1164.90355680667,0.00593008739076155,2020
"{6362F7CD-C1BB-4A5F-B07C-248BE260F97A}",2023,18,7.30269021447662,235.108497629207,2041.25913308776,0.00561797752808989,2020
"{18DBDE26-CD93-4374-B0BD-DC315A9DE709}",2023,19,7.43897457581789,78.3306057749203,379.132112947905,0.00593008739076155,2020
"{54C2D997-5496-431A-887C-779074D59E30}",2023,19,7.47522912568405,101.86253304755,597.227520356056,0.00593008739076155,2020
"{A18C66FB-2217-49E7-91A2-0B990F8A7C11}",2023,19,7.41401165399628,79.8719859770443,361.637575517878,0.00593008739076155,2020
"{FCFDE388-D6DC-4E54-B0D5-DB9F04FE79CA}",2023,18,7.43548627480483,91.5200580563672,554.212577525614,0.00561797752808989,2020
"{DFDA60DB-0CFF-4612-BDE6-60E510F5CE31}",2023,17,7.46391439994161,121.168426629083,1008.86213778111,0.00530586766541823,2020
"{A4CB8BC0-06F1-4FE1-B159-E4C564194ACA}",2023,1,2.56092826294875,103.813394888687,736.799777830867,0.00031210986267166,2020
"{F65BF720-1415-4082-8AEC-3449F1BABD12}",2023,1,8.35080114036061,85.0683278316875,484.977438741081,0.00031210986267166,2020
"{215235A4-6332-4FD2-AA9E-0901A32F6DB5}",2023,5,8.12464515584023,83.2187309258216,459.003983267616,0.0015605493133583,2020
"{76EBA456-69D4-4EA4-A859-5E98DC3B6E77}",2023,8,8.11191555239069,84.1829786555358,460.003241225154,0.00249687890137328,2020
"{7DC3F3E5-EBCC-42BB-8F94-D77900315C4F}",2023,1,14.9380959921529,599.042028071932,13190.8213306083,0.00031210986267166,2020
"{DB235438-869B-41BF-B109-371B678F775C}",2023,3,13.6123099865613,98.0435956081046,665.223526877211,0.000936329588014981,2020
"{BCDDB9D1-AEF5-4D50-89E4-F476F32550C0}",2023,1,12.6115543835721,364.521500051536,4400.66834015207,0.00031210986267166,2020
"{C5CADDF9-F0C9-462B-864E-0AB3370B4C76}",2023,4,10.0899547587657,132.976414975801,757.126974508393,0.00124843945068664,2020
"{AA4C4B74-8C50-4DB3-AA5E-A436AA1548F0}",2023,12,9.72282565460246,93.584968288373,499.383371505762,0.00374531835205993,2020
"{15AB1855-3BEF-4C0A-81F0-B58A3149C307}",2023,8,4.1939734455473,275.310137156776,4757.47928813029,0.00249687890137328,2020
"{63DA1DB7-A5BC-4B94-814B-636E63AAA9DE}",2023,1,5.10784413256723,218.113843088881,3465.86606057857,0.00031210986267166,2020
"{843D760A-C925-46BD-9494-23C8AF8A9304}",2023,12,13.1489269771126,138.654573626473,1089.17318043135,0.00374531835205993,2020
"{133E7AEE-FD7C-47B9-934A-47D3BD7FCE81}",2023,11,13.014936519979,128.548702002152,1033.71280026043,0.00343320848938826,2020
"{18D88537-876E-4943-89B6-AC3D3BF9EE1F}",2023,8,12.8874482962868,184.346080774907,2461.02992035716,0.00249687890137328,2020
"{7363DD13-67F4-4C1D-A579-0230CB1EF63F}",2023,15,5.27910442063585,117.678366478428,998.397273605711,0.00468164794007491,2020
"{85ED0403-0E76-47D2-B64A-F935BD27757E}",2023,5,2.69541434380955,94.8490751417187,444.043846093423,0.0015605493133583,2020
"{8DCFB77C-74D2-41EA-AEFF-FD03ACD2967D}",2023,1,4.70159517569088,768.436276276192,25443.0626553561,0.00031210986267166,2020
"{CB6D2225-E3D1-4A52-9D38-85EC39BB3ACD}",2023,9,13.2135463642648,485.147579290318,11423.7911231628,0.00280898876404494,2020
"{DC4DAF7B-064C-4AAB-AD64-B07ED1700683}",2023,2,25.197904932944,333.429246665364,6817.21687403081,0.000624219725343321,2020
"{4F0739A4-CF8D-4B83-898C-D3FDDCDB1E16}",2023,2,3.29093072739495,998.586143455955,26457.4620762992,0.000624219725343321,2020
"{E71AFBD0-E833-4629-A160-52E1F8FAAA8A}",2023,6,8.75531251758069,281.005150175514,5808.61759659323,0.00187265917602996,2020
"{8AF8B5BD-B974-4F19-844B-468A75DDAE9C}",2023,15,8.39671054442795,117.003014051634,977.316181223272,0.00468164794007491,2020
"{AA452F2F-4FE4-4064-9AFA-7C39764E7453}",2023,13,9.66846601623502,66.0753672003423,310.121125722285,0.00405742821473159,2020
"{3791BD5D-B374-48A3-B9F3-0FC5847B3D71}",2023,5,9.44197220992712,117.491720066809,843.013309746129,0.0015605493133583,2020
"{270074AA-2813-49F1-9AFD-5BECFBA2153F}",2023,6,4.10572914131148,187.641604640614,1467.39775930758,0.00187265917602996,2020
"{C005E788-997D-4474-94AB-68052BFA9178}",2023,1,10.8628018428046,164.296846960143,1472.73734541509,0.00031210986267166,2020
"{7990750F-B3D7-41E7-96AA-4A113C6CF5D8}",2023,4,8.22797351436803,159.043841778709,1703.37442101963,0.00124843945068664,2020
"{75D8CFCE-9B7D-4742-92E0-3D373A1AC73A}",2023,1,9.5115269322016,112.512589483733,958.34309069286,0.00031210986267166,2020
"{2AAE4369-FFEE-47F5-BDA9-7A4B71C74B2D}",2023,15,3.94444384593066,437.296094581845,6669.38464462835,0.00468164794007491,2020
"{4F7FCC92-7F7C-403C-97A5-A6162C1BF262}",2023,2,7.55293656270262,288.748728198907,3968.98865164409,0.000624219725343321,2020
"{E8501821-F303-4AB1-B73C-85A250922C94}",2023,12,6.46123142864064,120.380383403484,910.009413886452,0.00374531835205993,2020
"{BD2C565D-6DB6-4EB6-829C-0A49DFDC06A4}",2023,5,9.6098387690661,159.507306621562,1193.27626513985,0.0015605493133583,2020
"{52A5D7E2-0D36-4E3C-9DB9-12C16837E047}",2023,6,4.62712530399474,89.2564230077111,535.918982812821,0.00187265917602996,2020
"{3DCCD554-E80A-4769-A56C-C67BCEDDDBE8}",2023,7,11.4415428524126,275.715301160677,1179.09031186493,0.00218476903870162,2020
"{BE5660FB-3321-49A2-A6D6-1A68D68C5D0D}",2023,8,2.3860889969744,338.667639436768,2725.13739422986,0.00249687890137328,2020
"{A3DB021A-3A16-4079-BEE7-491E557B778A}",2023,1,2.28929442895957,170.730161696315,1578.31818745602,0.00031210986267166,2020
"{29B59A66-9754-4BE2-8A49-73269918BDB7}",2023,19,2.38470485509515,179.735183439627,1706.16414336735,0.00593008739076155,2020
"{37A91856-AF2A-4D7A-A96D-E9CF1676B5AF}",2023,14,14.0494518517154,122.828091119342,992.319827674088,0.00436953807740325,2020
"{886A0990-3FE6-4BEB-BE41-32D0B8A719E8}",2023,8,4.38444505267113,99.9013912125835,574.366277334118,0.00249687890137328,2020
"{9A771DC0-361A-4164-9DC2-DBC22A4497E6}",2023,1,3.9095209880428,46.9852312592081,160.333760980936,0.00031210986267166,2020
"{1A62E055-670D-4707-B84C-572DC8DD8682}",2023,5,9.42188007128787,210.467774200401,2244.97485279108,0.0015605493133583,2020
"{00D5633E-DB96-47F2-81C0-875123506F33}",2023,6,8.15990110829909,70.6691928141406,318.144455525751,0.00187265917602996,2020
"{71BAAE43-199B-403D-B165-1FCF9DC74233}",2023,7,9.72364457244957,63.957214646673,257.680214685287,0.00218476903870162,2020
"{B08FFE96-37E5-4362-8718-29FAF5254847}",2023,4,10.8213937096468,141.259755973799,1307.4618779879,0.00124843945068664,2020
"{4397AB7B-61D6-4F32-9EA1-BA829FF87A48}",2023,1,10.3313454260543,321.313488144072,2316.81642226818,0.00031210986267166,2020
"{16AA9E1E-649F-42A1-8EA8-313697DE0BDF}",2023,10,5.3241437493509,112.833050643186,750.663482288236,0.0031210986267166,2020
"{A005E4D2-CD1E-4724-B6D0-40B7FC50AF8C}",2023,1,11.2734818814112,143.8701561856,1304.91692168021,0.00031210986267166,2020
"{4B2FB280-3E71-40F9-B5A4-D7EA610E6F3D}",2023,3,3.70639222512734,181.197724773755,1363.5769306758,0.000936329588014981,2020
"{80DF420D-CB03-463C-8BDD-7CE2057BF1BE}",2023,8,21.0388224439292,413.181881615372,8535.78277429192,0.00249687890137328,2020
"{0FA938BC-5DA5-45DF-B384-A43415C68902}",2023,2,17.2055471250824,154.022003016728,1625.40453000243,0.000624219725343321,2020
"{4A32A8E7-3F03-43BC-8C6E-30CAA7CC531B}",2023,10,7.78980502086227,55.6304613106567,214.249947150866,0.0031210986267166,2020
"{DA827817-B8F7-4140-839E-F5980718AA4A}",2023,1,5.30850420213209,181.955479497638,1889.43423096382,0.00031210986267166,2020
"{7E39266C-B49D-4A2C-B77A-6321AF64095C}",2023,2,6.78785954737178,94.3393390215737,575.867266850578,0.000624219725343321,2020
"{22F6490B-A372-45CF-B228-BC31FB94572F}",2023,7,18.4632349863188,68.0147698655723,320.566422131878,0.00218476903870162,2020
"{FE5DB932-AD78-4F53-A8AA-E7917373B852}",2023,10,18.4362798193667,78.2347060688405,361.53169862227,0.0031210986267166,2020
"{B35217FE-A66A-41E0-A9BF-2FF871B94989}",2023,9,18.4387738632081,64.8949633973206,255.676353541488,0.00280898876404494,2020
"{601ADB21-965C-4DD3-A75F-5EDD95D2A6C4}",2023,4,12.4234633740622,518.360230853032,8139.29701564682,0.00124843945068664,2020
"{E9CBE535-160F-4206-8DEE-88CAA4D2EE7B}",2023,7,18.4146861581991,85.6379732530874,463.902567181953,0.00218476903870162,2020
"{92550B53-C609-42D2-9F12-5DE7EB88783C}",2023,10,21.4842962625389,51.2342389296924,176.275351351843,0.0031210986267166,2020
"{3638D113-AB83-4877-906B-4F2B225C3F20}",2023,6,21.7812107121566,64.2387227630773,258.143102290509,0.00187265917602996,2020
"{4C81BE9E-988E-4176-AB07-3D68B1EF8DFF}",2023,8,21.7511255189457,134.936120487062,1279.76519508628,0.00249687890137328,2020
"{C3032602-0D09-40C6-9A61-190619805F2E}",2023,2,4.37266639392376,80.460985732742,391.131447360838,0.000624219725343321,2020
"{CA9DA546-3505-4F13-A125-29413884FC88}",2023,1,10.808714728712,280.130811141736,3580.92608339545,0.00031210986267166,2020
"{9E68309E-8F3A-403F-BE77-38792C0F45D1}",2023,8,5.59521260064682,101.853978409437,697.735519239989,0.00249687890137328,2020
"{7D5A8C95-E9E0-44A0-82D4-E4540CEB59C6}",2023,1,10.9436878331721,274.0021427485,2312.3594501291,0.00031210986267166,2020
"{DBA9EBAC-B03D-4E6E-83B1-D59D12DF2F58}",2023,1,10.8447240061033,72.3427386191036,364.089262923841,0.00031210986267166,2020
"{2C5C453D-6EC0-4470-97A7-3829A8294694}",2023,3,10.0521030828362,575.232459397839,4083.78747243583,0.000936329588014981,2020
"{A27EC66A-D1CA-4DC4-BFC1-145A42C4DB65}",2023,1,10.8585892306916,82.690756317618,486.460251363423,0.00031210986267166,2020
"{78EE2321-1AD8-4711-8956-F602D13CD861}",2023,7,21.5661168455437,54.0272474886242,192.263691700582,0.00218476903870162,2020
"{C48BF07E-C03D-4588-A232-7D110AD1938F}",2023,2,11.003168321707,143.951780721775,1075.75270807943,0.000624219725343321,2020
"{B87DF157-9594-403B-B956-CFEB36C02423}",2023,1,10.9296270362817,103.243399179729,582.339442864951,0.00031210986267166,2020
"{79EAB6DC-26FE-4FB7-8F53-A01800E83518}",2023,1,10.9902973808967,153.373243669726,896.472639045134,0.00031210986267166,2020
"{263AC69B-DB6E-4595-A622-CBF0B44477F8}",2023,3,21.5740667340494,90.7113435871569,490.889784572225,0.000936329588014981,2020
"{C17FC3D5-A594-4C4D-901F-BB85623FC4FE}",2023,2,11.0012097937892,81.5950752692242,396.538538362458,0.000624219725343321,2020
"{032566F6-8003-4485-B7FA-D57D0F09D18D}",2023,1,11.2473522393472,231.926562905671,2107.004437096,0.00031210986267166,2020
"{E31D7D6D-2724-400F-BF22-9F6230A963BB}",2023,5,10.900045596012,101.930857672465,685.264746829632,0.0015605493133583,2020
"{E3B480F9-D386-422D-938C-DD6CA13FD993}",2023,1,11.2131082080772,66.7445796701269,295.64451907252,0.00031210986267166,2020
"{5FB2B01C-CB27-4E59-A3B7-19E83A5524ED}",2023,1,11.2129555667449,61.3584148978947,241.215490584337,0.00031210986267166,2020
"{50EA9953-6B2F-4C01-B748-B39A1F7996CE}",2023,1,11.2253651031475,72.9384928022214,360.093376089032,0.00031210986267166,2020
"{6445D233-CCC5-4F53-8ABA-E1ECA2DA401D}",2023,8,10.2055336738814,224.496063347543,1450.36218163403,0.00249687890137328,2020
"{831C2B21-A694-491A-A47B-CA905556B472}",2023,8,11.8037904006121,43.9073150874155,123.851341377776,0.00249687890137328,2020
"{F7299957-BF6C-4528-BAA6-B10279589648}",2023,5,11.3221012757867,133.120027060872,1201.59329727573,0.0015605493133583,2020
"{87350486-FC97-4061-9EC7-5EEE7064CFAC}",2023,10,6.30881381872269,69.7349082357003,317.650919083894,0.0031210986267166,2020
"{D7087715-DA56-47FF-8C43-D28053615ABC}",2023,2,8.33436225897864,345.455051984482,3231.93790388136,0.000624219725343321,2020
"{11CE5DBA-D1DC-4220-B592-48FB453F84A9}",2023,8,6.47104574401711,54.2635251225109,208.283453321192,0.00249687890137328,2020
"{FA91A51B-D01B-42BB-B16E-DE700F6B3188}",2023,5,8.56986601757796,505.356133151306,3420.16636592127,0.0015605493133583,2020
"{7483533E-C0BD-4122-8A61-2F915B74713A}",2023,1,10.5459583044758,72.9254535780257,350.61077525029,0.00031210986267166,2020
"{AADA0865-D7BD-4FAE-B9C0-4F6864DCC6D9}",2023,12,11.4736771772656,72.8764223032259,363.577319184539,0.00374531835205993,2020
"{740CF0A1-466C-462E-BA48-60705A8D64D6}",2023,5,11.4095513441068,166.518460995763,1594.6677193254,0.0015605493133583,2020
"{D2670A49-B8C2-4D34-988E-ED0E0CEDE518}",2023,5,13.4967091373949,265.460814710989,4531.08312673785,0.0015605493133583,2020
"{46D8BC0F-F63A-45B5-92AE-CA4C4FF1839F}",2023,2,10.9616800461838,271.49778996846,2212.92114195036,0.000624219725343321,2020
"{F6B50BCD-A8FB-453A-A276-F7DE1B432CCA}",2023,1,12.6276066720928,425.427287423356,7825.7850490617,0.00031210986267166,2020
"{667AB220-928A-4AB2-B684-477077409BFF}",2023,11,6.22058077613395,175.982830564497,1974.90214974559,0.00343320848938826,2020
"{B4122DB4-D5FF-4202-ABF2-827F082A231C}",2023,2,8.17147823152975,99.1627557513955,604.302447381785,0.000624219725343321,2020
"{B2D0A0A5-4700-498E-AC38-ADBD83E90CB1}",2023,6,9.60227208599004,114.672454843078,792.102263144898,0.00187265917602996,2020
"{2DC24F17-6482-422E-8845-396584315B60}",2023,11,11.0924454986927,82.3931248753487,349.114402310847,0.00343320848938826,2020
"{E4BC6FE0-4B9D-4525-86CA-49AB04EEB1F7}",2023,1,9.80803458590388,169.307305015734,1410.37622368811,0.00031210986267166,2020
"{03367BB9-A222-4C8B-9F08-0B4DB25AE9E9}",2023,8,8.89880388378833,582.952319182476,4436.10862353178,0.00249687890137328,2020
"{041472A3-6867-45B2-8CF1-0AE2EF6D8068}",2023,1,9.44107389180554,41.3843614195371,111.864976274337,0.00031210986267166,2020
"{F7380721-DE7B-407F-9F84-73966CF510BA}",2023,2,18.4915318577304,365.711660878556,7289.66419389726,0.000624219725343321,2020
"{B8DA6C5A-599F-4224-A179-F58DB258A887}",2023,2,5.13796518921374,264.673059767719,4227.58102274723,0.000624219725343321,2020
"{6F05A5A8-57A4-4BD4-8381-368632A27877}",2023,2,14.8717662363645,130.374193536251,1039.23508658123,0.000624219725343321,2020
"{1A3814CB-103E-4BB3-8A89-5162E5819C3F}",2023,1,14.681355621927,78.5623528246789,393.022726001455,0.00031210986267166,2020
"{4C66E18F-2B82-4AAF-AA2F-E1AB25180322}",2023,6,10.3284968805116,152.030146214963,1222.52041282176,0.00187265917602996,2020
"{ECCB380E-B6BA-4C04-9FA9-1BF346597E94}",2023,6,13.4808220833725,134.74680955161,1247.530148182,0.00187265917602996,2020
"{4C4FF335-9406-4E3E-A59A-1E3579B57D6E}",2023,6,17.4283153230672,77.2062726593024,429.462142397983,0.00187265917602996,2020
"{FCD35C9A-0A6E-45CF-B4CD-520EE8222C42}",2023,4,12.531893611126,156.749507100087,1251.53466763172,0.00124843945068664,2020
"{D42D8CDE-148F-435E-8D17-471E3E6177CD}",2023,14,13.1479156081243,79.3605959438824,424.011452165231,0.00436953807740325,2020
"{D15ACF7D-B5BA-4550-8BB4-9A503E3DD2F0}",2023,2,10.0183104805692,135.313708461364,781.075520013751,0.000624219725343321,2020
"{F7F6F3AB-F691-40F5-B7A2-9CDDFA49696D}",2023,15,6.5218166802275,197.319324857983,2059.76975998533,0.00468164794007491,2020
"{0828A7CC-97A3-4B47-AEE4-A139D1D630B2}",2023,13,6.01900514463893,916.39400766337,18241.5366411865,0.00405742821473159,2020
"{65BEE16F-A16B-434B-9063-E4FAD2360D1E}",2023,1,7.60453563410664,241.927097010512,3350.261960801,0.00031210986267166,2020
"{3C01899E-91AD-407E-A587-AAC4B53EFECD}",2023,1,14.6618752997608,515.500883085014,10478.5998903741,0.00031210986267166,2020
"{B0B8DB62-20BB-471A-8DCE-03865979E5CE}",2023,18,6.3812613726441,100.577889506778,755.190348761702,0.00561797752808989,2020
"{7058E1FA-8810-4C8C-B292-FEEA3C480FA3}",2023,1,8.36509765279693,184.782383935186,2275.91620710176,0.00031210986267166,2020
"{262FADC7-08C9-40B9-A0D3-3EC4B8827A7D}",2023,3,11.4671351300727,143.437753200236,1232.99831550144,0.000936329588014981,2020
"{52BB838A-1F13-48C9-B665-F73AA774EB64}",2023,9,8.52149021102162,87.9822022348617,456.993962382895,0.00280898876404494,2020
"{EA14E41C-4481-4F50-947F-08FAEA545970}",2023,11,15.1770495286668,140.697900527164,1374.81251117695,0.00343320848938826,2020
"{770A68BD-18C4-46CA-979B-61DBCDD840DB}",2023,16,8.81029856217517,95.1335900075845,532.344234139343,0.00499375780274657,2020
"{E15E7B94-3CFC-4828-8847-2C9084431CFB}",2023,1,12.0817666298243,135.961067891411,1095.68764145371,0.00031210986267166,2020
"{442B0E1C-3D6F-45D8-A703-AA8C06D6AC8E}",2023,1,4.24167392916052,1217.8386791541,37515.5812789264,0.00031210986267166,2020
"{63488E1F-F26F-4C7A-A621-39E7D040F22B}",2023,7,12.0731123875355,333.606176074297,6057.71254428485,0.00218476903870162,2020
"{90AE2A8B-76CB-4C1D-9845-72A63C2E8367}",2023,7,9.70521194069789,208.087428860686,2616.44138296246,0.00218476903870162,2020
"{E883F731-A718-4BC3-9224-41479933B232}",2023,1,15.3057522891344,59.3437257692213,211.745975338576,0.00031210986267166,2020
"{2B3B6388-7ADB-4D43-A9F4-DCD7AFEC3B32}",2023,27,14.9123264279906,60.2454610184003,266.671364760206,0.00842696629213483,2020
"{64BFFD7D-5FDF-4CF9-BBE3-88FE72D61FC6}",2023,4,14.8266628244971,35.156506319009,89.889706537349,0.00124843945068664,2020
"{A1FA66C3-0859-4EA5-9A42-2FBEF2820B31}",2023,2,14.741178443598,68.3549631732317,345.085815384027,0.000624219725343321,2020
"{7D409E00-C8AB-43E7-9775-B9C6FCFB5097}",2023,3,11.4730811337466,163.593913135752,1463.24088712107,0.000936329588014981,2020
"{E9E073E7-7C0E-46DF-B560-5836C5AEBD3F}",2023,5,12.8803747529433,447.284473645289,4308.88893486601,0.0015605493133583,2020
"{C9C1EE39-CBB4-4D88-B304-60A14D2E9280}",2023,1,13.1752761481767,126.900660209766,1096.16574599745,0.00031210986267166,2020
"{0A3787EF-25D7-40CB-84B0-22D120645B2E}",2023,6,13.0069898814034,100.480457645977,680.657447022794,0.00187265917602996,2020
"{0598B931-1FCD-4C0E-92BF-E64C3159E92F}",2023,14,4.67375286412386,98.5273468969198,520.902628794253,0.00436953807740325,2020
"{0A5B04B3-39E7-474C-94F2-034269D6BCC4}",2023,10,4.71244956202028,102.840760505936,573.903575593425,0.0031210986267166,2020
"{EFBB9C59-9F2C-416F-A711-0A4ABFFC11DA}",2023,3,7.07709509280585,250.672512144389,3582.47037676148,0.000936329588014981,2020
"{CF176B40-526F-44DD-94C7-1C0F75574CF3}",2023,12,5.07607115564098,341.232315624172,3482.24858752025,0.00374531835205993,2020
"{F7114CCB-7C31-4DB3-9120-75B31A5DBD62}",2023,3,7.26735146141441,258.774324095503,3097.48930465194,0.000936329588014981,2020
"{B8E0FAFD-8433-4130-BD47-337BB1DCE2AB}",2023,4,8.54336532571317,755.033651669854,10666.1349496644,0.00124843945068664,2020
"{F5F372A0-AD19-4619-8A16-36B401616C3C}",2023,11,5.66347991952252,334.617342606021,2644.06406471154,0.00343320848938826,2020
"{AE070C96-02AC-40A8-9FBD-3371CEE6F8CC}",2023,4,4.37881622127227,246.340519901703,2273.57737931858,0.00124843945068664,2020
"{7A62DC32-ACF7-4108-9A82-4341290FFE0E}",2023,2,5.06109280782993,216.664716547148,1349.03429839609,0.000624219725343321,2020
"{DCC826D3-A5CC-4675-88A3-EE8027F2889B}",2023,1,4.95666488221361,118.502498292683,899.042352628562,0.00031210986267166,2020
"{33E7E6C7-4CFB-4E24-A05A-6711EC658ADA}",2023,2,5.66652485095003,371.132617280111,7838.79539901101,0.000624219725343321,2020
"{DB70AE51-DD5C-4749-81DD-65653C68855B}",2023,1,4.81678457119224,227.049868163475,1841.46388314652,0.00031210986267166,2020
"{588151CB-BF43-453C-9144-8D1DCA50C968}",2023,2,9.73409288436179,537.306426601983,14906.3655245405,0.000624219725343321,2020
"{DB892DA4-FCC1-4F59-A1E2-9B3807778009}",2023,18,6.1849129992354,118.85173110839,815.073604002293,0.00561797752808989,2020
"{E104CC24-FC1B-4FB6-A33B-AE3E3BB434E7}",2023,10,5.4073518414355,225.987036869125,2763.99340747582,0.0031210986267166,2020
"{DE138D8B-5C03-4E3F-8EE4-C77C2ABF5503}",2023,1,6.23937350728241,240.617586390758,3037.56349919621,0.00031210986267166,2020
"{976BD8F1-A4DA-422C-B860-A68AA27543A7}",2023,18,9.68740613440072,238.097769875564,2492.07400764297,0.00561797752808989,2020
"{9AC74E43-5925-4024-979E-49B73DF5DF5E}",2023,1,3.95021620246286,342.067288136441,3778.94329947333,0.00031210986267166,2020
"{0A2D96C2-968A-46AE-9E56-3A41FDA9AAC4}",2023,9,10.7576938423008,137.931922252864,1044.74110916976,0.00280898876404494,2020
"{36F2C44C-89C8-4C4F-AFEC-3AB97CCF9144}",2023,5,10.3709463629954,317.429965202093,2865.62951291534,0.0015605493133583,2020
"{43815D9C-23B1-4CE5-8823-752E2021D6BC}",2023,8,4.91148341959463,494.428389741784,11230.5728098844,0.00249687890137328,2020
"{12A1A201-B54D-4721-BE91-CA65FD6A3919}",2023,1,2.3501562552305,191.789426975345,2174.19083960717,0.00031210986267166,2020
"{275CCE60-BB42-42DA-A6B5-C62448D2C137}",2023,5,7.24259993808045,298.796383526594,4543.34995820942,0.0015605493133583,2020
"{C7D8B14F-7374-41F6-BE5E-0225761E75F7}",2023,12,1.79179947651484,627.738261603801,15278.4122961561,0.00374531835205993,2020
"{042ADFAA-68C0-4AB9-9888-F4367254CEB6}",2023,1,4.35064991178148,169.124711752323,1493.85150081677,0.00031210986267166,2020
"{D445896D-25FC-4EFC-B7A0-560281A14614}",2023,15,1.70799770743927,229.234525378728,2735.09010394727,0.00468164794007491,2020
"{8B704BC7-39AB-4927-AA12-CE22D04E60A0}",2023,17,8.92271591309308,414.798384753796,3894.94149808038,0.00530586766541823,2020
"{19D6F28A-80CD-426D-AB74-B0809801FABC}",2023,17,2.78903802090294,511.990065271753,10732.4482910258,0.00530586766541823,2020
"{4B1BE655-F761-4148-BAE8-CED562532FDC}",2023,5,3.01272922377859,104.527655929227,810.090683082017,0.0015605493133583,2020
"{42B26272-AF46-4FB6-B69E-E7BA923886FF}",2023,7,6.86651909074317,168.506802927459,1402.41581164337,0.00218476903870162,2020
"{9964CE38-7F8B-4273-82B3-4FEF28239F99}",2023,5,8.81526938621706,175.818785318502,1197.12090037802,0.0015605493133583,2020
"{4E41CA80-4E92-44A8-ADE0-76B7EEA2F413}",2023,2,8.43841983005515,434.663478675446,4125.65967753585,0.000624219725343321,2020
"{ADD844D5-465B-4AFF-AE4D-ADFA309FC631}",2023,1,0.810072143520248,500.398734963255,4652.73970768685,0.00031210986267166,2020
"{752F245E-D366-413B-9EAB-0463A1F51A0F}",2023,3,0.639182443313798,354.86866552739,4194.16423152898,0.000936329588014981,2020
"{BFA8429C-C2E5-4745-99DF-1F4F8C45E7D1}",2023,1,0.781653705248074,307.280804160034,2875.54308514214,0.00031210986267166,2020
"{EFE69735-4AFD-41C5-B91D-DE4183CD88B5}",2023,14,0.787570842625593,292.825772202506,4944.71044554727,0.00436953807740325,2020
"{D3DD4BCF-D954-45D7-972F-04A52D1C2235}",2023,1,5.6720715420398,78.3084888132239,321.148426178122,0.00031210986267166,2020
"{6B2DF70B-E760-459D-B534-DBCF0AD58662}",2023,3,6.64323121030097,1049.37242560711,11055.2637891649,0.000936329588014981,2020
"{355EE14C-4B55-45C0-A523-F092580F37ED}",2023,1,6.58244857437011,137.369842927626,902.448183151997,0.00031210986267166,2020
"{D812617E-522E-4403-B5B6-5C9273DBA89B}",2023,13,5.91847469451708,195.649931969421,2466.27511312582,0.00405742821473159,2020
"{36ABCBFB-CFB2-448E-878C-840CF847CDA6}",2023,4,0.284294653595402,160.966329067049,1540.84423890007,0.00124843945068664,2020
"{CDE719B0-4620-4CDC-9A81-408E317AA10E}",2023,32,0.168121580715688,450.323229005465,3938.49332650511,0.00998751560549313,2020
"{C441842C-3E59-448C-AFDE-ED7C44E7E4E3}",2023,1,0.900717196092227,188.709654265057,2005.35543912444,0.00031210986267166,2020
"{1A4EBF1A-54AF-41B2-8DEB-32BF60DB5253}",2023,2,0.086944994130677,147.185698554912,1108.40149500877,0.000624219725343321,2020
"{6231D743-EF2D-439B-B44B-632AF2BF30CE}",2023,5,1.10408552824159,129.680828297475,1151.29449313597,0.0015605493133583,2020
"{500ABAB1-A30D-4E77-9215-6EDB90A888D5}",2023,4,0.684136429899887,159.58170746886,1700.73718937707,0.00124843945068664,2020
"{43A0293C-6584-43D9-B49E-FF2AABE6D446}",2023,5,0.668065796754809,98.9512198475507,641.357771009049,0.0015605493133583,2020
"{BF1B735A-2283-4F87-A829-8B3DD44E1A01}",2023,8,0.722347413597474,115.255072606827,868.110657693539,0.00249687890137328,2020
"{B31FF77D-7EAE-41E0-89A0-8BDFC0C57F37}",2023,1,28.9538670300564,238.064143434775,2418.99256224281,0.00031210986267166,2020
"{FA559A36-5A45-49BD-B3D5-33FF25F831F9}",2023,1,26.2179912742493,350.256329296238,6475.88968235307,0.00031210986267166,2020
"{DD888C5B-3F91-4CBD-B3D8-6E039B801828}",2023,6,26.4489873110477,116.633430711795,710.815563348041,0.00187265917602996,2020
"{1BCB72B4-7266-4E39-8BCB-9568BFDB644F}",2023,1,28.9740776640016,119.343616726966,1041.65922361684,0.00031210986267166,2020
"{29E1738C-2404-463D-BDDC-F164A7A64EEF}",2023,1,30.7635067209403,329.702102714159,6009.92627180798,0.00031210986267166,2020
"{6B5D702E-7F6A-4E3E-B6CC-35D787C98047}",2023,6,26.8834817681893,112.104258162059,752.393704271195,0.00187265917602996,2020
"{9968F57B-B1EE-4EE8-9051-3C8F8E25B061}",2023,1,30.9645190905892,463.014798521799,6745.57323728756,0.00031210986267166,2020
"{1F868954-1890-4D7B-A4E9-B6775E8D3034}",2023,1,29.1833662187154,127.768979421766,1206.56323720746,0.00031210986267166,2020
"{FC1E1BA6-005D-445D-B33F-9B992A16AC9A}",2023,1,31.9187293214066,330.494180568387,6802.27990885431,0.00031210986267166,2020
"{E1CC1740-8E8A-4BD3-AC82-62F963244C76}",2023,2,28.6810600083367,130.179874299088,1096.41794156323,0.000624219725343321,2020
"{7866CE63-C365-4E3B-9E00-624FD7527DBC}",2023,1,26.9209606026187,411.135546811306,7333.02309239587,0.00031210986267166,2020
"{7405D81E-F7BE-4370-8750-63A002B7EFD5}",2023,1,28.4863964957041,119.73273648902,972.425439710006,0.00031210986267166,2020
"{E44911CC-8C62-4520-8007-CEF6E3B13C5E}",2023,1,26.1454561447641,174.848402455916,1469.76656481338,0.00031210986267166,2020
"{C4874AE1-E5E5-4D5D-A1F1-37DD51E0733A}",2023,1,30.9103866014197,172.170772270647,1773.73677466354,0.00031210986267166,2020
"{817DF720-8D8C-4685-A02C-2A977DE268E8}",2023,1,33.7811520414716,289.811088036775,3565.32000386157,0.00031210986267166,2020
"{09903633-0D07-44A4-AE29-1A3F375E07EA}",2023,3,26.7058488013045,92.0676562633767,561.352540323751,0.000936329588014981,2020
"{786AA74A-FE2D-4836-8E1D-95C97567BBD0}",2023,13,26.7471307985771,73.4886059248896,329.499104417071,0.00405742821473159,2020
"{0DC617F0-0494-4EB3-A1E7-1D9BEB74DAB4}",2023,1,25.4146843879349,304.436982514746,5942.0172753755,0.00031210986267166,2020
"{280CA453-983E-4023-8545-70F37BD63E1E}",2023,23,25.2579753990974,125.55346448747,1173.22575910526,0.00717852684144819,2020
"{689E4B75-CCFD-4E74-BFD0-1AC5A30A9A73}",2023,1,29.136871233667,125.98671834727,1074.63401501758,0.00031210986267166,2020
"{EB9975AE-7705-4A43-B527-91C1171ECA04}",2023,1,3.67747913402833,83982.6352799857,14695075.0843166,0.00031210986267166,2020
"{A27C4C23-E0E7-4EA9-82B6-E7AC56AFF295}",2023,4,8.20346061770805,3390.94161573123,306896.396202346,0.00124843945068664,2020
"{AD35D581-6E81-4B14-9D5A-8356C1E8FAAB}",2023,27,6.69205863185786,2575.45958280121,237007.321178129,0.00842696629213483,2020
"{B91B74C0-AC25-47A2-9A04-CD830F9BFF27}",2023,1,34.9020853262162,113.771678548455,930.356577525203,0.00031210986267166,2020
"{EC2E8F71-56D6-4B9D-9471-432102CD3EFE}",2023,7,5.38965956668518,7624.84718921301,1036539.46179648,0.00218476903870162,2020
"{32EED9C7-7854-4CAB-8756-D93081A6B446}",2023,1,32.4342997104366,6.94444334059736,3.40359910700323,0.00031210986267166,2020
"{9BCD5911-0EE9-4444-935B-C5584E4AF725}",2023,1,28.5939114412037,27.700914633881,60.3610818793047,0.00031210986267166,2020
"{CA3562DF-86E9-4AB8-BB2D-81FB795715C3}",2023,19,28.1395115898171,190.452908362599,2886.44580729461,0.00593008739076155,2020
"{7D6E65AF-C54E-43C8-96C3-B64E66AD8138}",2023,17,26.3435699424941,146.070616143778,1697.90475326948,0.00530586766541823,2020
"{BEAB34B5-786A-4C6D-A90F-37C5CC48A569}",2023,3,26.3329202648184,219.106114957207,3820.29977311143,0.000936329588014981,2020
"{C404B5BA-AD2D-449E-9FB7-70652B9FC5D4}",2023,13,26.0377064417877,46.1913026040427,169.786263952404,0.00405742821473159,2020
"{B7E1983B-5607-41D4-A9FF-9C697C311AB9}",2023,18,24.7397006219986,134.670440274058,1443.2180381874,0.00561797752808989,2020
"{B4AF18ED-A77C-4E66-B909-25675C0E61ED}",2023,17,18.423456621984,66.4967512017455,351.872594560317,0.00530586766541823,2020
"{068EF23E-1A4A-4CEC-8254-889DC9F6D3D5}",2023,19,18.8602946144593,199.491107117133,3166.90736719759,0.00593008739076155,2020
"{DB8DBE23-0566-469C-BCA8-D5B25E9F0BD6}",2023,21,10.2990585000656,214.858564357997,3673.61592812123,0.00655430711610487,2020
"{DB41FB1B-3008-45C0-BE77-955985565135}",2023,27,5.75854045800915,232.64470284036,4307.00010345344,0.00842696629213483,2020
"{2B942CD4-099A-4C61-8B52-9E473C3AC552}",2023,20,6.33407384958085,203.441862826493,3293.58566606251,0.00624219725343321,2020
"{B758748C-E11C-4676-939E-F747D3E9378F}",2023,23,6.29548391037383,64.4187302935314,330.224067011443,0.00717852684144819,2020
"{A2C77F75-88E5-456D-8692-93C2E732A647}",2023,12,13.7683263717777,178.430238303482,2533.52377689793,0.00374531835205993,2020
"{971D91C6-C344-49D7-B2DC-AB12AB8C58C9}",2023,2,13.4656878294042,89.214912814329,633.375007680697,0.000624219725343321,2020
"{EA74677D-4353-4D77-AE81-B6C4C7285773}",2023,14,7.44035463063589,27.5627176964181,60.4534183349276,0.00436953807740325,2020
"{99AC8E84-AE14-45A9-8548-D4631EE4D784}",2023,12,2.78020243450535,50.2267018901655,200.241941656119,0.00374531835205993,2020
"{4A88CD34-0D13-4B78-B9A7-725C5C9E1C5B}",2023,12,5.84947639047272,18.5629544008259,27.3514223288289,0.00374531835205993,2020
"{E5DB1664-5196-40A3-8C8A-41A447AE7EB1}",2023,4,11.2187552568292,37.1259559788617,109.405968729305,0.00124843945068664,2020
"{423BC649-E48D-425D-AACD-C8FFA4271EBF}",2023,1,12.7473904891051,34.2284830544991,92.9953063009014,0.00031210986267166,2020
"{19AA549B-08BE-4F7B-A7F2-08D969614673}",2023,2,10.4643486556892,34.3775262216397,93.8069397969269,0.000624219725343321,2020
"{9BBD5434-5803-48AB-ABD1-85C8F93A443E}",2023,7,14.0139737628579,33.2063776123792,87.5243167629058,0.00218476903870162,2020
"{32509D03-4477-4DC3-91E6-0FE03B9FF234}",2023,18,3.08799895182434,33.206404230881,87.524456988432,0.00561797752808989,2020
"{4471F609-C6B9-4B76-8C52-9DE3F9408B3D}",2023,26,4.36391554228812,46.9608966709003,175.048537496505,0.00811485642946317,2020
"{E5DEC704-FF89-4154-8CC9-9602B2CF90E8}",2023,10,4.14472538037362,68.4567230818532,371.978584845302,0.0031210986267166,2020
"{117FBD4C-730C-4BBF-BE9A-71C56DDADDC6}",2023,23,4.02190082390168,68.4567100702136,371.978443408406,0.00717852684144819,2020
"{824C69F3-ED79-4651-9DAE-CCED29B31AD9}",2023,34,3.43892197207833,41.8174738523211,138.803786245505,0.0106117353308365,2020
"{8F5B78C0-C7A1-48A9-972C-0D3048064707}",2023,14,2.2180011234807,33.2064936453954,87.524928330238,0.00436953807740325,2020
"{BEFB4E22-3E32-4F23-8487-E37FE56A79DB}",2023,6,2.34624544991418,40.7129031033202,131.567877393376,0.00187265917602996,2020
"{F89441AE-BC1C-47E1-BE3E-8318AF747A81}",2023,7,5.39116841408947,63.0050141993469,315.090966755391,0.00218476903870162,2020
"{CC1162C4-ED19-447B-9D4F-35369AC06950}",2023,6,4.9829114060643,37.1258702241678,109.405463152203,0.00187265917602996,2020
"{AA870F2C-DF41-49FF-BCED-154F59370F7F}",2023,8,4.20693770489326,56.3515526173847,252.056265646478,0.00249687890137328,2020
"{13852776-3B4F-497D-BD95-EAE1E75D0823}",2023,10,11.6242911913506,132.95579647491,1404.52259172155,0.0031210986267166,2020
"{7972310A-A880-4ACD-88FA-84B8AEC2D4DA}",2023,1,11.6623456847541,92.8268238443077,684.141731725259,0.00031210986267166,2020
"{8ACCF980-E9E8-4781-B310-1D7F751E02D0}",2023,20,8.40787391324419,37.1259246646439,109.40578406835,0.00624219725343321,2020
"{CF221508-37BF-4F7A-BBC5-0C7C0D50DF0E}",2023,4,5.35572309278079,38.2025058681052,115.842901515738,0.00124843945068664,2020
"{0C74499E-F029-4253-8256-95F4317BC44D}",2023,6,33.1314628050447,112.862962687846,1011.7704903516,0.00187265917602996,2020
"{B2EF9FCC-2CFF-488D-8669-56BC21B4E004}",2023,3,31.3725247639466,30.2743632611659,72.7504626909509,0.000936329588014981,2020
"{16DFA9B2-F4E6-4C4D-8962-C7B442847A71}",2023,3,37.5025736915374,33.2063709380381,87.5242816901658,0.000936329588014981,2020
"{98B92A5A-F3B3-4D7E-AC9E-A8A93E8CCCEF}",2023,16,38.6460090923883,46.9609545585959,175.048969101228,0.00499375780274657,2020
"{5C45A47D-756E-4C72-9397-534E13DDC2CA}",2023,4,14.0245926959253,215.853461850241,3704.1038767273,0.00124843945068664,2020
"{C920F829-BCAB-427A-A298-9BE049EE70C0}",2023,12,8.44154238518872,43.8061209841213,152.319435489349,0.00374531835205993,2020
"{8BB491BA-B2D5-481E-BA96-4287CD4ECEFA}",2023,19,13.4352248031792,31.4156806489614,78.5365544564991,0.00593008739076155,2020
"{48284736-A470-44FC-84CE-67132FCBB526}",2023,18,13.4034413726338,31.4156632489978,78.53646913215,0.00561797752808989,2020
"{472CF633-5F21-4311-BC3A-445873300E47}",2023,12,7.89164821209568,21.0233397055212,35.1707721323523,0.00374531835205993,2020
"{44505281-E84D-4C7C-8399-821FA2473D8E}",2023,16,3.87845471989641,68.22890329784,236.120836887249,0.00499375780274657,2020
"{E2107EDE-FBD7-44AB-BCDC-E75472B14CD1}",2023,21,10.3547194921069,363.824442757982,8525.22542035971,0.00655430711610487,2020
"{8929C771-7FB4-4A8B-9CDC-4092BB500947}",2023,9,4.66435502514646,45.2883620735663,139.253681073396,0.00280898876404494,2020
"{83264D34-7B3B-4F5F-AA63-135EFF1F450D}",2023,17,28.4250604398293,43.8068900540262,138.368931991862,0.00530586766541823,2020
"{6D2C5922-39BC-4118-889E-3EBD1B38C499}",2023,12,2.45308746748375,273.215866326728,2563.97386776966,0.00374531835205993,2020
"{C9437128-AA64-40F3-A8B0-82B7C9B805A0}",2023,7,21.2200944026258,73.1422498340438,363.653000633669,0.00218476903870162,2020
"{FDEFC0ED-E8AB-4D90-B848-4E02DB5BD475}",2023,1,17.3324051024547,53.4295577621941,216.607026931915,0.00031210986267166,2020
"{89028E5A-E94D-491D-BDC2-F965E179A4B9}",2023,1,21.8946906464974,10.3798913544451,7.89748722606684,0.00031210986267166,2020
"{41CD6F28-B1E5-41E1-BE45-272FEE6B9F91}",2023,8,7.29426272419411,196.904461356946,1783.87012625639,0.00249687890137328,2020
"{51D3FFBE-D29E-4518-BBEE-883AD615E24E}",2023,11,8.5799218745703,95.8919649933308,347.422807287945,0.00343320848938826,2020
"{CB116D27-7C27-4E58-AAF0-3B0FD03C2DA7}",2023,6,8.45798380557521,83.4031300089625,334.248148977155,0.00187265917602996,2020
"{EC846678-72DE-4FA3-AF86-D2CFB5986D6A}",2023,4,7.10370359126013,96.952621910513,565.095557711441,0.00124843945068664,2020
"{8CBA9D8D-4490-4FB3-89BD-944D0265C43C}",2023,10,12.4141141811252,334.372021791755,5312.17319904589,0.0031210986267166,2020
"{8D4C60B0-D02B-4A43-8B18-9F5686D6C9E4}",2023,2,3.15285798153547,194.716871242344,1874.24087722534,0.000624219725343321,2020
"{A2D9EF55-740D-4AF2-B61A-1A81662A32D9}",2023,1,10.1596485071261,249.756353713734,3336.52909490855,0.00031210986267166,2020
"{32BE04F0-CA23-4B70-8048-F465DD68D934}",2023,12,1.97890951978539,216.212103594574,1495.17339947392,0.00374531835205993,2020
"{25AC4165-1D71-4C24-A002-51E1DA52FAEE}",2023,6,21.5563465491087,29.9913079678837,55.3016208198034,0.00187265917602996,2020
"{0D2B2218-867A-4CEB-8C1F-2980240B0C1D}",2023,1,21.6574877552437,8.41633950329463,4.69731308578079,0.00031210986267166,2020
"{E92AC0C6-EC53-451E-845D-66A32BF35BD8}",2023,3,4.85779949551817,255.399601277372,2764.1923005677,0.000936329588014981,2020
"{E4F948D8-5DAE-4D22-963A-18619E2E00E0}",2023,9,6.02472855035351,1854.75186570898,76844.52026692,0.00280898876404494,2020
"{8EAE92C0-FFFE-4D7B-8A16-9391CFACB374}",2023,1,14.2120599791456,5516.03679346268,108605.441186997,0.00031210986267166,2020
"{FF1657C9-D0F5-45FE-9C33-510C75DE646D}",2023,4,10.9394998576281,444.321529069933,12927.434266214,0.00124843945068664,2020
"{A709CD61-E1A8-4E1D-B939-756C692B5220}",2023,2,38.5479324713216,1197.10562761506,76651.1319616453,0.000624219725343321,2020
"{8BF685D7-4C6E-4F6B-92D5-65B156379F28}",2023,10,36.290119726826,1467.94659379575,77883.1686582152,0.0031210986267166,2020
"{F02BF650-E81E-4A89-A46F-0A12EF0693ED}",2023,42,54.6648038678842,327.327245353796,3424.66018290354,0.0131086142322097,2020
"{8A690E7C-5AC8-4C97-A52C-3C06196FA380}",2023,10,11.653731192998,481.004223102724,13944.7102715937,0.0031210986267166,2020
"{78F1B6DC-5840-44D2-BEE0-57036CF5F610}",2021,10,23.2991632128855,210.867350687144,2370.62503009892,0.00124688279301746,2021
"{7E37F159-DC6C-4236-ACED-527D743B19C0}",2021,6,22.7123388317093,422.192402083066,10228.5641010608,0.000748129675810474,2021
"{BC7BDCC1-4C83-4887-86D6-9E4ABDCA664D}",2021,2,13.8082965840432,496.514196284822,13762.8730582025,0.000249376558603491,2021
"{1A93455D-9552-47F3-9BE6-534E40510088}",2021,1,14.5563496510322,380.256317865698,9243.24581328265,0.000124688279301746,2021
"{87816F43-A0BC-4258-922D-5A98827BB425}",2021,9,13.0015805229526,242.931645525961,4208.87607370727,0.00112219451371571,2021
"{9974EF47-3113-4AC6-B56E-30548213FBB9}",2021,3,26.1454841687435,663.725419584316,30497.5683071722,0.000374064837905237,2021
"{890910D5-2125-4B93-BC2E-EB58E7B413C9}",2021,12,0,124.159794419347,657.442293978311,0.00149625935162095,2021
"{A988EBFF-D67B-43EA-8378-51B572BC0B75}",2021,6,7.46627727868046,97.6953715600195,569.058863268408,0.000748129675810474,2021
"{E4A0E55B-9D23-4BA1-AA7D-2486EAF349FC}",2021,2,7.05844772124366,470.530789208424,8839.07503732716,0.000249376558603491,2021
"{DC600DF9-71AE-4BA4-8C90-CF875FC706AB}",2021,14,11.1803177394498,1043.27814873311,45511.1746232489,0.00174563591022444,2021
"{B5798FA9-A1AD-4E33-B62F-3302CD8BE7AC}",2021,30,1.66573818988378,2539.55049793046,319581.289653824,0.00374064837905237,2021
"{18FDAC32-3398-45C2-97B9-D89285682356}",2021,4,3.37587012908598,378.4407582753,9639.85590786541,0.000498753117206983,2021
"{1EB32B83-15AD-4081-8E85-A2F1ED9A522E}",2021,1,7.01141657155509,298.416208508674,5143.29634579226,0.000124688279301746,2021
"{06AE92C6-4F89-4317-A357-13EA7C62246E}",2021,1,0,838.595221043799,43585.2071579017,0.000124688279301746,2021
"{19B81551-A478-4CAF-9722-97BA969C5278}",2021,1,0,379.342271678564,9677.07245764679,0.000124688279301746,2021
"{7381B1DB-072F-4B4C-9439-D120F2C362E8}",2021,4,8.26993047376839,357.938871671714,3686.17005359673,0.000498753117206983,2021
"{16703F35-902D-4BCD-80E6-038DC118F188}",2021,17,0.861717695982276,124.055102949381,945.650410407172,0.00211970074812968,2021
"{7427D7F8-0A52-433B-BAA4-2F926EF2D962}",2021,3,1.24474706607491,471.422703966924,7479.82294037814,0.000374064837905237,2021
"{CE774275-EA0A-4F68-AE90-605B9FB68E2B}",2021,5,1.26376848144101,484.797287273066,15685.0002095328,0.000623441396508728,2021
"{98EE3C70-EF8C-4880-B94E-A90DE6AB7805}",2021,3,7.93462662916501,221.624233185754,3449.57999309293,0.000374064837905237,2021
"{6A1644C9-6C94-4C98-9D8C-8FE0952BD2B6}",2021,6,0,495.586092404154,14731.5956040093,0.000748129675810474,2021
"{268A26D5-517E-4B11-950A-FFC088708BFF}",2021,2,5.53026131136152,367.025802445689,6442.38582385874,0.000249376558603491,2021
"{AB4194CE-C76F-4060-9003-845055433496}",2021,1,5.76187853127085,247.114930649851,2577.16737957821,0.000124688279301746,2021
"{45DFAAB9-FFFB-466E-B272-4F9DF5D8E4A7}",2021,1,0.004557787422568,405.367603410765,10234.4923624999,0.000124688279301746,2021
"{A9D0574B-D150-4AB8-8DCD-23EBAC9D94CB}",2021,3,0,594.706002877476,22052.5978806562,0.000374064837905237,2021
"{5A40296C-8517-47EB-8BB5-19AFD59053C8}",2021,4,3.25070616621485,397.475613355009,8479.20701846245,0.000498753117206983,2021
"{2394DF0F-9A54-49F5-B882-420B5A6DD45E}",2021,16,5.85165047780353,120.799746220798,931.129284542742,0.00199501246882793,2021
"{3700FCC9-BF06-41F3-B2B3-B60A06D4EF1E}",2021,3,4.38817370639411,391.918977680662,9493.60298132765,0.000374064837905237,2021
"{60DC2F74-F917-4350-BB42-8100EAC72375}",2021,4,5.92421096352107,349.274344086681,7009.52175224467,0.000498753117206983,2021
"{27FE8352-9B7B-4B80-AB87-5CC019F7BF87}",2021,3,3.6394851388817,602.605667765245,26633.1264264426,0.000374064837905237,2021
"{28594B2B-8E1D-4A33-951E-DE639EAEB2DC}",2021,6,9.67585351688439,323.639800202549,6625.80222861657,0.000748129675810474,2021
"{95699FBD-899A-4129-BC21-3249CE104D5E}",2021,1,10.0450295190054,458.614709174033,12831.557536095,0.000124688279301746,2021
"{1D6133B8-5580-4D8E-8455-5D3697C4BD3F}",2021,3,0.258859039916256,127.784866160089,781.063228804847,0.000374064837905237,2021
"{5B8F559E-98E8-41CF-919C-9D1478BCB135}",2021,1,12.0864224024431,1311.10071806419,67000.6560436663,0.000124688279301746,2021
"{32A64078-66E9-4E14-89BA-D781CE18F47C}",2021,2,12.930529724155,256.497420102831,4158.74502481121,0.000249376558603491,2021
"{7DD03219-EE3F-4D18-925B-2629F1984783}",2021,7,11.8074234490554,437.773012412552,11894.9850184283,0.000872817955112219,2021
"{8C507799-7EEB-4947-B693-47DA6A9833D8}",2021,8,0.429902953074054,152.744410574334,1523.40848005449,0.000997506234413965,2021
"{087A72D2-308E-452B-B09D-776525A5132A}",2021,9,10.3387837725993,204.975300872224,2920.29026523008,0.00112219451371571,2021
"{67F9AB8A-9E86-4D37-A1F5-F5FD9D4D4362}",2021,2,6.21292631053342,539.410507458552,15098.9618816992,0.000249376558603491,2021
"{A3E2F1C9-18C9-44E3-9244-010822B1E8B2}",2021,10,5.09849537413966,228.913576310399,3037.09385283608,0.00124688279301746,2021
"{096EF763-B90F-4D9A-AEC5-C0C9650EF7B7}",2021,5,4.44334750812154,391.30108819469,7843.84677892064,0.000623441396508728,2021
"{CF1BCBD3-AECE-47B5-9060-D0E5CD7069C1}",2021,1,1.30901782966592,377.961151603427,7126.37596453675,0.000124688279301746,2021
"{5862A6E1-FD38-45EE-B34B-9D905466EA59}",2021,13,18.0658349016286,323.673092003802,6536.40193765202,0.00162094763092269,2021
"{41436BA2-ED67-4318-B2A3-BAF1A0969A17}",2021,11,2.00773610576238,200.19519123539,2641.3610163447,0.0013715710723192,2021
"{052C6D6F-4B09-44B2-8F82-0FBA3086812C}",2021,1,0,271.165498178928,5404.95284564772,0.000124688279301746,2021
"{15289E17-F6C3-430F-B3FE-E4708D48385D}",2021,1,0,261.673941703733,4150.02682929334,0.000124688279301746,2021
"{74371FD7-B72B-406D-8E53-7AB61416298C}",2021,3,0,188.936074501976,2663.39022850052,0.000374064837905237,2021
"{22025817-31A4-44E7-906F-39FEED8878BA}",2021,1,20.8978376724983,490.787844836286,15783.8911025366,0.000124688279301746,2021
"{AD662444-D266-46CF-9F9E-48F34467F2DF}",2021,2,14.88638648834,449.349336767755,12030.6474778754,0.000249376558603491,2021
"{38CFFA2A-044E-4B28-83F5-517B91133D61}",2021,8,0,227.097970228114,3593.71185989241,0.000997506234413965,2021
"{6875D56C-893A-450D-AC3C-F601A61FFE91}",2021,12,19.9218722591147,577.987394191176,21487.0677707033,0.00149625935162095,2021
"{A594AE1B-C98E-4B9A-82E7-031101B6B41B}",2021,12,19.9418242770745,332.52750587324,7413.51440252854,0.00149625935162095,2021
"{04DDDE4C-ED13-48DE-B03D-5A1B1C532B4B}",2021,13,11.5417466027161,266.130534069098,2957.52351594271,0.00162094763092269,2021
"{F9CD4609-8C81-49FD-AECA-7B954D488E78}",2021,23,19.8307598237506,332.320882169205,4571.07575307596,0.00286783042394015,2021
"{156F77CF-FD6F-4825-A688-A5185A769F35}",2021,10,19.5525145089623,237.0342195388,2711.90256938787,0.00124688279301746,2021
"{103DD684-BFC8-4C63-98E3-7577D49A8A2C}",2021,3,19.320974475058,116.938934196986,957.139901581064,0.000374064837905237,2021
"{861A1F59-1D39-40E2-85C4-B353A6083FF7}",2021,12,1.09476941229046,132.88418397578,1020.97522442365,0.00149625935162095,2021
"{78B40242-2B23-4AD9-BA86-5F141965BBD6}",2021,5,0,217.698639207159,2830.43988325808,0.000623441396508728,2021
"{DF4E2349-DF45-430E-A622-C1C6B7735D52}",2021,14,0,89.3955392782541,514.329488758369,0.00174563591022444,2021
"{52F517B3-33F6-455D-B136-F808D34F1897}",2021,8,1.60310408205139,349.105659814976,8460.73258743887,0.000997506234413965,2021
"{F919E61F-6F58-4669-879F-A077180DC329}",2021,5,0.621936134235452,239.746690681392,3893.82196732975,0.000623441396508728,2021
"{F84DBA07-226D-4F95-9F31-F95CB8183FB2}",2021,5,1.92695111780924,238.124288968926,3186.44598192505,0.000623441396508728,2021
"{AB6935AC-66EF-489D-8F97-A97B7143B059}",2021,2,3.24476227642257,1071.11779404757,22593.0835756998,0.000249376558603491,2021
"{EA465643-2552-4A07-A5A4-CA64F9FF4B55}",2021,10,3.05457030346365,81.53458695299,491.171833220857,0.00124688279301746,2021
"{BC269C5D-3556-43DD-B8D1-370B317F8683}",2021,3,6.64087566298918,1169.34455439869,52301.5751309903,0.000374064837905237,2021
"{B63406D7-EE24-417D-9C94-26CC8A60B7FA}",2021,1,5.98945363203897,372.764550125523,9486.75714273238,0.000124688279301746,2021
"{85391146-7EDD-4AE7-80CF-04662C1E4A4C}",2021,4,2.64531842316342,358.86059513994,7049.46054229308,0.000498753117206983,2021
"{3D442A07-9261-449B-BDCA-C8EB850A06F1}",2021,3,20.0421848505967,3424.09518403451,113335.155242322,0.000374064837905237,2021
"{A8E431E3-FC68-4553-8AEA-F7A9F2F3C2AF}",2021,4,0,429.66947118846,10503.118063626,0.000498753117206983,2021
"{1EED0611-5211-4875-94C7-67D9BB1D0302}",2021,1,0,1065.48628563291,71737.4979749342,0.000124688279301746,2021
"{3BF8BC45-3CD3-4B1E-93FB-E0E2D11171CB}",2021,4,6.83738893599629,4919.46369706455,1203142.22959114,0.000498753117206983,2021
"{49FA85C8-27FA-4719-A306-098BF7B1F3EE}",2021,8,2.13509827785202,79.7219055018672,428.895599001003,0.000997506234413965,2021
"{8D16E815-FC0C-4F7A-9CF0-D6959DBD07E3}",2021,20,0,161.222959392216,1796.0450178666,0.00249376558603491,2021
"{B4A541E3-B0DF-42F6-8604-FB843A51D7CD}",2021,2,0,236.630217657543,3550.29765858359,0.000249376558603491,2021
"{5B6A7410-D040-4ABB-AC8D-0E99E58320BD}",2021,5,0,135.366986713469,1045.13150715481,0.000623441396508728,2021
"{26CB97AD-FBE7-4A75-A1F3-892C043B7DD1}",2021,11,0,104.274532086447,649.424584458047,0.0013715710723192,2021
"{62607207-E7E5-4086-9535-513122DF35C1}",2021,1,0,147.984716215788,1170.67656646846,0.000124688279301746,2021
"{156EFCD2-696D-43CC-A909-860B6E66D371}",2021,6,0,114.46726491184,802.068387905193,0.000748129675810474,2021
"{56692CE6-DE22-4FA3-B904-A58D9CD0F0AB}",2021,6,8.04231284860224,118.242777618454,829.357060204857,0.000748129675810474,2021
"{EC78D67E-B8B7-4472-A7C6-B5E805466C3D}",2021,1,0,132.223022411088,1234.18265035681,0.000124688279301746,2021
"{52CBCB83-0E48-4087-9ADD-35810C7F3BDB}",2021,1,8.05884202440264,110.244118596984,814.990992223472,0.000124688279301746,2021
"{FD34FE05-90A9-47A0-96DE-FDE0D59D2663}",2021,1,0,427.664899101988,11511.8938110727,0.000124688279301746,2021
"{76304A11-0D0B-4182-B1E4-8878F7FDA148}",2021,9,6.86470609571939,145.670620400202,862.120963171588,0.00112219451371571,2021
"{5790FF26-A3CA-4027-A49C-C9DF0A510534}",2021,2,0.054715355693557,88.8012309494955,576.846223467608,0.000249376558603491,2021
"{D929173C-0DB2-4864-B180-E467DBAAF3AB}",2021,10,2.30033580229084,141.93970542048,1342.3809721115,0.00124688279301746,2021
"{ADB52A61-C5EB-46FE-B29E-645BC34D089F}",2021,1,0.738767171789824,232.0306057388,2132.92535862784,0.000124688279301746,2021
"{1EE22467-38CE-4382-8CCF-76D7D7149626}",2021,8,1.23939950964716,98.8683188320646,620.943005105041,0.000997506234413965,2021
"{352E9838-D682-47AC-8890-095281C31D03}",2021,7,0.024910549311002,100.749952122325,712.711120319416,0.000872817955112219,2021
"{53A34740-A87A-4B27-BAEC-7F5C378A1498}",2021,8,0.504722362367017,106.535276393975,631.706834325113,0.000997506234413965,2021
"{A2178222-FD6E-4578-AFE4-A82BBF9E33E7}",2021,1,0.443927042546363,76.7557520790371,390.71589947321,0.000124688279301746,2021
"{E0557515-4E41-4308-A220-5D58AC32B594}",2021,4,2.9862575689962,205.676371457549,2727.3338619176,0.000498753117206983,2021
"{8042F553-C838-4AE2-BB87-CBED2047F70B}",2021,6,5.29149656876256,181.628178869235,1499.90075224123,0.000748129675810474,2021
"{6CB97659-8AEE-4CC3-8336-ECE7B0086273}",2021,1,6.18709370600584,205.072294537923,1955.16110847381,0.000124688279301746,2021
"{86226414-4A1F-43BB-9D3A-9F3160B14EAD}",2021,1,6.32649710040987,183.915542676903,2172.3746907964,0.000124688279301746,2021
"{0A58CB74-04CF-4268-B792-A1BCE3DD9A16}",2021,2,6.20743202480521,75.9046598047564,373.550762686909,0.000249376558603491,2021
"{98C621D9-77F7-4482-B257-3279E96EB449}",2021,13,6.71289620472482,99.6655958334518,734.896551348877,0.00162094763092269,2021
"{6EEAE580-2D9B-49C6-9697-FD5D2F3BF1E2}",2021,2,0,229.189410345659,2950.48873948627,0.000249376558603491,2021
"{94A262D8-7CF2-4FAA-976B-892672B8E50A}",2021,13,0,142.967005179603,927.507096726919,0.00162094763092269,2021
"{077440B7-314F-4A5F-B8AD-AC7786BE868D}",2021,9,5.01759080302969,248.444466845489,2486.85447933362,0.00112219451371571,2021
"{4F0087DF-D694-4866-898A-2E98548A015A}",2021,1,5.01268481092751,465.009894404139,5251.71262111508,0.000124688279301746,2021
"{98D25238-5EC1-43E3-856C-3889D6541498}",2021,1,1.62304431766412,142.41518258223,997.63059769775,0.000124688279301746,2021
"{592593F5-2643-44E9-A9F6-74A6C6BBA3A6}",2021,13,1.97574379383391,171.878773402113,1516.38146399191,0.00162094763092269,2021
"{4C5FCA59-1AE4-497C-9253-4EF34C76F8BF}",2021,13,2.06502290956511,88.0289490176939,526.265492130198,0.00162094763092269,2021
"{6A5EABEE-DDC8-4524-A51B-14F0B03A7295}",2021,6,4.44671222185639,199.924201174508,2557.52378395113,0.000748129675810474,2021
"{9D7A51DA-4BC2-4588-BB87-C5BF8938825B}",2021,4,5.51184197085917,124.341523928238,832.379692661296,0.000498753117206983,2021
"{E6384B5F-E47C-4ABB-A842-A22FC3F0259D}",2021,5,4.70939525656448,270.702878985388,3754.28623860765,0.000623441396508728,2021
"{A27FD46E-709E-4C9B-993E-BA05E50BCD3C}",2021,2,12.7021002253583,190.266112582366,1961.10055928507,0.000249376558603491,2021
"{69152844-B464-46D3-8C2F-AFB35455ACD5}",2021,1,11.432100289065,96.0321522210176,559.594617009962,0.000124688279301746,2021
"{E93E7E3D-0FD5-40D2-9A92-4E1453D30ED3}",2021,10,4.74726340179314,122.076594891084,650.075283695805,0.00124688279301746,2021
"{52ECC4D8-5EA4-4CDA-8057-F67E5E791E83}",2021,2,0,126.758288990058,965.835876371764,0.000249376558603491,2021
"{7942CE55-165B-45C6-82CA-5B3653593EB9}",2021,7,8.62154457642887,126.156560013286,1142.38751656188,0.000872817955112219,2021
"{7C20653B-31EB-417C-8731-5818F44E3C2A}",2021,2,5.84635984545082,165.201836033497,1947.67885339377,0.000249376558603491,2021
"{D9AEBF5E-6E3B-4BED-839D-2635B53667CA}",2021,6,18.207978671935,190.974267374037,2487.77493711784,0.000748129675810474,2021
"{EF7B5BEB-B366-4EB0-9E9C-E0ED0E221250}",2021,8,0.142151446666993,149.030788389986,1622.7013250885,0.000997506234413965,2021
"{450F3742-ED9B-459B-B66E-25A9CC6D0418}",2021,3,0,280.279527139531,2961.83471969296,0.000374064837905237,2021
"{6E96485C-7FE3-4CFD-9F7B-A0F9E35D7F43}",2021,6,18.1656446817629,189.71568817644,1938.17647463593,0.000748129675810474,2021
"{2EECA1A0-AB9B-40E2-AC1C-044A822FB5C1}",2021,2,18.5786467478569,181.730962256905,2126.37446374906,0.000249376558603491,2021
"{C53F5334-4CEA-4850-BF9C-E96499799EBE}",2021,1,0.235923037244856,314.491924934718,6916.39449847004,0.000124688279301746,2021
"{D5ADF113-AFD6-4E56-ABBD-0B3D91C47E26}",2021,9,0,122.006062856135,860.673622114757,0.00112219451371571,2021
"{4056B5EA-DA97-4ED1-B0A9-D04F3D98E5AF}",2021,6,19.9876329707421,88.5672045300187,542.345154619406,0.000748129675810474,2021
"{5DDA1B71-E837-4C43-B135-50104841EA65}",2021,3,0.294557793454585,137.761814992898,1426.79946618581,0.000374064837905237,2021
"{74FBB0AB-D63E-4EE6-9F2C-4AD8DD623991}",2021,5,0.041939437054166,139.510041265784,1373.68839865135,0.000623441396508728,2021
"{7A3D025E-64E4-4426-9AB1-D77D06F67558}",2021,3,0,191.158300807432,2233.14075414529,0.000374064837905237,2021
"{2C4399D4-89A6-4A77-B291-2F476529D12D}",2021,7,0,155.441565506969,1819.90641863931,0.000872817955112219,2021
"{1885C424-5A8A-4FBB-9751-B519F7F1C38C}",2021,1,0,96.0568473270294,660.67711701863,0.000124688279301746,2021
"{034FE3C0-4503-4BFA-ABC3-EB5D4B41821F}",2021,2,0,140.559306312098,1117.81380217913,0.000249376558603491,2021
"{23442B84-2E20-4208-958A-ABB6762C13B5}",2021,2,0,90.7631603678808,511.659348893655,0.000249376558603491,2021
"{CE0622A7-4CA6-44AA-8FF7-9B7E9AAF4827}",2021,2,0,149.62988246678,1268.82019398916,0.000249376558603491,2021
"{02133DE6-4D35-4F04-8B96-2EA62A165F48}",2021,1,0,141.191314506208,1380.29972072444,0.000124688279301746,2021
"{F75AAFD3-EBFE-4EC1-9313-EA8369B3802A}",2021,1,0,213.742998958159,2848.64516526044,0.000124688279301746,2021
"{79DEAFFC-D957-429D-8AA3-FE01D090854A}",2021,1,0,140.894720271956,1473.88438420154,0.000124688279301746,2021
"{BF2B0AA4-EBBF-4107-9154-5339A4B70150}",2021,1,0,106.867776667419,739.215005142483,0.000124688279301746,2021
"{9EA4B1EE-0EA3-4C61-96BF-E6B1AB0DA9EE}",2021,1,0,170.99399917802,1357.32859389222,0.000124688279301746,2021
"{103CD693-EA35-47EB-9765-352B67B0F0EF}",2021,4,0,170.389001914747,1818.95131689809,0.000498753117206983,2021
"{DFE8849B-1AF6-462F-8749-E73A0213432B}",2021,6,0,99.2571324126014,713.166642204676,0.000748129675810474,2021
"{D0CA9AFA-7860-4823-A409-C4C1E3654F85}",2021,7,2.35158393207788,268.346227318485,4089.05381411183,0.000872817955112219,2021
"{1C40E217-7B0D-42A8-AB0F-EFD125FFFEFE}",2021,1,0,223.211503759742,3277.65363489448,0.000124688279301746,2021
"{7EC10803-043C-4D1E-B09D-557B69CD08C6}",2021,3,0,228.130905581748,3805.30403379614,0.000374064837905237,2021
"{23774440-1E5B-4983-AD00-57C06CEDA859}",2021,1,0,609.326345339795,23719.3318729024,0.000124688279301746,2021
"{2BC6F60E-1BBB-4ACB-9054-1D42DB7A1929}",2021,10,0,679.937289633964,25080.3937198975,0.00124688279301746,2021
"{491B4B84-0D02-4077-8EC3-5A7445E6380E}",2021,7,0,321.679174601591,6807.19480657147,0.000872817955112219,2021
"{0743CBBB-C07B-49A4-ADC6-A2EF686F3FD0}",2021,6,0,704.564304437979,18733.7321654553,0.000748129675810474,2021
"{88EC61C5-63B9-4B64-8A29-EABD6C0E4CB0}",2021,4,0,633.12635325768,24486.4088128431,0.000498753117206983,2021
"{81131CA2-23D9-49DF-8E92-2E48D291E988}",2021,11,0,824.77525182456,36740.1403600071,0.0013715710723192,2021
"{96D5FB64-F126-4124-B2EF-AA86BD033CA8}",2021,6,0,341.187490190665,5236.77447477413,0.000748129675810474,2021
"{7480F437-B504-4B54-9DFD-5DB39B97E646}",2021,1,3.44824519047646,120.101036852952,1010.74541164698,0.000124688279301746,2021
"{FCB1B7DA-FF15-48CD-A48E-2334FDC55C39}",2021,10,6.73570640340224,113.703219484411,925.169730156333,0.00124688279301746,2021
"{DB39B942-2D98-4911-BBDA-26D09E6AAA56}",2021,21,6.49745040939792,137.601349499208,1177.44699105136,0.00261845386533666,2021
"{1372B079-6780-48BD-95A4-3AB4F4B4252F}",2021,4,2.26847214154267,202.936725495306,2608.15182687534,0.000498753117206983,2021
"{8C8469C0-6006-4F81-A659-38A2D9C95A9D}",2021,4,0.097890783638262,365.128036897262,6058.27578987364,0.000498753117206983,2021
"{11B222FB-9DD6-46AA-B21F-9D264CAD4EBB}",2021,6,0,307.772211242027,6028.12736456163,0.000748129675810474,2021
"{108B9BBE-9F4B-480D-80DB-641CDA75FEC3}",2021,3,0,300.621500794997,3474.91705631106,0.000374064837905237,2021
"{409E31EA-002E-480E-A555-263E1B8C20D5}",2021,5,0,426.041912380072,5376.83076493768,0.000623441396508728,2021
"{F6EDFB03-83D1-4F88-B5A9-98C41A76016C}",2021,2,2.47929049492118,540.570857996598,21115.1291120232,0.000249376558603491,2021
"{6B20B817-41FC-4B89-B4B0-FC8ECC7B11F8}",2021,12,3.76293604477961,803.798613841947,26964.0257700382,0.00149625935162095,2021
"{AE48FF0B-24F0-4BFE-B6A8-4D7E6CA004EB}",2021,19,4.54038165185279,486.035183181263,16029.9220566165,0.00236907730673317,2021
"{0791C64D-27EC-4D28-B3E7-3EA0F736C900}",2021,9,5.39107090130624,775.742396032516,22150.3336518939,0.00112219451371571,2021
"{B41BF802-AE2F-4DC2-BAE7-D929EC02BF2E}",2021,3,0.584140629265845,520.051253731256,16092.6211845201,0.000374064837905237,2021
"{8E432D9B-521D-4B7B-9705-5DB458F48840}",2021,12,2.80414312692156,1235.43305621857,45517.8476059543,0.00149625935162095,2021
"{0C97D691-02F1-41E5-B48F-BA2E6DDFC1C8}",2021,5,0,700.726790764029,31507.5506952711,0.000623441396508728,2021
"{83A0D824-4B87-40C0-8A36-013B0EFF25DE}",2021,34,31.9992313843105,485.052318472488,4500.16734271957,0.00423940149625935,2021
"{4B402375-80B2-46B3-B3F1-30D42C6AD0E4}",2021,7,31.8365680924882,604.618344606545,10817.3489976552,0.000872817955112219,2021
"{F44CD29D-537E-4595-899C-00CACA7D576F}",2021,10,38.7182451512331,509.226125618472,11950.2748402017,0.00124688279301746,2021
"{242EC47A-2AD1-4A41-A05F-4CE30D671A06}",2021,4,21.6079906972,413.672120051407,9449.39037586765,0.000498753117206983,2021
"{701FA8E3-36B1-469D-91B6-897A19F16FA7}",2021,3,36.199621837613,1138.6771935885,58089.032674366,0.000374064837905237,2021
"{C86A846F-2ED4-43E6-B408-A71BB295C022}",2021,4,5.49368324689685,318.152772294004,7335.06697828213,0.000498753117206983,2021
"{7AF953AF-CB57-40DF-ADCF-31650C578077}",2021,1,0.086286782490314,420.099415693375,11407.5202491221,0.000124688279301746,2021
"{15126EEB-CA2D-4D35-ADD7-93D53F337AE4}",2021,2,0,207.074223551863,3060.05140139403,0.000249376558603491,2021
"{001DD091-8BA1-4B43-A21A-F9F5BEC16D2C}",2021,14,0.105511199792743,83.492516806071,457.655442509979,0.00174563591022444,2021
"{27F2D8A9-CB81-4995-A117-1E65439E3B9B}",2021,20,1.5983748552448,334.908782374136,3910.2327794029,0.00249376558603491,2021
"{40E4D639-64AA-4DB5-B0FA-25CA384C90E9}",2021,16,0.427568427037993,137.523323549,1398.5263437586,0.00199501246882793,2021
"{89B69AC2-638B-418F-A72A-FE1711045683}",2021,14,0.774118985397903,246.559217883875,4493.2422123743,0.00174563591022444,2021
"{6757E1C7-B9CD-4E6C-95BC-0351416B7AC7}",2021,13,1.8773895121318,258.999381416019,3319.33679619174,0.00162094763092269,2021
"{B51696E6-6751-4E3E-AE08-2F6F3FC66AA2}",2021,1,7.65804152764616,607.898216765532,16597.0044418432,0.000124688279301746,2021
"{A2F445A8-2745-4AAB-AB37-D11010C5BC8E}",2021,15,6.53484708738172,278.605510439929,4573.67371613469,0.00187032418952618,2021
"{98CFACBF-4BCA-4361-A841-9013331ACBF6}",2021,12,2.30493492659589,1152.39655865243,81316.9202748092,0.00149625935162095,2021
"{99F8F60E-FB4A-4A82-9D0F-2766F20C3735}",2021,32,6.41159785386394,343.645192265776,7135.95819167452,0.00399002493765586,2021
"{D03C6731-87E9-4C71-938B-78F201E14E65}",2021,4,6.57388777640761,438.303850869522,12372.5111679421,0.000498753117206983,2021
"{7BBC1119-427B-4F52-8CC4-3524A51F7F97}",2021,10,4.96729533885091,7597.68579477565,243870.055492774,0.00124688279301746,2021
"{74BB42A6-5C60-40A5-BBF4-CF1C27043EFC}",2021,12,0.504329321403201,1001.50555540098,48218.0285489647,0.00149625935162095,2021
"{0DC7703F-DB9D-41DB-BAB6-268DFEF18418}",2021,11,0,953.539125209594,48409.7375164511,0.0013715710723192,2021
"{C2A7C44E-E81D-49A4-A5E4-D77425B0B01C}",2021,3,2.5556076972144,717.040519317971,17502.595692222,0.000374064837905237,2021
"{0D93E03F-0F63-469B-84B1-0838A5B7B6FD}",2021,2,2.5904441583764,600.138372016969,12024.7303676455,0.000249376558603491,2021
"{BFC01EDF-BA04-46B9-B43A-FC9114A93CF2}",2021,1,2.45374070159881,293.459172714785,4596.17518092575,0.000124688279301746,2021
"{58FBAB40-7026-4DCF-BD30-82F7E21C124E}",2021,2,0,494.135534503794,14962.5764092642,0.000249376558603491,2021
"{9F134CAB-47D7-4DCE-8F86-6FB0B7E74111}",2021,2,2.32496266734213,317.261545577134,5557.98590808847,0.000249376558603491,2021
"{1078E3EE-FEF5-4128-B45F-AFE72024C07C}",2021,1,2.98275747622353,521.90625614691,16516.2490788885,0.000124688279301746,2021
"{6FB74A83-F34B-4E50-83AA-02E4CFDC7EAF}",2021,6,2.28687167072533,520.467468236741,10116.4337176533,0.000748129675810474,2021
"{E418B5E3-5761-4562-9097-717397308342}",2021,16,2.71559541134467,406.802230414869,9592.40182250726,0.00199501246882793,2021
"{7AFED21D-9D52-46F0-8BFF-BEE6C1A18FAE}",2021,1,6.85306559649518,174.262832819395,1768.40623919067,0.000124688279301746,2021
"{74BF75F8-1E7B-4464-912B-04AEA5B01F73}",2021,19,0,54.2490719535309,212.076048781161,0.00236907730673317,2021
"{B66DAADF-4F66-45DD-9DA4-EC1EF0A6A229}",2021,6,0,57.0709479958643,194.411724994581,0.000748129675810474,2021
"{821A7BA9-D8D2-4F46-B95D-77B10C3554ED}",2021,3,0.734213715529802,229.213818842574,2253.30721436405,0.000374064837905237,2021
"{4FC2392D-71D5-466C-BEED-040B7E7CF6FB}",2021,8,3.28201282670112,397.654927807059,7772.0881126787,0.000997506234413965,2021
"{2422027D-C7EA-4CE3-9C87-670DB8BF1256}",2021,9,4.53915260233538,250.780693332764,3297.01120279672,0.00112219451371571,2021
"{DF91332E-36CD-4A54-BB09-4002C9E3DE1D}",2021,21,3.58919686911205,90.9474535597183,559.92566645425,0.00261845386533666,2021
"{099527A6-EF84-4717-B43E-13EB7F5E348E}",2021,1,0,100.032225841922,616.264453415176,0.000124688279301746,2021
"{6361387F-F346-40EA-82DF-87990066E492}",2021,5,0,226.69514911302,1502.38117702645,0.000623441396508728,2021
"{C0C3E9A2-F54B-4B52-B9DE-9DEA798B11DB}",2021,1,0,165.763464290068,1336.39294853974,0.000124688279301746,2021
"{F44C9694-F8D8-4172-95B8-1369C07495D7}",2021,13,0,203.984531611167,1246.87939130561,0.00162094763092269,2021
"{AEBA4A79-78B4-4B6F-A7CA-E95167B90B1B}",2021,18,0,48.997659608241,151.465356486297,0.00224438902743142,2021
"{5FD516E5-B5B3-4CF3-93A3-7131700B771E}",2021,23,0,107.935437692694,489.46825248321,0.00286783042394015,2021
"{54EE75A9-E229-40A7-8DD2-207AA32F1489}",2021,23,0,88.3996243265145,433.428487095833,0.00286783042394015,2021
"{00B5E4A3-F1DF-401C-A33B-39140AC60E8B}",2021,13,0.755879823815933,70.9220578264602,342.12819233776,0.00162094763092269,2021
"{42DE9F03-9912-4C3C-A382-86920A8DE0F4}",2021,9,0,108.653218351335,685.609845656716,0.00112219451371571,2021
"{B906C775-BAEA-4ADB-B6D7-609067D76A52}",2021,37,0,641.497633234751,3022.40191050075,0.00461346633416459,2021
"{A9DF4B96-721A-41C6-AB12-72A45CEAA807}",2021,1,0,79.8704846714062,425.540354268003,0.000124688279301746,2021
"{8DCAD82E-EA54-4C5E-80A0-EA18BBCEAE9A}",2021,21,0,60.5962486225057,257.997039412363,0.00261845386533666,2021
"{C2CC9B46-3F25-46B4-BAB1-3567414A8F68}",2021,15,0.007442110488398,89.8172382046244,479.999354175775,0.00187032418952618,2021
"{10D569EA-2A40-4DBB-9B7A-98B36CDFBAC6}",2021,20,0.650452238455794,85.4955622609458,514.027244950271,0.00249376558603491,2021
"{4CB6F236-6547-4D21-B801-B6ECB526759B}",2021,5,0.049861118175404,189.139023236859,1497.38923561116,0.000623441396508728,2021
"{8C375EE6-2CFA-42D6-912B-35A8A8B82DD5}",2021,10,0,237.623880566103,3728.78270702955,0.00124688279301746,2021
"{503147E0-07CE-4125-929F-011A17664B70}",2021,4,0.383274592186373,137.730240499298,1104.96514421328,0.000498753117206983,2021
"{682617E9-FD18-4A6B-B9A1-40377392ACB2}",2021,13,0.083855363514631,126.391900347922,996.448673968124,0.00162094763092269,2021
"{803B621E-34EB-46A0-8E03-967015C7A212}",2021,4,0,65.3381827825699,240.523406409407,0.000498753117206983,2021
"{68C22F72-983A-44F5-99E3-793EEA52E353}",2021,10,0,122.254566272728,1054.11020947791,0.00124688279301746,2021
"{DC86C1B2-2CB1-46B5-AC1D-664781F89ACD}",2021,24,0,81.1075894903187,454.029871043211,0.0029925187032419,2021
"{0ADC009F-6422-41A2-B06A-F2A7C5BAF6CE}",2021,5,0,126.639355434799,918.090307277541,0.000623441396508728,2021
"{968ACC9D-42FC-461E-851A-DEA160061CBF}",2021,25,0,119.325187362108,675.539527892372,0.00311720698254364,2021
"{AE995136-88D4-4FA5-9B32-418DB535514A}",2021,6,0.447508923799368,851.310936443406,5180.98007342922,0.000748129675810474,2021
"{BDA207C9-BA99-4B33-9CAA-E255973AEB31}",2021,3,0.36398215476592,138.170042132196,783.97252958927,0.000374064837905237,2021
"{57F3E176-B18C-4292-982C-5857812DC381}",2021,14,1.07269540310098,70.0885054133083,285.996924829057,0.00174563591022444,2021
"{0D28E046-75DF-4837-822C-CD50B53A60B3}",2021,6,0.49556330935232,64.3279805358684,236.470064111085,0.000748129675810474,2021
"{F5A26F1B-B59A-4E91-8A02-7A6EAE8E6374}",2021,5,0.036806701333722,81.7727166135392,439.002255034034,0.000623441396508728,2021
"{C029485E-7018-4E45-8F5B-6B3B35C73A80}",2021,11,1.4000304519211,67.3857710066692,262.491322834121,0.0013715710723192,2021
"{BD2C2736-2CD8-4E72-BEBA-87AC4AEAFAA4}",2021,6,1.42808991685097,70.9542787161651,304.483551114919,0.000748129675810474,2021
"{72B8977F-2710-42A7-98BF-EC02C3E652FE}",2021,7,1.31677763014841,202.870566888376,954.553180694149,0.000872817955112219,2021
"{A27A99FF-4601-476E-83F4-219EAE945A43}",2021,1,0.064055284558328,64.3678117198676,290.480102245258,0.000124688279301746,2021
"{6AE741FF-D9A5-49B3-810C-820EA07776B8}",2021,1,0.800992966522943,119.079095291698,873.001754355557,0.000124688279301746,2021
"{4BA3CB2B-5800-49FE-A48C-CFF9E41D5AF6}",2021,1,0,61.8733351282626,282.003592731816,0.000124688279301746,2021
"{394914E3-2400-433C-B9C6-4CF7B4D27292}",2021,20,0,74.4602947413913,403.032613769916,0.00249376558603491,2021
"{9BB8D8C4-6EF8-48E8-B1D0-0FCFFEC02B9A}",2021,7,0,71.134335269333,307.034916908675,0.000872817955112219,2021
"{FC7BA5D1-1DCF-474A-9610-E86047A13038}",2021,6,0.253753876795057,274.448072022681,1225.53032928058,0.000748129675810474,2021
"{3AB2B8C7-B733-4CA8-B8D0-22C7415DD337}",2021,3,1.67326785615301,305.142327964,1800.53497271184,0.000374064837905237,2021
"{59DCD352-767B-466B-B8B6-94E32EAB87F9}",2021,1,0,304.169560492046,5197.98243985066,0.000124688279301746,2021
"{218F71D9-B08B-43AA-AC06-161CA93E0799}",2021,3,1.15306863582794,78.6401520788721,441.972138989199,0.000374064837905237,2021
"{F6C272EB-AE91-44BA-A12E-B0BA49A70ED2}",2021,9,0.563339100366616,77.8167397245724,423.5026799365,0.00112219451371571,2021
"{71BC3D8A-2A6D-4287-8221-238F6906DE26}",2021,1,0.473123818879387,138.005343351284,1194.01879090913,0.000124688279301746,2021
"{93BB3D36-D029-4A63-9462-F6706BA6D127}",2021,11,0.548495595203652,62.1706132864423,252.51408044644,0.0013715710723192,2021
"{5119AC89-4B0E-4B16-B0BF-97469F0827B8}",2021,12,0.023212594541708,278.075949873288,1384.6225864594,0.00149625935162095,2021
"{4C80A9C6-1B9E-4F07-8D7A-A5241C7C3A42}",2021,20,0.064136664878269,62.5174898520273,274.516889264068,0.00249376558603491,2021
"{EA680350-06C6-468D-924E-7259DF2EF1E2}",2021,14,0.073026496340909,130.629147158828,734.551701436915,0.00174563591022444,2021
"{B7DAA08B-5810-4C6A-ABA2-FD071E5EC47F}",2021,22,0.038195406558999,211.012715786025,2635.10651434609,0.0027431421446384,2021
"{0BFCA765-0023-4F25-99BA-92C40DE5E8BD}",2021,1,0.297716665189384,1429.57622136902,17351.6163917879,0.000124688279301746,2021
"{B6903285-F2A4-4A38-B59F-A92EDFFB0214}",2021,13,1.44554548521062,62.7213519849366,222.490352546389,0.00162094763092269,2021
"{2CF7CA19-C22C-47D0-83E6-DE6BAE41BFD7}",2021,6,0,372.391890531044,8182.4662928718,0.000748129675810474,2021
"{9F803367-5060-4BA4-BBE1-A73A94760EB2}",2021,2,0,236.294366335936,3527.17750507329,0.000249376558603491,2021
"{E35658F0-1DF5-4E3A-B7C7-CC3A2EF36F9D}",2021,1,0,270.594730288161,3726.6877015829,0.000124688279301746,2021
"{F757DB00-8066-4EAE-90A1-8791140856D3}",2021,4,0,540.007430207797,10472.1372707802,0.000498753117206983,2021
"{86351E07-87F9-4D51-99B5-28BC8E8ED552}",2021,1,0,304.151301040444,5309.16059644821,0.000124688279301746,2021
"{E7C60FF8-7D72-47D9-BF28-E1F66F8AF3A1}",2021,1,0,251.316472114632,3052.16085216978,0.000124688279301746,2021
"{10AD9922-A4FA-46FD-AA82-FA8C62CD0CCB}",2021,1,0,150.069423451409,987.699916131331,0.000124688279301746,2021
"{126A6D57-9CF0-4723-92CC-A466A80ADC71}",2021,3,0,296.156250639628,5569.7110433127,0.000374064837905237,2021
"{B58428EC-5812-403E-818E-2185D625B970}",2021,3,0,238.405156873345,3287.71889758711,0.000374064837905237,2021
"{C85A85D1-EA7E-4075-8EF7-4DB6DEB21D6C}",2021,11,0.096671424829369,168.434761722066,1545.81028847781,0.0013715710723192,2021
"{ED11F026-ABF4-46CA-9E26-ACFEC9B0ACCB}",2021,4,6.61357499428707,270.578819612333,3314.68965943429,0.000498753117206983,2021
"{711CF7A6-07AF-49FB-B94B-8B1EDD7C81ED}",2021,5,40.1967566621535,249.325734315329,4164.0992701228,0.000623441396508728,2021
"{811748F9-B12C-438B-9C59-D3D1F14CB6BE}",2021,4,8.88739128660992,319.26373831734,5892.26534635961,0.000498753117206983,2021
"{7748352B-8681-4D58-B02F-81F475F71C87}",2021,9,0.181479601249429,152.867189304041,631.992568592672,0.00112219451371571,2021
"{B00879ED-E2E7-47E8-85FA-B88352322C4C}",2021,22,0.328121847249922,160.380367168863,817.466622556726,0.0027431421446384,2021
"{87953656-342A-4F10-B482-98B3EB24BB3F}",2021,19,0.227868190242321,285.098386662478,2263.34644644978,0.00236907730673317,2021
"{BD3858A8-0249-4F70-A4EC-DA14DF23BF1D}",2021,2,0.691350059613126,191.108536609514,2635.54173692485,0.000249376558603491,2021
"{81692A49-838E-4FFD-AB2A-8F916128A8C4}",2021,25,2.92100557542235,82.9065765274823,365.193719738718,0.00311720698254364,2021
"{0C325E12-4C6C-46E1-AEA9-7354F6E86462}",2021,10,0,68.53174781297,308.095631937971,0.00124688279301746,2021
"{8E4C3801-F570-40C5-8B3C-BC6A26D243AF}",2021,29,2.57088011569419,159.635508788869,844.397101353744,0.00361596009975062,2021
"{545BBB2C-D25A-40D9-9570-42160DD24B93}",2021,21,0,95.8004574617533,585.716672099782,0.00261845386533666,2021
"{329C99D6-BAC0-418D-B669-9EF29B0BF3F2}",2021,20,0,102.843847138986,615.716578779208,0.00249376558603491,2021
"{6DD5D93B-7F98-40EF-874D-46B74344D1F6}",2021,20,0,158.331279963696,1202.45614151333,0.00249376558603491,2021
"{FA0E97C3-62CD-4485-8174-D54C22095CA3}",2021,21,0,160.891963237027,1164.90355680667,0.00261845386533666,2021
"{215F3617-2611-469F-B859-0B49BBC2BD6B}",2021,21,0,235.108497629207,2041.25913308776,0.00261845386533666,2021
"{363B5A40-4AE0-4D27-B5A6-45B7E853289B}",2021,21,0,78.3306057749203,379.132112947905,0.00261845386533666,2021
"{5BAC211B-06E9-4678-A1C9-E2B25604BE74}",2021,21,0,101.86253304755,597.227520356056,0.00261845386533666,2021
"{F945F88C-D6E7-4C57-8700-9943283D6977}",2021,1,5.40095247190354,197.175978037764,2378.16992095772,0.000124688279301746,2021
"{70B22F81-8AE9-436F-879F-49B00AF8DAB8}",2021,9,1.84805315371466,83.4038893565091,471.563063053969,0.00112219451371571,2021
"{D95145F8-8FA3-4F34-A8E5-4A4829724F88}",2021,2,25.5198132941455,315.014679607658,6398.27137990379,0.000249376558603491,2021
"{DBAACF40-6C32-4079-9668-2A6D09ABDB33}",2021,37,11.4015203186684,164.904173530966,1950.54185736828,0.00461346633416459,2021
"{A0D1484B-7AF0-4B80-AE00-0B251F964CFC}",2021,19,0.295853858461038,137.955623643552,786.488676174566,0.00236907730673317,2021
"{0559A407-943A-4457-9381-19BC04B520CA}",2021,1,0,177.216471394532,1915.64296548748,0.000124688279301746,2021
"{C74F419D-12BF-4FDB-8C2C-8108BFCBA864}",2021,19,0.202661827212088,302.696031721643,2075.94955001857,0.00236907730673317,2021
"{3AA2AA47-20F4-4798-9A12-DA2C7860064F}",2021,22,0,79.8719859770443,361.637575517878,0.0027431421446384,2021
"{D3F7EEF9-B710-4E50-A95D-DC418F0C623A}",2021,8,0.043548039927619,1276.4162014561,11969.3690401529,0.000997506234413965,2021
"{E35EE548-3F33-40E7-96C3-8B03C7962641}",2021,21,0,91.5200580563672,554.212577525614,0.00261845386533666,2021
"{55F5A43F-FDAE-49EC-9577-915A3CB7C3BA}",2021,20,0,121.168426629083,1008.86213778111,0.00249376558603491,2021
"{DBB553A2-0FFD-4340-8D3E-17AE1FCF7EA0}",2021,7,0.02679378833327,340.010346629607,4817.19330272422,0.000872817955112219,2021
"{9739A08E-FFF4-49B8-B925-5CAF0AE5C86F}",2021,24,0.069711502629662,386.018833292585,3230.81303800968,0.0029925187032419,2021
"{AF859FF1-61BE-4CAC-9EAB-4FF0595EF36B}",2021,1,2.19558250452422,119.763239260487,854.83965032968,0.000124688279301746,2021
"{D5471EB7-9B71-4E03-9058-283B76F369CD}",2021,3,2.83001799142287,93.019214823967,638.276970269753,0.000374064837905237,2021
"{A3C43B57-9F4D-4A80-A7D2-BF8B7203283A}",2021,2,2.9492222452472,103.813394888687,736.799777830867,0.000249376558603491,2021
"{CB54D435-826B-4D70-B96F-A1F9179DE1F3}",2021,15,0,85.6856700933337,514.615094804242,0.00187032418952618,2021
"{FCBC928C-D695-43A3-83AD-8EA9B3BE7A1B}",2021,2,0,117.421239915337,964.847643974011,0.000249376558603491,2021
"{C92C9A64-DB91-4BEA-99D9-1F40916864D9}",2021,7,0,139.646273463134,1063.06731432703,0.000872817955112219,2021
"{E5E8C09A-D162-44D7-9D03-961778E7AF20}",2021,4,0,516.666560358501,16107.4274117758,0.000498753117206983,2021
"{115B8385-0E47-4322-8155-F74DA36EBB8B}",2021,8,0,405.808160362703,11037.9790838787,0.000997506234413965,2021
"{9236501E-8336-4F2F-80DD-976F513FEFC3}",2021,3,0,98.7063929126529,684.220109276217,0.000374064837905237,2021
"{9A065C99-DEF9-4A20-AE7D-7DB83E68E3DF}",2021,3,0.168511498256792,93.8327036273823,504.665300355623,0.000374064837905237,2021
"{428BE5CC-A51D-413E-8C5E-F3C580B7DAD7}",2021,1,0.796313357991186,278.524265254389,4284.54492128511,0.000124688279301746,2021
"{1B16CD5F-2423-4B23-A940-1E9A6A5C4C28}",2021,2,0,159.613480882557,1820.11118262893,0.000249376558603491,2021
"{E9A1BA6B-8A03-4904-8BCC-755D4A6E58AE}",2021,2,0.116661570802758,421.297342151453,8970.72774604665,0.000249376558603491,2021
"{68CD199E-DD72-4CC7-B7AD-7265A368CF28}",2021,6,0,224.256320715428,2547.32410127837,0.000748129675810474,2021
"{ACD8B947-EDE8-471C-8696-C7BAB7FE8FF2}",2021,2,0.680621879976689,76.9894870037873,403.677345714896,0.000249376558603491,2021
"{FCD8903D-0D8E-4B69-8807-6148EECA3CFA}",2021,2,0.658002818627945,216.409803408816,1631.54577706038,0.000249376558603491,2021
"{700BFC8D-51A5-4AEF-976B-F5F56CC4E3C3}",2021,1,0,359.209056800059,8038.02827584736,0.000124688279301746,2021
"{A5FECCE7-45FB-4DF4-AF11-4D18AA0E748D}",2021,4,0.127221473117304,204.8336454987,2128.75931547301,0.000498753117206983,2021
"{99D27712-E2C1-4E99-8781-2BBB33380460}",2021,5,0,641.586845054862,6047.39918385574,0.000623441396508728,2021
"{E4AFA7A5-73B2-4142-91AB-DF56596DF234}",2021,4,0,244.472355789731,3431.66986651603,0.000498753117206983,2021
"{BD05579B-E63C-438D-B780-9CD77CFE58A7}",2021,1,1.29912420397035,2149.1625042953,164639.114534526,0.000124688279301746,2021
"{B072320C-55C2-459B-B1F1-9E4C05D72B68}",2021,2,0,258.935387980403,3732.233977867,0.000249376558603491,2021
"{6284C42F-8123-4E27-AD1D-7A67A099D300}",2021,1,0,142.595746331918,1067.83163596046,0.000124688279301746,2021
"{D0741BC6-AE7E-4F77-97BA-25187248E152}",2021,30,3.26065005227979,133.657406092751,1055.42503624409,0.00374064837905237,2021
"{7A714752-0426-483B-B07C-E080BACB8A50}",2021,34,6.50334787563787,79.5466137385756,460.536800087818,0.00423940149625935,2021
"{443DF4AE-7C62-4D31-A96A-6B0F471BD559}",2021,19,2.10479329799039,122.785346966203,957.663471862314,0.00236907730673317,2021
"{A8735B1C-899B-474A-9763-F53C77490FF6}",2021,29,2.13765426735871,173.31839903539,2190.42762850529,0.00361596009975062,2021
"{08159F2B-F182-486E-A376-5DCE1E109AAB}",2021,1,2.92211093609147,92.9932017034766,428.019478546852,0.000124688279301746,2021
"{EDF2FE6F-4A80-4CAF-A5BC-4CF935B41E7E}",2021,5,2.01744082842323,218.330703037584,2875.23752364749,0.000623441396508728,2021
"{4A64A51E-82BA-40E7-8D54-7EC84924A949}",2021,18,3.97389786522138,69.9791962101479,335.110392386683,0.00224438902743142,2021
"{4D32B875-0CD0-412A-AB53-E338DD10B25B}",2021,9,4.4392217371352,156.303969291345,1337.74494276293,0.00112219451371571,2021
"{FDB359D0-7B27-4E77-A621-5AB806CE570C}",2021,20,5.01815248340386,103.013196285648,724.679066374173,0.00249376558603491,2021
"{3FCD6895-4DEE-4D86-BBC7-51D39CE8727F}",2021,13,4.80709627957423,426.216483812033,12006.5032180827,0.00162094763092269,2021
"{8DECA603-2721-4B85-B1C3-6C427A11AF90}",2021,1,5.54607053506996,74.0070512542908,298.562621481097,0.000124688279301746,2021
"{EDB79C9E-FE0C-42FD-8C41-B3CD590806FD}",2021,28,4.85217147026932,96.5595828942908,691.189144420356,0.00349127182044888,2021
"{03F50885-4455-4107-BECB-B4B71B4AFA4B}",2021,22,6.25106084878561,149.646791232722,1235.71879257893,0.0027431421446384,2021
"{550EC23C-F19B-43C8-8E57-EC5E8A939562}",2021,2,6.31761806332198,211.024545093575,3120.17347556504,0.000249376558603491,2021
"{A09BC4A6-A0A9-4524-86B1-9AA5E6B7E777}",2021,4,6.19717626338748,221.82670554321,2855.08129637122,0.000498753117206983,2021
"{DBCBC150-8CC2-4D8B-A9F6-E664DF000EF2}",2021,1,6.14343225100866,143.436913963193,1009.25997204698,0.000124688279301746,2021
"{35132398-6F8E-4388-8D12-7B58808053BD}",2021,18,5.41914081826783,131.112362944273,1268.29019888468,0.00224438902743142,2021
"{288D7A1A-61C8-4F34-A769-BEE1943842D5}",2021,31,6.5739263438468,61.1686972167728,268.094708929387,0.00386533665835411,2021
"{046148D1-AA24-44D4-9056-91E40E674705}",2021,34,6.93022318022413,80.961576520861,442.133465226953,0.00423940149625935,2021
"{922C507F-BEE0-44E9-8141-511473E41B33}",2021,19,3.71727021825196,104.796223831516,814.153224143816,0.00236907730673317,2021
"{5265E1D5-CFD1-4CCA-8668-57B20BB48050}",2021,31,8.03746619347798,167.079093680883,1633.02947531873,0.00386533665835411,2021
"{22E60D4F-8CB3-4165-ADAA-A278C66A075D}",2021,1,12.7338541825911,51.6353347194265,189.948878781501,0.000124688279301746,2021
"{CDA1056E-1F38-4226-A136-203AAF0A0559}",2021,3,12.7602956898533,82.3877298194537,495.910698795448,0.000374064837905237,2021
"{A69D08BC-F044-48AE-A2B1-9AB5924B0776}",2021,16,5.01048479598966,111.729443240793,819.360941114198,0.00199501246882793,2021
"{CB5008F7-BC68-4E88-AC20-80C49B974ECB}",2021,10,8.8482363423239,252.930776298649,4544.37039525401,0.00124688279301746,2021
"{2EC18854-CA5C-45A3-8089-E66E2303F7EC}",2021,27,8.39778042091862,125.693879103121,1064.54894655436,0.00336658354114713,2021
"{10ED6B53-6030-4944-9766-627756200B48}",2021,2,8.09596964271409,133.530183891123,1315.3989097817,0.000249376558603491,2021
"{5D4C2365-F4A6-4684-870C-D201C0452EC6}",2021,16,1.67527158496294,282.505122698694,5656.8170584493,0.00199501246882793,2021
"{83C07F43-9EFD-42AF-818E-244AE06EFE9A}",2021,19,0.191378461805386,135.076472680886,1056.23957191553,0.00236907730673317,2021
"{1421EC16-A397-4395-90EA-1064CA4006F7}",2021,5,3.50044547386934,78.0003207721472,425.205797600075,0.000623441396508728,2021
"{2DFE41D9-C92B-473C-BD30-F0F453373BED}",2021,5,0.560117340532736,124.193816855504,819.914056851466,0.000623441396508728,2021
"{3AE05B17-7C06-4E40-B399-9D1D3848BD0E}",2021,36,1.32940441369712,134.182905388804,766.431706127558,0.00448877805486284,2021
"{0355FC2B-7213-444E-85FE-DA597E820111}",2021,5,7.69846063431121,115.020196613057,622.398521531863,0.000623441396508728,2021
"{08CC02E7-EB16-41F2-B7BD-965E8C7699C1}",2021,3,7.2278382185007,260.839163910547,3653.11669450623,0.000374064837905237,2021
"{FF4E40A7-0955-44E7-A0C1-19FCB7D8CEF7}",2021,1,7.15411710651877,230.273242359386,2613.07495719629,0.000124688279301746,2021
"{D841BA10-70F4-473C-8F07-6B831BCFFB03}",2021,1,6.9987040184709,144.2091284115,1360.3028399619,0.000124688279301746,2021
"{B8FDD05E-AF7A-4D2C-9A57-2125047E5B46}",2021,9,21.1990352416017,83.2187309258216,459.003983267616,0.00112219451371571,2021
"{68778C35-E0D0-4D69-BA0A-A4111AB479B5}",2021,6,21.1996084100038,84.1829786555358,460.003241225154,0.000748129675810474,2021
"{C880AAEB-F7C5-46D0-BBAD-7872B7E39803}",2021,1,16.1829619526644,364.521500051536,4400.66834015207,0.000124688279301746,2021
"{C9EC73AC-2847-4997-949E-334B998F3E37}",2021,9,36.208373218294,217.007417925309,2438.11608046942,0.00112219451371571,2021
"{B6009E29-EF88-4082-93D9-46CA8D99DE30}",2021,22,36.0351586307889,179.897880450997,2180.41810828041,0.0027431421446384,2021
"{C9F238D2-8E3B-4AD1-BF8F-50113C7A395F}",2021,1,2.39453785411646,489.688188417566,6189.81671989989,0.000124688279301746,2021
"{A17E3761-DBE3-4DA6-A429-97DC9CC65B83}",2021,1,6.12461317719195,203.365236195357,3014.10371216353,0.000124688279301746,2021
"{531CAB26-1488-4A08-A8DA-318C54E52302}",2021,1,6.01286033692827,235.009157989326,2851.83699318304,0.000124688279301746,2021
"{B774572D-12DA-4B6B-B63D-D942BF7A7A6D}",2021,6,13.2337021852194,505.299740546021,14878.4258616408,0.000748129675810474,2021
"{8A30996C-77BA-4C52-B293-70C56B6D0EFA}",2021,15,12.2095223529978,5458.26181253464,249468.916794581,0.00187032418952618,2021
"{7148CBC5-CF43-4EE4-9E17-687E6BE6333D}",2021,1,21.2175212819574,59.1812130701574,249.219693540784,0.000124688279301746,2021
"{B6D894C1-9563-4638-802D-287C43032F13}",2021,5,21.0814461954267,93.584968288373,499.383371505762,0.000623441396508728,2021
"{5FB61159-F01D-49F8-8801-9089A7D99D93}",2021,1,21.0512955630847,81.3595739379687,395.031305550714,0.000124688279301746,2021
"{23D5CE3B-86E5-4D9B-A865-0E27FCF0366D}",2021,1,40.2996906308753,99.9869471640205,751.402336616971,0.000124688279301746,2021
"{67CC62AE-594B-47C8-BF90-56BF699AA7C3}",2021,1,39.9925929780442,316.30764440592,5770.68410391051,0.000124688279301746,2021
"{12C19D34-1CD5-4894-AF2A-BA0117B8FC1D}",2021,14,36.2260357433948,276.782873586006,4412.38400456301,0.00174563591022444,2021
"{131243F6-FE76-4B7F-8A87-8AF5FE5679B2}",2021,25,35.6118757640501,118.429522296677,1053.36167179586,0.00311720698254364,2021
"{F0CB8B96-EBD8-4250-B93D-541F22D62593}",2021,2,35.5227879330125,271.1486459281,5046.34949897113,0.000249376558603491,2021
"{5525621A-5D4E-4DFE-A8D3-58DB9C0407F7}",2021,23,34.152508613296,259.529810736897,3931.21536571644,0.00286783042394015,2021
"{2AB3D2C9-75B1-4D8A-82AC-185CCBBCCB0B}",2021,2,33.3659962749065,246.111674881374,2185.64558536137,0.000249376558603491,2021
"{71A3B541-93D8-49F3-9FD2-FD20DC4353F0}",2021,3,36.5753457070831,232.370772165102,3130.22011832489,0.000374064837905237,2021
"{FDBB2009-2F90-4C7A-A24B-4CE8F78E7C67}",2021,1,34.6290035390545,125.568392667129,1119.79409103137,0.000124688279301746,2021
"{3D1533D3-46D8-4E3B-8520-625E7C6553CB}",2021,31,33.7258968124816,141.549005048867,857.122376113794,0.00386533665835411,2021
"{65D28842-AD63-44FE-92D6-8DFFAAD9D04A}",2021,2,33.4219571166889,141.708905384246,980.241984895113,0.000249376558603491,2021
"{7530717B-422B-429F-8480-C755BE420882}",2021,33,33.1112197938526,139.725790620029,1389.24946139904,0.00411471321695761,2021
"{D18F6EA9-88AE-4557-816D-BEFBA8D89627}",2021,36,35.3709554030608,125.628830540106,967.370920887378,0.00448877805486284,2021
"{A4A966A7-2848-48A9-8157-84BF8833761B}",2021,17,33.1316648979923,103.627959139237,673.878916758623,0.00211970074812968,2021
"{1D63BFF8-D373-4ECB-BC0B-B0B95E9EE827}",2021,1,33.5552196129518,153.886009180326,1537.23816791472,0.000124688279301746,2021
"{28995025-5787-41D2-9D30-8D0CF6EDEBD4}",2021,26,33.4997470314276,97.2176451350996,690.820241049698,0.00324189526184539,2021
"{3BFBACED-BCFC-4F78-B178-0145EF211935}",2021,7,31.7831216559581,95.2763488869867,679.040110677185,0.000872817955112219,2021
"{B8CBBF60-0D86-4BDB-AEC4-890CD403CC41}",2021,11,32.0379345528034,182.06674214044,2033.8170169519,0.0013715710723192,2021
"{24F41400-4F74-4E78-9398-09E6B458FF3D}",2021,30,38.5510769819947,176.787490761547,1487.18280405615,0.00374064837905237,2021
"{04579F23-7A9E-4320-B1D3-DD8CFD69E7D7}",2021,2,28.8878952060724,118.732452985568,1065.41806363138,0.000249376558603491,2021
"{C9C73C50-CADA-4842-900C-A54687D832FF}",2021,3,6.39745080115888,154648.780535525,498317261.188095,0.000374064837905237,2021
"{6C43EF78-0330-447E-83F0-46C8FA9FF745}",2021,33,9.36119549615542,133.427137436318,1353.09264276641,0.00411471321695761,2021
"{DE9F03F7-79D8-4E11-AD71-655575279617}",2021,6,7.4158348152968,162.698523770236,1842.93282496549,0.000748129675810474,2021
"{3FFE9E48-1EE6-483F-8170-3702C94B4D3F}",2021,5,1.63206972038979,240.089894171125,2834.86373755013,0.000623441396508728,2021
"{5797095A-D63F-4A79-A7F2-1FB1CC6E24CB}",2021,34,1.34314424296178,215.791231920984,2220.95328455851,0.00423940149625935,2021
"{49C03480-701E-4AB0-BE4D-5AE6C275D6BB}",2021,35,5.88777943636697,154.62941361411,1714.74312218701,0.0043640897755611,2021
"{FEA4289B-DBA6-4925-96BC-BF61A5C2FAE9}",2021,5,3.54208631553042,130.323538429014,1112.70869442925,0.000623441396508728,2021
"{F0D34AC4-89E2-4B1E-B912-AEB5D953125D}",2021,35,4.64973977268023,135.389707711782,896.55593855983,0.0043640897755611,2021
"{085C148A-C1F5-409E-B5A8-28A0667D79A6}",2021,2,4.27517373539587,114.904977458651,895.87934781095,0.000249376558603491,2021
"{C2EC9ABB-6AB5-4826-BD2D-8520B5F5627B}",2021,1,0.834000635453551,246.498213563823,2378.99647073088,0.000124688279301746,2021
"{9F3E7622-7C99-4482-AA61-947971691C90}",2021,21,3.81165862250961,259.463204317164,3893.6276803382,0.00261845386533666,2021
"{B4364566-1577-4B51-849E-F1521250AED0}",2021,3,4.18491804374384,98.9571560335234,676.969701054263,0.000374064837905237,2021
"{43E72B7F-54A7-423B-9F60-39040A2D3D40}",2021,8,3.64232321908912,79.9931092272264,441.053819072296,0.000997506234413965,2021
"{81A37492-37EB-44C2-83F2-688A38BEF0DA}",2021,2,0.800147721397304,187.123191965589,2310.77722693505,0.000249376558603491,2021
"{F58E1F22-9F4F-459D-B3F7-542B45F36F84}",2021,37,3.65112771710334,116.526669053121,885.150502173996,0.00461346633416459,2021
"{21ABE2B2-B745-4F7E-A3A8-C9F7EE42EE14}",2021,1,1.33817120945332,263.69168122072,2761.79673133015,0.000124688279301746,2021
"{61119B1A-5A1C-4ABA-93E7-47EFE4A29A2A}",2021,1,3.25673760600507,118.882653326482,968.652012749674,0.000124688279301746,2021
"{4D3EB75D-44B8-4EB5-A31C-4DFB47A4D848}",2021,3,3.29655125503256,82.8871433824905,491.910046862216,0.000374064837905237,2021
"{9E15941E-1C24-45D4-9827-1C18DAE3F47A}",2021,4,3.22882647450818,79.1459595655002,453.700054130778,0.000498753117206983,2021
"{66CF2DB7-C148-48C7-B94D-45D1814217AC}",2021,23,1.97380637149505,382.494492633475,5020.53729735137,0.00286783042394015,2021
"{CE6CB843-EC20-4622-A9DF-22E8568AB5A8}",2021,30,1.95091175694246,140.135726585895,1419.30424196465,0.00374064837905237,2021
"{518D3EBA-4334-4CE0-9F4A-0EFCD3FF7B21}",2021,28,1.90193803225236,181.977828031826,2162.58054234752,0.00349127182044888,2021
"{23A66BDD-2442-4076-B950-76F1D21F772B}",2021,29,3.00005628342443,110.316833667988,739.062959479311,0.00361596009975062,2021
"{7F530188-EA88-42FA-B138-B78C4E816D10}",2021,22,3.05751122925936,222.283800176303,2449.73062756953,0.0027431421446384,2021
"{D42BF055-536F-4C11-946F-259F3D07D85A}",2021,1,1.67503499471098,173.162182979719,2200.14027156112,0.000124688279301746,2021
"{8A4D438E-503C-4D51-BFF2-96B7F28F2F92}",2021,47,0.298006175236949,78.5785554612867,456.758748244267,0.00586034912718205,2021
"{2D864252-74E5-4CB2-9F56-0C198B61A3A1}",2021,2,1.71323484287799,230.350904809262,3314.49339300959,0.000249376558603491,2021
"{3DE5062D-0CCB-47D1-91D0-F331FD8720A0}",2021,10,0,94.6634603856561,542.358655952982,0.00124688279301746,2021
"{22DF19B4-4024-4133-9E11-21B5CC6F4F37}",2021,1,0.311397872412773,389.417801597847,5007.67903327451,0.000124688279301746,2021
"{C6B1D620-B23A-4D17-87EE-60610FA0CCAC}",2021,17,0,167.258367708171,1756.80687744711,0.00211970074812968,2021
"{297A61B3-FB5E-4F1D-A064-F0743309E37B}",2021,3,0,95.4695015492357,560.58482655532,0.000374064837905237,2021
"{46F2BF0D-224B-41E9-896A-43532A352CC2}",2021,6,0,150.288759234179,1306.12827595579,0.000748129675810474,2021
"{409B0A94-812B-4A6A-865D-F84C1DA3422D}",2021,2,0.467299221945638,99.9387279436929,690.067974926719,0.000249376558603491,2021
"{B33EC233-013D-4D7B-8921-C50D6E91F16E}",2021,7,0,169.237207299387,2064.41257636454,0.000872817955112219,2021
"{1E03C1BE-648D-44D1-A78B-935A2000E70F}",2021,13,0,117.734812287424,904.301405789854,0.00162094763092269,2021
"{28A6F65E-79F2-462E-AE4F-C7570ECF74B1}",2021,16,0,81.7537314006738,503.642087983982,0.00199501246882793,2021
"{DCB91264-D8C4-4D5D-93CC-D2F1C9D75076}",2021,8,2.99820524116945,103.995993133356,735.929441527219,0.000997506234413965,2021
"{AA447C78-3C09-4705-898C-9B3483E9BDF0}",2021,15,3.08610941357925,185.400796115584,2224.91702037332,0.00187032418952618,2021
"{3D0C2E2C-CF0B-478E-A79A-F9745FFBF2BC}",2021,12,3.37923842334891,511.212281287179,7888.42408843545,0.00149625935162095,2021
"{8528A89E-C3A1-4FD1-A09B-8A140C9C15BA}",2021,1,2.4196176203871,296.047355117439,5547.69844804366,0.000124688279301746,2021
"{9B5BE861-B232-4AA9-85C8-D2839568BAE4}",2021,27,2.81037843881251,214.485954027524,2787.57528944034,0.00336658354114713,2021
"{64BF40B4-D18F-4375-AF22-2AA4131B310B}",2021,15,1.62719677855031,232.093273657246,3551.6293114221,0.00187032418952618,2021
"{946DBCAE-F9AE-41D1-A618-13BF9F721BEF}",2021,4,1.86557141329089,181.007645257934,2390.14313451762,0.000498753117206983,2021
"{35375072-E60B-4B10-9F3E-2F72B5240599}",2021,24,3.25014802701156,122.672986615056,1093.78581593902,0.0029925187032419,2021
"{5E6A3990-4A89-4B92-A22C-28E6C405DD58}",2021,15,4.62822802348203,374.765512652879,5262.42548395004,0.00187032418952618,2021
"{04CEABC8-530C-492F-82F7-B9719BF297B2}",2021,35,2.63399657501875,167.633598528942,1604.49374470724,0.0043640897755611,2021
"{DA6104AE-474D-4CBE-9B3C-DDCC161AAF03}",2021,22,4.85310428551237,184.257098684284,2261.11701130312,0.0027431421446384,2021
"{3AAD5029-251A-4898-927C-98C60E8DA035}",2021,1,3.90260660344241,96.5802264538147,641.751677842668,0.000124688279301746,2021
"{3E5C9B66-CFC4-4C9A-92F5-FE2959B6C8DD}",2021,31,3.5442342363959,131.804380885078,1196.44560467736,0.00386533665835411,2021
"{BA2FB410-777D-44BB-B079-99C71CDA4564}",2021,20,3.31030850730751,175.256647942799,1569.17659996768,0.00249376558603491,2021
"{A4077EC8-2F45-4306-8E3A-EC4BE90E0D0B}",2021,2,3.20230606146212,143.583569754701,1212.99558853786,0.000249376558603491,2021
"{C2E4ABF0-7698-42B0-94B4-A6BA1B6C1CE2}",2021,1,2.64562914381774,107.96767686573,760.858495792373,0.000124688279301746,2021
"{37E51C59-A561-4481-83DE-2CF7D254A9AD}",2021,5,1.73327916042461,596.208420589004,10837.9208290168,0.000623441396508728,2021
"{7AB06C19-AC16-46FD-9AEF-EF990BD82A6C}",2021,1,0,231.539794121692,2889.82652752028,0.000124688279301746,2021
"{47F29A69-0E05-4FC1-9A71-A72A0F517829}",2021,2,0,232.74624045945,3552.29517735253,0.000249376558603491,2021
"{BCDFE124-48C1-4BDC-AEAB-70C33DD57704}",2021,10,3.94419552476666,224.158204396375,2448.00591986084,0.00124688279301746,2021
"{743F724A-05F1-4782-AB90-036F82B2CB6F}",2021,14,0,256.082837408445,4369.78868747844,0.00174563591022444,2021
"{DDF8C193-17C7-4892-8728-D6D0F18FE046}",2021,5,0.06738716657562,77.201207025699,439.631235330609,0.000623441396508728,2021
"{EA0F4E77-4586-497D-BC8F-F9DD73C63597}",2021,6,0,281.456018172446,3060.17565336429,0.000748129675810474,2021
"{30047FCC-E127-4C3F-8EEC-73831EBD8055}",2021,16,0,101.488007987884,719.932122013813,0.00199501246882793,2021
"{8E94AC2C-2F02-4644-9B2D-CBB8E6A03621}",2021,19,5.28296913798996,232.740184614748,1778.87177124204,0.00236907730673317,2021
"{3BC93D8E-55A5-42FE-826D-13F1D2E80B9D}",2021,2,0.065170854910323,229.941674761759,2699.00601276777,0.000249376558603491,2021
"{A978A8FF-D2D0-4990-8EA8-E26BEC381961}",2021,3,0,143.519267072698,1436.39483225216,0.000374064837905237,2021
"{924815BF-2598-4A44-A58C-B6D311C4F939}",2021,3,0,74.314665435364,334.241859399522,0.000374064837905237,2021
"{B387CF19-28AD-4B98-858E-2EA74D727183}",2021,10,2.91659266704202,239.847209686228,3176.93845463211,0.00124688279301746,2021
"{94A8C7C0-6B74-42BF-B55C-27FEC4D2AB49}",2021,4,0,234.030649385748,4093.96511215279,0.000498753117206983,2021
"{C39F6B6F-7CAF-4B33-ABE9-9B34CC16910D}",2021,12,2.82156771202951,98.6414788772596,735.882436935538,0.00149625935162095,2021
"{4013B6B7-4BBB-497E-BE82-509ADCD0525A}",2021,6,2.1408489051377,124.786911876755,1001.22530095895,0.000748129675810474,2021
"{FDE3D87B-2A18-49AF-AFC5-59789605D771}",2021,6,0.178779629803266,136.066584462615,963.683851044382,0.000748129675810474,2021
"{AEEEEC0B-D5E8-494F-BB43-70FB9B2294E1}",2021,3,2.5468692056357,72.5019745947833,342.713767175341,0.000374064837905237,2021
"{57B0D104-64D9-4557-83BF-8B33E0488A8E}",2021,66,0.840494360498258,81.9932681586555,447.780363306416,0.00822942643391521,2021
"{6F9C5F8F-AC43-471E-8FAC-AF5F13E627C1}",2021,17,6.26647749683829,163.410372281539,1725.7614689675,0.00211970074812968,2021
"{771CF5C9-010F-4CC4-949D-250A86E613D7}",2021,4,0,62.9548843315501,270.306551296328,0.000498753117206983,2021
"{C6E55FF3-F094-4019-8B23-9C83CAE8FDB3}",2021,13,0,145.639286891937,1109.68987922122,0.00162094763092269,2021
"{1CB76D62-45FA-4DE3-9C4A-40FE64019E2E}",2021,8,3.15959927309579,406.404756036259,10272.1853799997,0.000997506234413965,2021
"{ED9E4D1E-02C8-4B6D-A8AC-95E6C55CEF0B}",2021,1,2.00073625563823,169.634182855146,1436.43019393924,0.000124688279301746,2021
"{3299E536-F4D6-462B-9EEB-60BC5AF7F98C}",2021,10,2.16945898514204,197.526229953031,2736.39241865085,0.00124688279301746,2021
"{9B9EAECF-E3FC-4969-9175-C19AAF346F04}",2021,8,6.40641211889415,97.4347326506688,681.443460207297,0.000997506234413965,2021
"{CCCE566E-40C3-4CF7-A130-B531666A0B76}",2021,2,2.87759508424792,94.3833207782174,667.98585317419,0.000249376558603491,2021
"{5352E237-B2AC-464F-8172-6D83FF429A01}",2021,1,0,142.858105659607,1152.75013713611,0.000124688279301746,2021
"{D2CFB123-F16A-4417-884D-A6068FA76E43}",2021,1,2.02238090690525,164.189819812042,1777.6867822036,0.000124688279301746,2021
"{3E116BAB-44E2-4942-95EB-97AFAF922A9C}",2021,9,3.83662365253933,223.614388224583,2737.93115731545,0.00112219451371571,2021
"{26346A0A-3622-43C6-8B34-88BEA539CAD0}",2021,6,2.14357137411334,282.685110648876,5336.08049447584,0.000748129675810474,2021
"{5BDC6827-E96B-44F7-BA42-BCCFC9AD4B08}",2021,1,3.33250019484273,136.827458149583,1038.7329020014,0.000124688279301746,2021
"{0F16AB3C-6159-4A93-A9F3-2850C5D1891D}",2021,12,2.78693869187285,103.402936989412,760.849089417386,0.00149625935162095,2021
"{1F237E48-EB0A-42EA-B729-79BE36FCEE85}",2021,9,0.438710163482325,168.548164865728,1894.10666050645,0.00112219451371571,2021
"{24A67C0B-C981-41C9-854B-BB5F4650BBD7}",2021,27,1.62542883972922,103.914648013699,691.483119509106,0.00336658354114713,2021
"{B496D0AD-1391-4BF6-9F28-67FE95A66B70}",2021,4,0.474889548856655,160.790197229536,1765.21872912353,0.000498753117206983,2021
"{2226B4AE-1CEA-45F3-8BE2-896E8B80990C}",2021,14,1.98749978549572,264.357070538139,4919.7872603679,0.00174563591022444,2021
"{474DB9C9-4F91-4F0B-9D2A-7F03FA9AE6CB}",2021,19,7.71971235444084,118.481229297097,862.195031061208,0.00236907730673317,2021
"{0E412FAA-D73A-4403-B81A-CF2DB8BFF696}",2021,24,7.54665042212958,110.188665138292,760.766672587603,0.0029925187032419,2021
"{7BFFE4BA-56D4-4516-AE69-3A66105A4D79}",2021,1,7.42555409761809,223.584812555508,3331.89217116613,0.000124688279301746,2021
"{4EC16C42-C093-4C3F-8F66-518EC66D0B87}",2021,1,5.41196649872174,321.400055168281,5110.52130383441,0.000124688279301746,2021
"{A4F159CB-D253-42F5-B295-2D4CEE585937}",2021,9,3.15432895082396,226.831945077612,3069.76535247991,0.00112219451371571,2021
"{CB49B1D7-2D68-48C6-9C50-A0A427D9E360}",2021,16,3.29459428824095,222.220813345432,3106.70206838961,0.00199501246882793,2021
"{5621E074-2640-4EDA-A1BF-F8D7CB747102}",2021,5,4.006784533302,111.305629731528,841.403330894301,0.000623441396508728,2021
"{1782FE16-8A85-40BF-81E7-9ABF45972DB0}",2021,5,2.34035574196742,208.711939469373,2195.12109792545,0.000623441396508728,2021
"{71B79BFE-A56C-441C-B098-49C98D23F29D}",2021,13,3.18023475597818,153.986746194387,1510.46257387946,0.00162094763092269,2021
"{BF8A90A8-46FB-4829-B8EA-B6A0318FB1A5}",2021,11,2.36757771970085,217.193552276259,3361.89402482811,0.0013715710723192,2021
"{1F418DDB-F8F2-46EB-B583-C86ECFCB1D67}",2021,4,3.10436045739896,115.556727487843,856.617959904302,0.000498753117206983,2021
"{E9743026-F06B-4978-B0E7-E836D8C20423}",2021,3,4.19620559098241,140.68746068838,1359.12199027629,0.000374064837905237,2021
"{6FBF1D02-33C3-4D72-9BE3-A7C2BA1C5310}",2021,7,3.00874796038748,160.198464567773,1363.54013299125,0.000872817955112219,2021
"{36C5BE4D-AD9B-4EA1-B685-FC5D302F6448}",2021,1,7.99969495174008,116.318430129837,808.081905703471,0.000124688279301746,2021
"{AE549393-40D6-4D89-A86D-79B6F290D469}",2021,8,3.02259376553102,91.6847587114363,590.591100519959,0.000997506234413965,2021
"{EEC5BAF0-FEB0-4812-9A9D-628CE82D98E3}",2021,6,3.31860542121618,237.845733691431,3499.60362844849,0.000748129675810474,2021
"{48644D41-AAA5-4718-B8C1-59CCB149B310}",2021,13,3.45887925583231,128.945225919964,1018.31533902616,0.00162094763092269,2021
"{4679F3BE-D9A1-4B99-A2F3-7ABE446FD9B4}",2021,6,3.65585126551923,194.737976243709,1828.62359851347,0.000748129675810474,2021
"{AF368FA9-58E4-43FE-9B05-26900E5C735B}",2021,1,4.14484117153765,142.834241704717,1252.58184848544,0.000124688279301746,2021
"{4D98ACCC-0F3E-4656-BA8E-842A458FF1CA}",2021,1,2.90346176024357,258.402460633443,4614.05804257066,0.000124688279301746,2021
"{6DDC685F-BAB3-4096-BFFD-E40DD6DDF2B8}",2021,1,6.21013115025914,112.171246036381,856.732285837963,0.000124688279301746,2021
"{D04A31B6-FFA8-4D95-9D3E-D1ECAB0F8F86}",2021,20,2.93296296748218,297.069830115779,3793.94290522133,0.00249376558603491,2021
"{9F4FB7FC-E81F-4833-847C-4F33CE4B3E6D}",2021,32,3.37946714145593,151.034813211375,1472.51249392943,0.00399002493765586,2021
"{9E447368-C7B3-49D8-9C89-A42FA4985C66}",2021,1,4.60968670907622,75.3869713348934,415.219174267101,0.000124688279301746,2021
"{BA474147-1BA3-4B7D-AABD-A06754243A07}",2021,3,4.70811558366117,102.256748232565,691.508587964981,0.000374064837905237,2021
"{10A49797-5607-42DF-9CCB-1F540BE9B654}",2021,1,3.44942425498705,271.939428969963,3131.06274390837,0.000124688279301746,2021
"{C5623913-61DE-44F7-8D49-09AE4ABF27A6}",2021,2,4.67674203470787,170.540459592385,1559.9072512857,0.000249376558603491,2021
"{48E8F9DB-1B43-47C0-9A6F-9DC5498720A0}",2021,4,4.90745231019839,263.239892507972,1356.54851937611,0.000498753117206983,2021
"{D8471F41-E0C8-42C1-B97F-DF4CEF0DD9AC}",2021,6,5.74423791004449,170.570708827291,1661.86390752132,0.000748129675810474,2021
"{6D202330-8CBD-438F-B000-90D9F56C2886}",2021,1,5.0025600371438,101.896872562868,670.518658772206,0.000124688279301746,2021
"{6DC0E569-6224-4F57-95D9-D4A40FCEE589}",2021,1,4.61261906786694,233.067184287572,2688.6915966477,0.000124688279301746,2021
"{BD121E17-5C9C-4D82-911F-2266E5C70DAF}",2021,4,8.68953346757487,137.743582302681,1067.48878381589,0.000498753117206983,2021
"{729FC92A-9890-45BB-AB10-D809553E0FB6}",2021,1,4.93579140647384,226.326327523567,3033.43124740296,0.000124688279301746,2021
"{3AE88471-B169-4203-9511-63A1F5DC0651}",2021,12,4.50144657192739,195.569091015004,2720.3467619039,0.00149625935162095,2021
"{67D94832-6544-4C3E-A428-160194A7DBA5}",2021,16,4.40463481282158,135.272464289037,1380.61206659781,0.00199501246882793,2021
"{2CBF001F-FC65-40F3-BE11-0537212FB37E}",2021,24,8.94090884241604,336.881654327032,6673.68699337214,0.0029925187032419,2021
"{CECEB8AC-D57C-469D-BA88-E149D03D99AF}",2021,4,5.0137505696593,1155.83247617604,42433.4192459476,0.000498753117206983,2021
"{A36FD431-22AA-4DD4-BE6F-9DC439ED600B}",2021,4,6.27451783764791,586.723455144105,9517.94067676687,0.000498753117206983,2021
"{00527EE5-5B75-4DCD-A137-6F7EF18B2ED5}",2021,6,7.6778261713198,221.309658448902,2556.39026497153,0.000748129675810474,2021
"{E26BFAD3-DE6D-4473-A237-AD069868BFD7}",2021,16,14.4215627306814,448.660767334993,11052.92316901,0.00199501246882793,2021
"{70CF571B-19D6-4EBF-B543-41E5E649C668}",2021,37,19.0134910152937,3243.38827859447,165816.592864371,0.00461346633416459,2021
"{802F0C9A-1A5B-4CDF-BE0B-FA6A015C4FA9}",2021,3,25.8354671417202,366.909536781665,8776.12354897913,0.000374064837905237,2021
"{23DC1D1E-3AA7-4B83-9F14-7CD786764A20}",2021,7,24.0634438085985,627.652696636728,22938.9825942033,0.000872817955112219,2021
"{A470D76E-320A-41A0-9E88-0757AE4A31C4}",2021,6,16.6983042241746,275.310137156776,4757.47928813029,0.000748129675810474,2021
"{ADA6D48C-26DA-41FF-B98E-B879DF7E843E}",2021,31,22.0731001498975,530.738370538722,6984.45872697565,0.00386533665835411,2021
"{FE9144AC-010E-46ED-943E-B0B21864A184}",2021,4,2.37565660415896,9843.77312086603,900395.824607085,0.000498753117206983,2021
"{03ADC8ED-8DA9-439A-9E3F-9382F958C52F}",2021,22,6.72679014354005,63.2693065283845,294.279670349751,0.0027431421446384,2021
"{CB206C38-6A81-48A3-9DB8-679975C4F29C}",2021,6,6.75898088000041,83.392419771294,477.640896463456,0.000748129675810474,2021
"{6ADDB095-051B-42D3-AD5C-7AA34D2D9C5D}",2021,2,6.80824725882783,139.3270041356,1284.51712083365,0.000249376558603491,2021
"{81F124F0-BA2B-472C-BF13-819F62B1754A}",2021,19,6.75283216115946,74.5239612861773,335.251754755007,0.00236907730673317,2021
"{890D58BC-7AE9-4BE6-86D9-3A63BC2BBB1B}",2021,4,6.80111181394441,66.6786377224034,265.302843940542,0.000498753117206983,2021
"{63AD31FD-8640-4172-8544-E39C848F50CE}",2021,7,6.793649682412,66.6781994658111,305.765130194888,0.000872817955112219,2021
"{08950758-76EC-455A-B560-4B82FE5C58D7}",2021,6,5.68009766009112,205.111050555214,2147.08832925417,0.000748129675810474,2021
"{B0C11C05-6AE3-430E-AB9C-D5CE17B0580A}",2021,1,22.7946127457058,218.113843088881,3465.86606057857,0.000124688279301746,2021
"{D383638A-91B0-4AEB-BB1E-DCD22B865105}",2021,9,13.7273491005832,138.654573626473,1089.17318043135,0.00112219451371571,2021
"{89CFAAC8-617D-4E16-A3C4-035095A7E9D0}",2021,7,13.7698788635229,128.548702002152,1033.71280026043,0.000872817955112219,2021
"{9253D449-0325-42D5-9C43-D0645291F92D}",2021,5,13.6979558808716,184.346080774907,2461.02992035716,0.000623441396508728,2021
"{D11AEB45-08E4-4F81-BB76-60D0E6C995BA}",2021,19,18.9748749153996,117.678366478428,998.397273605711,0.00236907730673317,2021
"{E0BE4F1B-0B88-47A3-8F2B-53A5F86024CC}",2021,1,19.8061479233057,94.8490751417187,444.043846093423,0.000124688279301746,2021
"{D0F77BCE-99F6-499F-BFA1-E454216E495C}",2021,3,22.8940737785561,768.436276276192,25443.0626553561,0.000374064837905237,2021
"{B932F544-FC6D-4189-8E65-3F5032B87408}",2021,5,15.3720147978502,485.147579290318,11423.7911231628,0.000623441396508728,2021
"{025C591E-C9DB-4591-BCE2-C6147B8B3C90}",2021,1,7.57910660471504,386.685629475625,7746.23667110353,0.000124688279301746,2021
"{AE2123B5-74B3-4740-852B-22A70E20B8CB}",2021,14,5.99627853261008,190.612442393567,2434.06799391849,0.00174563591022444,2021
"{5AEAB0DA-08C3-42D4-8143-C5C5CAAAF11A}",2021,1,5.75375058259331,110.87372321712,889.29311400905,0.000124688279301746,2021
"{8697F8EE-9266-4A0C-9D84-31CC59DF8AAE}",2021,7,6.83858373242176,134.639124058992,1056.69557486799,0.000872817955112219,2021
"{7A84676D-CC04-4FC4-B18A-C0F022C10B79}",2021,5,8.73969130948761,128.326878207579,997.092879052978,0.000623441396508728,2021
"{FD622CC0-1FAD-4870-89DC-D8E2F5EC6352}",2021,12,6.22484081989309,260.35847497593,4235.5770696561,0.00149625935162095,2021
"{4FB32C12-90A2-42EB-B2BD-4ED4A61052C7}",2021,5,5.22536381237026,281.005150175514,5808.61759659323,0.000623441396508728,2021
"{BC47B070-2D24-4CB7-9E08-C5F1E83B8AAE}",2021,19,6.69247953903448,114.001287375932,824.839075008545,0.00236907730673317,2021
"{72AEC5B1-51CE-47CB-AC76-5165872C7382}",2021,17,5.44091279194957,117.003014051634,977.316181223272,0.00211970074812968,2021
"{FF548771-D47F-4CA5-A92F-F8E4F5F34BD2}",2021,10,6.90964615251071,117.113027879932,800.855220950399,0.00124688279301746,2021
"{F180215A-FCBB-4F2C-9792-F23A69FCB267}",2021,10,6.94532550972053,135.593002397374,805.842952121113,0.00124688279301746,2021
"{E3D99E8B-E6EB-4E6C-AF3E-806A21D9808E}",2021,9,9.90270716652526,114.143218123709,993.066689005804,0.00112219451371571,2021
"{2CC1B666-107E-4959-B98B-93259274DC39}",2021,12,10.2712687508822,184.437295638424,2138.49146291775,0.00149625935162095,2021
"{C9605BAA-3882-402D-A895-F429463235B8}",2021,8,9.58994051156664,240.751596517583,3510.08309591845,0.000997506234413965,2021
"{6168C786-A446-46D7-94A9-BA76FB43F757}",2021,3,11.0106643208265,191.714988313283,2269.84188027396,0.000374064837905237,2021
"{E7FC0029-4D0F-45DF-8741-55018E431A75}",2021,2,10.9515649819993,134.255893195939,1173.36480420693,0.000249376558603491,2021
"{73B47B91-8A8C-45E6-9284-655219F2CA02}",2021,6,17.8808857417456,187.641604640614,1467.39775930758,0.000748129675810474,2021
"{348022F2-F2A3-4FB1-8AA0-3CF7D24E1734}",2021,5,6.78160214532753,159.043841778709,1703.37442101963,0.000623441396508728,2021
"{0DEF74C1-595B-4F19-87A9-DE003133130D}",2021,33,10.6425678732578,139.966052264946,1167.46143067299,0.00411471321695761,2021
"{E79DF56C-38E2-4C46-A1A3-0B2EB7B91FC3}",2021,2,7.23766912604334,112.512589483733,958.34309069286,0.000249376558603491,2021
"{090E2695-FF6D-4D58-8798-106B5B09D72A}",2021,6,9.97263733383022,140.906995940761,1360.17186168493,0.000748129675810474,2021
"{C4D22418-B57E-407F-B7F6-EF928D6D576E}",2021,1,10.0785893408351,188.11720080947,1694.95333522799,0.000124688279301746,2021
"{EC25BB6C-242C-495C-9415-C9F9399FE521}",2021,7,10.263129089021,129.967393884076,1056.71116188886,0.000872817955112219,2021
"{DDB25A1F-0605-4843-9674-28AB31F102B0}",2021,4,8.0814120049687,104.069435169046,800.614942601489,0.000498753117206983,2021
"{D960EFAB-1562-4033-AFDC-FC84C1ED14EF}",2021,4,10.2881024958892,149.19882772087,903.852197776109,0.000498753117206983,2021
"{71E1CCE5-78C9-4CA3-A0DC-A53DC2D2CC26}",2021,6,10.8365186873412,156.824689178518,1374.75962588238,0.000748129675810474,2021
"{7D2B8FA5-E6DF-4F90-8021-38FE748A035D}",2021,5,10.9877558465336,437.296094581845,6669.38464462835,0.000623441396508728,2021
"{FE45C823-8EE5-49B2-806A-DD1F2C893E49}",2021,88,5.94116620651763,160.555902505801,1929.02973830013,0.0109725685785536,2021
"{C97A26A5-AD52-469A-93CE-EEDD7BA0F595}",2021,5,10.9013672887986,107.623873638224,854.711101110994,0.000623441396508728,2021
"{B17D0146-56E2-46CA-8115-D914E4525529}",2021,6,10.8634586574322,94.9632862444821,669.869619374938,0.000748129675810474,2021
"{FEED4480-C695-4F31-B8E8-90FBAE15C86C}",2021,8,10.797679830364,480.224728829018,5434.19663019706,0.000997506234413965,2021
"{2FEC95DA-53FB-4776-8233-7C29F6633FD7}",2021,23,10.7916616853951,270.595267965833,4719.81506583333,0.00286783042394015,2021
"{73C615E8-1B2E-4469-99FC-9AE8D2E8D150}",2021,1,9.70986839126902,288.748728198907,3968.98865164409,0.000124688279301746,2021
"{4A9780FA-30EB-4A50-98CE-64B828086CD5}",2021,6,10.3019407367353,111.7538624282,887.159354487324,0.000748129675810474,2021
"{D5D6CFAF-8B95-406A-ABBA-D44AD6C423F1}",2021,17,11.1688811890809,175.056630153607,2275.90731593127,0.00211970074812968,2021
"{8F6FB68D-2483-494E-9F37-0FC50A8BC7A1}",2021,7,11.3237843238662,461.40014756702,13695.1850029824,0.000872817955112219,2021
"{FE69A836-AE51-4D66-8FF8-A64E7BFD324A}",2021,4,11.0496785632837,108.585855112771,804.796739220147,0.000498753117206983,2021
"{174C5F1D-F033-47B0-8143-A776B63C8677}",2021,1,11.0521775100974,108.580105488142,760.800345505982,0.000124688279301746,2021
"{D8A1D7B1-102E-4C3C-9997-1E3332E62FF7}",2021,20,12.5758424241562,120.380383403484,910.009413886452,0.00249376558603491,2021
"{8AFFE9A4-2F29-47BE-9B40-DB34701D39D9}",2021,2,12.1842370108396,93.9067739077521,591.982547324034,0.000249376558603491,2021
"{58FACAB9-2847-437E-AFA2-3298F27F3C3C}",2021,3,4.83907977396811,47.8332409210515,145.33496619432,0.000374064837905237,2021
"{AF4FAAC6-02EB-4EEE-A03C-594E76CF7925}",2021,9,4.84970080353519,46.0566121482721,151.828106812077,0.00112219451371571,2021
"{F6712C08-A558-4523-9E6E-F1E7DEE61263}",2021,2,4.70708385361957,221.187882497495,2260.6108837581,0.000249376558603491,2021
"{5B2B72FE-952C-4A2C-8DF0-19645CBFD3B9}",2021,19,18.8971993298909,186.139818816579,1337.84240341125,0.00236907730673317,2021
"{8B014340-86C6-4704-A0A7-14EAE31FFD12}",2021,6,10.9624404445941,182.246935147168,1433.25247544695,0.000748129675810474,2021
"{FEF4FF11-1C0D-4444-A50E-98482759BD0A}",2021,1,10.9097869537186,129.080533413046,676.866472795688,0.000124688279301746,2021
"{11D92745-48C3-4708-A8D1-6009E1C09A6F}",2021,10,10.8345676548029,138.98917504992,734.855115868347,0.00124688279301746,2021
"{C1CB933A-5A1C-4F62-9D32-0F736460A895}",2021,1,6.97881346190413,191.969899435874,1735.84198283017,0.000124688279301746,2021
"{3FCBC61D-2DFE-4037-9900-A8DB9DD3DA42}",2021,2,6.82326831231545,218.997091551211,2329.23929434794,0.000249376558603491,2021
"{7390BB54-C8BF-4AA8-9458-A2404E53CBF6}",2021,8,8.07728423366161,125.468370460227,839.026607882962,0.000997506234413965,2021
"{4307FFFC-4DEC-49EC-8047-637CA1A0A3A1}",2021,12,7.11108729500736,122.391161169043,890.027463364041,0.00149625935162095,2021
"{7E8C8F97-9E80-4ACE-8184-C8EEB2A8316F}",2021,10,8.52753730034257,47.4925859240198,159.850853746515,0.00124688279301746,2021
"{4696E85B-409A-47E0-B788-E8F3637F4517}",2021,8,7.10476915807219,117.863797358368,803.59350374823,0.000997506234413965,2021
"{9741B364-C7DD-4CDB-9AF1-3BCFC6E5D023}",2021,1,5.34224172357122,83.188486190462,467.546286420376,0.000124688279301746,2021
"{8677FD81-5E48-47D6-B1C2-7006A0D6E62C}",2021,3,24.0305406196771,417.628759594755,4204.52168953291,0.000374064837905237,2021
"{DBE6F118-BDBA-43B0-B46C-4DCD5B4ABC8B}",2021,1,23.5273672905628,89.2564230077111,535.918982812821,0.000124688279301746,2021
"{231B5368-12B3-49A9-B89A-0A60922282D4}",2021,3,18.7195376387982,338.667639436768,2725.13739422986,0.000374064837905237,2021
"{F12EA72D-EEEA-40D2-93E0-CD1C09395BFE}",2021,1,19.6056578105666,170.730161696315,1578.31818745602,0.000124688279301746,2021
"{BB7AAE1D-31CA-4F45-BC09-1221323EB3B5}",2021,14,18.4479786119864,179.735183439627,1706.16414336735,0.00174563591022444,2021
"{8F39284D-0A94-45D8-AC18-9A93106E3BB8}",2021,1,11.7884591067327,232.496604795093,3138.20134657781,0.000124688279301746,2021
"{DC85BB7F-96B0-4C79-A23E-686678CCA76D}",2021,6,5.3770334360581,134.905990788737,1088.44220280433,0.000748129675810474,2021
"{6634CC26-2612-4333-9602-171EB769511D}",2021,13,6.21350731059159,84.6484938481546,528.494571468703,0.00162094763092269,2021
"{E1057AB6-7E48-4951-8CC0-0C7496BC4247}",2021,8,5.35512439170772,90.9385686496602,485.001959864857,0.000997506234413965,2021
"{99B8CB90-CA8B-4602-A321-CD03F9C7254D}",2021,4,8.70939501446085,196.367186777285,2068.11287881788,0.000498753117206983,2021
"{1A31079E-03E3-40E1-B42D-B15E980C5CB0}",2021,41,7.91510988004815,209.969855796996,2011.12459980791,0.00511221945137157,2021
"{EC7C5A5B-04D5-44AB-ADEF-80B6644E87CC}",2021,6,7.48830689945264,73.7844950675282,374.636808377946,0.000748129675810474,2021
"{39ADE963-A732-47B5-94B9-1E500416889A}",2021,1,7.43344924266318,55.1317702509052,226.800099280241,0.000124688279301746,2021
"{4D90C2CC-68FE-4D2B-BD46-2D3070C24319}",2021,2,8.1228565105474,108.895145747933,786.262486474728,0.000249376558603491,2021
"{6D366057-2257-4F73-B92D-2B842AE1F22D}",2021,8,8.02963917979124,200.151182859707,1812.83690392576,0.000997506234413965,2021
"{1A46D798-904F-484A-B718-74F9C724DE30}",2021,1,8.52190660717861,270.831604923941,3080.31160342761,0.000124688279301746,2021
"{A4EEE7F0-D93F-4229-8B06-C73CE3BE03AE}",2021,11,6.11972965721387,167.157384625326,1470.22182966891,0.0013715710723192,2021
"{9E1E0106-9EC9-42BC-ABB4-371E03AB1E73}",2021,3,6.12761844339566,103.627008557077,529.01557717593,0.000374064837905237,2021
"{9B8BBA6D-B71B-45D6-8D24-A221AED9DD61}",2021,1,6.44983372467996,212.157053232637,3019.90349370592,0.000124688279301746,2021
"{F4F6B772-0CD0-4839-A910-4689EEB52A72}",2021,3,10.4099730344362,98.0466138054412,639.482990054774,0.000374064837905237,2021
"{BD6A3058-26CC-437E-B537-4C638D65ED1D}",2021,3,5.90410255980703,204.323034806533,1473.20341107651,0.000374064837905237,2021
"{B2B27A53-B9FB-4B85-B77E-5E47ECF3F222}",2021,23,5.92531686130178,71.6719045281916,354.172592422558,0.00286783042394015,2021
"{85F1D8E5-992C-4431-BD7D-664FA015A4FD}",2021,1,5.50982140140077,70.0967582544125,293.230795940248,0.000124688279301746,2021
"{28DCF98F-6B3B-47BF-BE7A-AAEBE43A8F53}",2021,21,5.5537415068463,84.8711966549902,503.548104961883,0.00261845386533666,2021
"{D5A67512-C104-498E-8BA6-2C40D3D4CCEA}",2021,2,5.81661923644718,113.451513950725,807.818446232931,0.000249376558603491,2021
"{B42C6270-A959-4883-8566-E0C391F4CD64}",2021,18,5.85957009859344,55.4709347706367,203.312320816171,0.00224438902743142,2021
"{36FB4979-DADE-4C92-B9F8-B0F862F322E6}",2021,4,5.63743916267252,51.9470748683494,119.383159561029,0.000498753117206983,2021
"{12101EB5-050C-48EC-93EF-E75A5F0B0D61}",2021,1,5.18668325273082,54.0978943655602,198.828643757708,0.000124688279301746,2021
"{4E89AF9A-4318-4259-9581-CB95A4F17916}",2021,5,5.28231885204466,93.0108870710287,505.559202432225,0.000623441396508728,2021
"{57C0D6C4-01E9-4784-877C-585C0DB28C91}",2021,1,5.28325073956162,99.9278775645879,533.032826120712,0.000124688279301746,2021
"{6AAC3AC2-219C-4A36-B248-B3018A28D05B}",2021,2,5.19433622491799,126.930804428667,741.36932206621,0.000249376558603491,2021
"{5FAFD9B8-63F5-4BAB-BE99-C1304A9D8C9A}",2021,1,5.12819064078948,165.551525739734,1287.83064188804,0.000124688279301746,2021
"{3AE18FE1-B035-4BBE-BD3C-C483EA763150}",2021,2,5.21724327725729,92.9358141665884,449.070659396687,0.000249376558603491,2021
"{958EDFB8-F048-4ADD-BA50-FC2D9E809B8B}",2021,2,5.04541831962104,97.7311359858363,431.593697471319,0.000249376558603491,2021
"{DCBE35E0-56F0-4E0F-904A-DFAED408705C}",2021,2,4.96464119204333,104.548342293604,540.51549253479,0.000249376558603491,2021
"{45B8E4D6-F80A-4497-BAB4-4B787CD17D84}",2021,2,4.92848958915326,107.242175076139,731.851221223944,0.000249376558603491,2021
"{211A1FC0-CA35-499F-8F9D-59A640027172}",2021,46,6.89892772689185,98.8627214732855,704.387017061914,0.0057356608478803,2021
"{1E93550D-A32A-4834-BCD6-A2B5E85D4448}",2021,10,5.77159048305612,302.705969111044,3210.26002909901,0.00124688279301746,2021
"{36E05F69-6764-4890-B429-9B7F47C95C1F}",2021,2,4.89110069674394,90.4831771530448,465.571835850583,0.000249376558603491,2021
"{F5200626-6C39-4126-9656-1D055BDCBD82}",2021,13,5.33550645586981,611.542355273006,11288.9733213524,0.00162094763092269,2021
"{04B4F800-F8AB-4730-82CE-20E0671D247D}",2021,1,4.79095137971563,93.5942956941192,508.539028680132,0.000124688279301746,2021
"{952B46A1-19EA-4671-8EAF-85C803B961C3}",2021,25,7.65197560650133,132.130601708634,957.697768620385,0.00311720698254364,2021
"{EC0DC58D-01F5-41DA-95FE-FDC2D1C12958}",2021,8,16.3603315976113,221.177967523006,3587.07527991242,0.000997506234413965,2021
"{401DEC3E-9ADA-4EA6-A98C-7963D7D59B53}",2021,32,8.82173095153863,151.228617938043,1502.27919314105,0.00399002493765586,2021
"{746020CC-8E9D-426A-B11E-BDAC53B22DC3}",2021,5,9.84163902344051,384.777417003099,5764.97960419958,0.000623441396508728,2021
"{7E95CEC9-47C5-4BF6-98F2-588E32B9C65B}",2021,44,7.65157801603287,173.164445428702,1606.65057837296,0.00548628428927681,2021
"{68BE0DD1-D390-4BEF-BAE2-76D0E4CB2F9B}",2021,9,8.09389333740285,270.430951976479,3331.71529365786,0.00112219451371571,2021
"{A973CBC1-B62B-4464-A722-A2563CED99C7}",2021,49,7.90473554913636,66.3580440998139,324.722864536932,0.00610972568578554,2021
"{11EF69F2-C952-4D8B-B523-BB379B791027}",2021,36,7.84812179634541,133.78212570822,1224.01753756025,0.00448877805486284,2021
"{F472657C-826A-4C85-B3E4-522B2FB5B297}",2021,2,7.07888467702931,178.360253721301,1363.87180660464,0.000249376558603491,2021
"{2A7D00A5-8446-47C3-887D-C1D524C5445F}",2021,56,7.91086720871639,114.073384210032,836.313222138487,0.00698254364089776,2021
"{2E25DED3-41CC-4554-8648-25B57B860CEE}",2021,55,7.83525650842516,106.027765611884,743.419086496009,0.00685785536159601,2021
"{8C9783EB-3DD2-4AA8-8E81-C72630BB9093}",2021,3,3.8332649662024,560.318798494517,7118.70381516568,0.000374064837905237,2021
"{7B36BCEF-E130-4F96-826E-F0CD1EB67D17}",2021,6,5.5398959389568,76.4166158475954,390.59650591872,0.000748129675810474,2021
"{D1D8133F-FF73-40D3-88D5-04CA5A84828F}",2021,3,5.72861357147087,183.634847332127,1658.84316012768,0.000374064837905237,2021
"{87DB7083-FB0A-4431-A035-80D6BED7D226}",2021,10,13.907080132106,146.971987395129,1338.97424607608,0.00124688279301746,2021
"{9325CDC6-DBD6-4B1A-9832-4D6398B5DD64}",2021,9,3.03587633843108,177.406648859387,1335.70601428197,0.00112219451371571,2021
"{DA978AFE-B274-4B15-BB91-EA957DFFAE66}",2021,2,1.77433926441313,108.611478353444,836.69986702807,0.000249376558603491,2021
"{01E22373-B79C-4C76-86F5-A61920F8FD7B}",2021,5,1.85375608018621,162.190570008119,1291.30100031371,0.000623441396508728,2021
"{3B85C0F4-D859-4057-AD01-A34821E11533}",2021,1,2.04660057254303,161.468289525492,1375.69237153242,0.000124688279301746,2021
"{43931CE3-58BD-4356-B677-94D8649BD7F1}",2021,53,23.011881380768,237.973143922516,3227.74747710397,0.00660847880299252,2021
"{18B1E7D3-00CF-496F-8E61-28DF7FAB0683}",2021,37,22.6579969221319,192.517352298911,2175.29738100504,0.00461346633416459,2021
"{106E98A1-A6EB-4337-93AA-62A2F8E8F154}",2021,43,22.228797181112,302.873001288387,3702.9480286165,0.00536159600997506,2021
"{2E586C63-C56D-4E01-B208-A57E383B7222}",2021,11,25.0339209017827,122.828091119342,992.319827674088,0.0013715710723192,2021
"{3B278C42-B746-46EF-A5FE-01C0550FA441}",2021,9,23.3231980878535,336.037803073346,5830.23789652478,0.00112219451371571,2021
"{8E2DF316-F565-42AB-813F-BE3A2C8918B3}",2021,1,24.7871031261682,65.5836682662446,209.450435018705,0.000124688279301746,2021
"{611EEB27-5B94-4161-A06B-20A5FED7BAFA}",2021,15,28.6873666058381,247.930633115124,4006.37406110334,0.00187032418952618,2021
"{E2C371D6-344A-4A37-B9DC-89CB4870BEEF}",2021,58,28.6043243343752,174.678053751538,1890.95001567144,0.00723192019950125,2021
"{12C5BE53-CE48-44C2-9ED1-B7E672B56547}",2021,1,30.9265835546144,55.2094228601426,207.924947232905,0.000124688279301746,2021
"{0D12E5CF-7B71-4A39-8B01-3B47D1FDD410}",2021,18,30.5344762338315,231.238044291758,3871.94367549692,0.00224438902743142,2021
"{4A0AD3F9-C6CC-4DBC-B68D-074B0DB1FF9E}",2021,1,20.2203373148478,190.310467637193,1392.05428712809,0.000124688279301746,2021
"{1EFD0B18-65AC-4665-8691-3DDFD9485148}",2021,8,20.2813128723964,99.9013912125835,574.366277334118,0.000997506234413965,2021
"{20ACBE37-1558-414F-B4F4-654DD957CC0A}",2021,1,20.2395752394762,92.0213323759927,496.488487430526,0.000124688279301746,2021
"{15C664A9-EE72-4A4A-8803-1FAAC2F1955D}",2021,10,24.7352981529861,80.0752979731429,439.767049966101,0.00124688279301746,2021
"{977BC143-F76B-4E74-88ED-41F55C9E6DEA}",2021,6,21.6079691126433,210.467774200401,2244.97485279108,0.000748129675810474,2021
"{2C6F21AD-90C9-431C-BD14-D02C78D1D993}",2021,5,22.275519409792,70.6691928141406,318.144455525751,0.000623441396508728,2021
"{3251C5FD-3C6A-4631-AA8D-88C879607687}",2021,1,21.2318932527338,63.957214646673,257.680214685287,0.000124688279301746,2021
"{11FD27EC-458F-405A-9596-64A7ADE49ACC}",2021,2,23.53110405091,141.259755973799,1307.4618779879,0.000249376558603491,2021
"{0D6DCC95-DBC0-40B8-A579-766B39D056B6}",2021,2,23.3092230618997,194.976590099287,2488.08251325052,0.000249376558603491,2021
"{436E9FD0-4882-4E89-AA72-C44648BE590D}",2021,8,23.603258997262,206.182603266741,2623.56789758048,0.000997506234413965,2021
"{1039A321-80C2-4993-B02C-2A853C4E7686}",2021,6,23.5983876522533,155.559551647547,1600.37970687028,0.000748129675810474,2021
"{990C0742-0CFD-4BA9-A0B6-6586CEB4010B}",2021,6,21.9819876662583,112.833050643186,750.663482288236,0.000748129675810474,2021
"{A2D00A25-E0D4-4312-933B-0E4F0051C880}",2021,1,22.5011483531302,143.8701561856,1304.91692168021,0.000124688279301746,2021
"{6D0B0073-4C1D-4089-8F0C-31DC2DA217B8}",2021,16,21.6315617545702,181.197724773755,1363.5769306758,0.00199501246882793,2021
"{A81F6EAF-68EE-4BDD-A921-857CBAB0BF23}",2021,7,20.6148752040546,413.181881615372,8535.78277429192,0.000872817955112219,2021
"{C58CBC87-9197-4BA8-BC95-BDEC61F9CD82}",2021,3,20.6472782476856,154.022003016728,1625.40453000243,0.000374064837905237,2021
"{6AB612D3-AB87-4C14-8765-560164B471BB}",2021,2,22.5597627018207,57.139192165293,225.740862132914,0.000249376558603491,2021
"{FA9BBABC-C5E7-4106-BB6D-D9E55CE8132F}",2021,1,22.5287775082068,134.317843912187,946.475719284409,0.000124688279301746,2021
"{7889148E-B155-4D7D-B439-822CF92C884C}",2021,1,22.6064073113526,389.886208385862,3987.20858122331,0.000124688279301746,2021
"{26958B4F-0F09-471C-B004-C694ABCB3F21}",2021,9,23.0308497303066,55.6304613106567,214.249947150866,0.00112219451371571,2021
"{39D2ABC6-4940-4DCF-AC6A-F5EBCD27D92C}",2021,1,23.2095634338701,181.955479497638,1889.43423096382,0.000124688279301746,2021
"{B28BA80B-B123-4038-B66B-FF6D361A4EA1}",2021,5,21.1366801489485,229.972180468474,3330.88778346914,0.000623441396508728,2021
"{CE6EC073-E6F4-4FBF-9D30-D6EA85197537}",2021,2,23.4080533771157,94.3393390215737,575.867266850578,0.000249376558603491,2021
"{5CBB3400-E048-4B11-8F5D-3219E2F8BF48}",2021,11,19.7871706682972,68.0147698655723,320.566422131878,0.0013715710723192,2021
"{28641E1F-7E3F-47F6-ABB2-75BED866606C}",2021,11,19.7594081256013,78.2347060688405,361.53169862227,0.0013715710723192,2021
"{22B9FD0E-73C1-4ACD-81C1-09DFEA813C15}",2021,12,19.7415909736541,64.8949633973206,255.676353541488,0.00149625935162095,2021
"{3F8AF6FE-B8A1-49C0-94D2-B941554AEA60}",2021,5,20.7430826877162,518.360230853032,8139.29701564682,0.000623441396508728,2021
"{5DEABE39-2A5E-42B8-ABCB-FB063545B6AD}",2021,9,19.7223333598272,85.6379732530874,463.902567181953,0.00112219451371571,2021
"{864052D0-E942-4E1D-A60A-B08965D59D6F}",2021,1,19.6531269047479,256.83340139257,3651.31752772589,0.000124688279301746,2021
"{D157C6DD-D5BE-469B-8C59-9524FFC97520}",2021,8,19.790614187552,51.2342389296924,176.275351351843,0.000997506234413965,2021
"{C592ED4E-B0C1-481C-8E33-907023CBBE27}",2021,6,19.7711653056802,64.2387227630773,258.143102290509,0.000748129675810474,2021
"{55AF3D20-EEBA-4AC5-B397-BBA11E29AD61}",2021,7,19.7020944848014,134.936120487062,1279.76519508628,0.000872817955112219,2021
"{73D29A79-5CAD-434C-965C-D3BE489B1D1C}",2021,12,23.6570326569782,101.853978409437,697.735519239989,0.00149625935162095,2021
"{35EDCF57-A51A-410D-8DFE-3C6912407D26}",2021,2,20.5096017703592,575.232459397839,4083.78747243583,0.000249376558603491,2021
"{127190F4-B85B-4767-947F-4EC6E1564661}",2021,9,18.3491415584422,54.0272474886242,192.263691700582,0.00112219451371571,2021
"{C31B46BA-EB55-468F-83C6-5CFA4CE1F2B7}",2021,6,18.3028094682359,90.7113435871569,490.889784572225,0.000748129675810474,2021
"{D14A6AEA-E1B9-4FF5-8B57-DB1F6C46DE7C}",2021,5,20.1135854182801,101.930857672465,685.264746829632,0.000623441396508728,2021
"{19112418-6013-46A9-A896-ED145886E325}",2021,2,20.3356415567265,224.496063347543,1450.36218163403,0.000249376558603491,2021
"{A69E5670-0A9D-4663-AB7F-1192721FAD39}",2021,1,19.6267850990543,43.9073150874155,123.851341377776,0.000124688279301746,2021
"{11B680B3-656C-4B24-A102-27DED5D73578}",2021,4,19.8013509555933,133.120027060872,1201.59329727573,0.000498753117206983,2021
"{B823AD42-4595-499A-9CCE-269414069C1B}",2021,2,22.9534773840058,69.7349082357003,317.650919083894,0.000249376558603491,2021
"{E73F4225-C9A9-4469-B633-24866EB55FF4}",2021,7,21.3084087804997,345.455051984482,3231.93790388136,0.000872817955112219,2021
"{6E61CEBA-A78B-49B5-91B0-83946103AA27}",2021,8,22.8083825217257,54.2635251225109,208.283453321192,0.000997506234413965,2021
"{A3582A30-050B-4254-9322-EE52481EB3F8}",2021,1,21.3548226628463,101.556414361627,502.957170172774,0.000124688279301746,2021
"{D47D7FE1-FCFD-48F8-9C9D-D026EB2101CC}",2021,1,22.740329848889,139.380144105894,938.492910250561,0.000124688279301746,2021
"{0E61D09F-4215-4692-9F06-8215484AF027}",2021,3,19.5470994099784,72.8764223032259,363.577319184539,0.000374064837905237,2021
"{90DFCC43-22C3-4F9D-A7E9-4498FD588439}",2021,1,17.8377707780704,86.6271047791753,541.327927487594,0.000124688279301746,2021
"{8159E142-A043-497E-8F0E-554B4F314EEF}",2021,7,18.6046331939033,265.460814710989,4531.08312673785,0.000872817955112219,2021
"{28638259-4942-41F9-8FDD-C828AFE4309A}",2021,1,19.6591957711066,271.49778996846,2212.92114195036,0.000124688279301746,2021
"{31B8A14C-885B-4550-B9F6-E988757EF733}",2021,1,18.9781731124439,138.339504196349,978.378304154637,0.000124688279301746,2021
"{2CBF4DF4-2CE1-4889-AF55-8385CDC1E297}",2021,1,18.7538850280702,425.427287423356,7825.7850490617,0.000124688279301746,2021
"{9F06BA32-C388-433A-BDA0-C8351595F6B9}",2021,15,22.9571793035966,175.982830564497,1974.90214974559,0.00187032418952618,2021
"{2E7F81A5-B443-4B43-B023-F6FB9D02A14F}",2021,1,21.2338272937494,99.1627557513955,604.302447381785,0.000124688279301746,2021
"{DF5EE388-D1B7-4BD4-8521-4E77CCDBA490}",2021,11,19.2556656190189,82.3931248753487,349.114402310847,0.0013715710723192,2021
"{5E4FA72C-41DE-4D06-8FC4-DE561B5394CE}",2021,1,20.7623493424914,156.927486674701,1627.69731104246,0.000124688279301746,2021
"{B44456E5-C1F6-4DD3-899E-3BECA087C44A}",2021,7,20.3549357578575,582.952319182476,4436.10862353178,0.000872817955112219,2021
"{053F78D5-358A-45F2-A0CB-78F505C1E3C9}",2021,4,16.2963470760866,117.736114877557,956.331020099704,0.000498753117206983,2021
"{8760A1E9-EB81-4A41-A926-D86C0578245F}",2021,1,23.3686206396043,178.801432250931,2141.81141807147,0.000124688279301746,2021
"{F01237BA-F3FC-4451-9EEB-487B8F0F816B}",2021,2,23.0069991605656,264.673059767719,4227.58102274723,0.000249376558603491,2021
"{E0B5B3D5-7726-4853-9116-DCF22A047FB2}",2021,1,15.597414868681,88.7721883545906,596.783272681528,0.000124688279301746,2021
"{3BC5ED25-1E94-4998-8C19-878FF3A05DA8}",2021,5,15.8211110111559,78.5623528246789,393.022726001455,0.000623441396508728,2021
"{D6A98D0B-DA5A-4BFC-A24A-DDE93AF6B9C6}",2021,7,17.3067973994868,152.030146214963,1222.52041282176,0.000872817955112219,2021
"{2E1C96C1-E547-47C0-9AFA-07F6534429FE}",2021,2,15.6658318393614,134.74680955161,1247.530148182,0.000249376558603491,2021
"{BC14386E-30A3-4358-B4E3-315A92B7C602}",2021,4,14.8136596331759,77.2062726593024,429.462142397983,0.000498753117206983,2021
"{1A6BE567-97D0-429D-8B65-E24963F3276D}",2021,6,16.0203207021372,156.749507100087,1251.53466763172,0.000748129675810474,2021
"{9EA13259-2A88-48C7-982B-201719EF0208}",2021,11,15.7581012481175,79.3605959438824,424.011452165231,0.0013715710723192,2021
"{4527F9C6-EE7A-469B-A38A-8FC8C4F744E3}",2021,6,17.2162461087949,135.313708461364,781.075520013751,0.000748129675810474,2021
"{E899B75C-E324-4ABC-A708-D11BD2267E5A}",2021,12,20.5022364432075,197.319324857983,2059.76975998533,0.00149625935162095,2021
"{38C220C6-B132-4064-BDD1-8F62B7BA4252}",2021,1,16.8395443913525,102.089901681592,558.40157153093,0.000124688279301746,2021
"{B27D0BC3-5294-48CD-B913-AEC4A7F4B79F}",2021,15,20.6019968128811,916.39400766337,18241.5366411865,0.00187032418952618,2021
"{7E260C6C-244F-4551-A82C-2F3B1720BF42}",2021,1,20.9532625228295,72.4692082768167,345.15094365379,0.000124688279301746,2021
"{0EDC440E-B1C7-44EF-AC0B-2649A38449FF}",2021,13,19.79596395029,100.577889506778,755.190348761702,0.00162094763092269,2021
"{7F298FD2-1259-4B5C-BBEA-DB38E0B09B81}",2021,2,15.2816062518369,143.437753200236,1232.99831550144,0.000249376558603491,2021
"{743B8B8C-56E7-4527-BA97-CD31718F7379}",2021,8,13.8990516263623,140.697900527164,1374.81251117695,0.000997506234413965,2021
"{13E0F13A-863D-45C7-8701-26F221CD2391}",2021,19,16.7917182313125,95.1335900075845,532.344234139343,0.00236907730673317,2021
"{FB946687-68C5-4EA7-B173-9E034746CBBB}",2021,1,14.8594703584911,135.961067891411,1095.68764145371,0.000124688279301746,2021
"{F510A845-8669-4BC5-B6BD-0500D620800F}",2021,1,14.7575529426955,262.158335576742,3208.68657560095,0.000124688279301746,2021
"{21417273-C5F6-40AD-9F15-2E76DB9DE9A1}",2021,10,14.6951178763392,333.606176074297,6057.71254428485,0.00124688279301746,2021
"{D6471E36-6614-4F1D-A22A-277A9CBEAAD7}",2021,4,13.5556561880391,59.3437257692213,211.745975338576,0.000498753117206983,2021
"{B9884C18-3113-4F0D-BB64-058C7C5F487F}",2021,31,13.6244552347969,60.2454610184003,266.671364760206,0.00386533665835411,2021
"{2CDE7FC7-78E2-4A8F-A2BF-BE558ECB332C}",2021,2,13.6517179415686,35.156506319009,89.889706537349,0.000249376558603491,2021
"{675F7858-D64A-4920-BBE5-E18BA6AA568D}",2021,4,13.6249203483318,68.3549631732317,345.085815384027,0.000498753117206983,2021
"{DD6E8DE6-3672-4B42-84FB-0E6BBCA9D473}",2021,2,14.6269877550619,163.593913135752,1463.24088712107,0.000249376558603491,2021
"{0310D2A7-97FA-47A5-A952-A170063522E0}",2021,1,13.8544937632567,447.284473645289,4308.88893486601,0.000124688279301746,2021
"{2243EA51-A401-44A6-885A-AE04C9667700}",2021,4,13.6727493156351,100.480457645977,680.657447022794,0.000498753117206983,2021
"{29FC0628-7548-4770-9C5C-3D4F6DD40789}",2021,20,20.146739909724,98.5273468969198,520.902628794253,0.00249376558603491,2021
"{35257651-349F-4166-AE9F-C8EA189CC523}",2021,19,19.9483588588543,102.840760505936,573.903575593425,0.00236907730673317,2021
"{FAA57B8D-4D80-4F73-8437-6EC183387B71}",2021,4,16.9781521462422,250.672512144389,3582.47037676148,0.000498753117206983,2021
"{CE39B5DF-317D-4883-8468-F4838E8D1B14}",2021,12,18.9706315997702,341.232315624172,3482.24858752025,0.00149625935162095,2021
"{9FEB41EF-13F7-4809-8149-68A791879409}",2021,7,17.8531234730448,334.617342606021,2644.06406471154,0.000872817955112219,2021
"{918CDF45-E5F9-4648-A7E4-DABC42689F2E}",2021,2,19.6484926041734,246.340519901703,2273.57737931858,0.000249376558603491,2021
"{96A8A246-5426-498C-8220-0DDC1C32B2FF}",2021,2,17.959103074182,195.661140354854,1419.43251714828,0.000249376558603491,2021
"{87337542-31DD-4492-93A6-7B9491EAC815}",2021,1,17.9282257952581,118.502498292683,899.042352628562,0.000124688279301746,2021
"{48634506-FA61-439C-9432-96AF42BDA1D5}",2021,3,20.0638806486036,525.687511785789,10988.9877314438,0.000374064837905237,2021
"{17AC0BCC-CC96-40EC-9CE9-AE1542E359A2}",2021,2,17.9066894826958,342.067288136441,3778.94329947333,0.000249376558603491,2021
"{F65C7F47-37A8-448F-A6B6-33373C0E4750}",2021,10,12.889318959871,137.931922252864,1044.74110916976,0.00124688279301746,2021
"{A2351468-0423-447A-B5A6-B30D8C71AD36}",2021,10,12.8319377323654,317.429965202093,2865.62951291534,0.00124688279301746,2021
"{0CDF3562-1AC7-47F5-B5DB-B5A7E6A49A4E}",2021,1,17.6003209850139,85.9904260675454,509.953788803636,0.000124688279301746,2021
"{7C49712D-F8C2-4F7C-927D-8562779001C1}",2021,11,18.8498838721801,627.738261603801,15278.4122961561,0.0013715710723192,2021
"{E3FD9EED-87EE-4C68-A8FA-E0C4D0AFF97B}",2021,11,18.7874562365706,229.234525378728,2735.09010394727,0.0013715710723192,2021
"{ED17753D-820F-4629-99FC-B7483815E8FE}",2021,15,12.597581851339,414.798384753796,3894.94149808038,0.00187032418952618,2021
"{94A788B5-235E-4FD0-9F1A-B8EFEBB5056D}",2021,14,12.5893742841026,175.818785318502,1197.12090037802,0.00174563591022444,2021
"{9E8258F9-8029-4BC0-B733-CBA9212002B7}",2021,10,12.3216925713795,434.663478675446,4125.65967753585,0.00124688279301746,2021
"{2F970F75-4BE0-49D4-8DD6-999DF610B0D0}",2021,1,17.323583622069,219.701383126917,3337.38388081517,0.000124688279301746,2021
"{D7C63891-BE09-4EB5-A944-40AE997DA690}",2021,1,14.431229436326,107.259829489461,793.519660053692,0.000124688279301746,2021
"{7FE1D0DA-405D-46D1-BD35-4E174DBDD0CE}",2021,6,18.6065723610451,354.86866552739,4194.16423152898,0.000748129675810474,2021
"{1E6AF71E-C56C-45CD-902C-5AF18887BBF1}",2021,4,18.9256654438689,105.954304462351,813.644358554535,0.000498753117206983,2021
"{5BDE1725-369C-4314-8B96-5D25EF3CD326}",2021,35,18.7052862453561,450.323229005465,3938.49332650511,0.0043640897755611,2021
"{A7B5B14A-7418-4F3E-AC88-D1E168CC0AA4}",2021,1,18.9901961917691,194.184103186432,2277.17759785883,0.000124688279301746,2021
"{549A9B24-33E1-4786-9207-B6497C4DD669}",2021,1,22.2887323901319,129.68547541386,992.325063313574,0.000124688279301746,2021
"{21A0216C-DC11-4768-917C-BDF6069590B4}",2021,14,7.76068113993317,2623.66346158594,79815.9030434079,0.00174563591022444,2021
"{E987A8FD-F779-419C-A3F2-54B185788125}",2021,4,24.3340283037477,65.9072595769653,274.065176425825,0.000498753117206983,2021
"{2B50E39C-6B2F-4874-BF6F-D27E0A1EA812}",2021,5,3.28852189886727,1038.16825646665,60790.4077907088,0.000623441396508728,2021
"{F868CE17-FCF0-4883-977D-37F664A8E647}",2021,4,3.9359747522543,784.956114176591,25143.0229953867,0.000498753117206983,2021
"{4656846B-DA95-4E68-A72E-24ECBE2B1136}",2021,4,31.3153646287261,197.121539797231,2590.48928629079,0.000498753117206983,2021
"{C18CC73C-4F7D-4DC1-B0DE-A508016D9DA7}",2021,7,19.0466183776879,255.089794312867,2054.26221431757,0.000872817955112219,2021
"{2BC1D4EB-ED80-4958-ADA6-460A45717FAF}",2021,13,19.12443288841,201.436009665755,1276.92939718689,0.00162094763092269,2021
"{D01D972E-0580-4EE8-85F5-D6D646FC31A5}",2021,13,19.1333222714261,55.7255956288661,230.047685183422,0.00162094763092269,2021
"{4672C866-45CB-4753-8101-5733E36263DD}",2021,1,23.8967390303679,70.9401356740237,353.726428804504,0.000124688279301746,2021
"{E5AFFFDB-AE38-4DC2-B191-C38FF283FAE9}",2021,6,22.8296863735988,243.339494389031,3736.55030781851,0.000748129675810474,2021
"{FB01A69C-2126-4FA8-B95F-0DD14EEB5085}",2021,1,25.3669175352882,167.129938153143,2018.05533395718,0.000124688279301746,2021
"{94E68E06-2951-4590-8D5C-DB292E62100F}",2021,1,26.0722482448483,152.879648393256,1557.26496314418,0.000124688279301746,2021
"{5AD79276-7376-4873-A068-FD284A6FD335}",2021,1,20.6997084715825,527.500645388288,10921.3580265829,0.000124688279301746,2021
"{CD67CB20-A3A6-4519-8BD8-A4BBB796ECA1}",2021,3,24.8255837107915,254.54526883543,4284.11274949354,0.000374064837905237,2021
"{DE038FDE-8A87-4A62-882C-E6F5DF4284C2}",2021,5,23.7661176344555,96.9912379638184,571.756321900999,0.000623441396508728,2021
"{CBEAD373-99AA-41BD-ACE2-457EC03621B7}",2021,2,27.4383791392904,92.3015416171828,614.541247910105,0.000249376558603491,2021
"{DF250B9F-255D-4126-99C6-F7099736D5BF}",2021,1,27.6236612094215,102.607009673914,602.483784014304,0.000124688279301746,2021
"{B8E8AC11-9F4A-49D1-9DDA-7EDC494C5B15}",2021,2,20.2178904855096,235.814302210343,3471.30411922817,0.000249376558603491,2021
"{BF3AF9BE-A602-4F20-998E-CA673E90E660}",2021,1,15.91417853658,25.0895341320964,47.9750221374236,0.000124688279301746,2021
"{3B6F5D23-1310-4C07-90C4-462FD5773EEE}",2021,1,20.4217451318868,91.7302451199679,609.075897693051,0.000124688279301746,2021
"{1C38AE51-4237-49AA-A9C6-F6916682CED0}",2021,9,18.4849387238375,271.971716082864,4370.3062225183,0.00112219451371571,2021
"{D5CF7B14-ADB9-49B3-A523-BDAAFA31F147}",2021,1,10.873468482035,158.159113024586,1756.80100352287,0.000124688279301746,2021
"{770CA628-221C-4990-9D16-70E86ABD2A88}",2021,1,9.29008366599503,93.4004192368325,605.213254459216,0.000124688279301746,2021
"{B1FFC8E9-12D7-4725-8007-2E594CB9C2A3}",2021,2,21.510945826243,247.31827613412,4278.77382893501,0.000249376558603491,2021
"{92D88D62-F67B-4BC8-B4AE-A57B6563F49A}",2021,1,18.6946465787734,268.85662068377,4560.93937316022,0.000124688279301746,2021
"{F8E50BA8-8AA4-4949-8AD0-38298CB7E2C9}",2021,1,5.86185636682491,86.9769337988653,531.753591620679,0.000124688279301746,2021
"{23FC4197-9A9C-4708-8D2A-06FF2AAA3FBA}",2021,19,12.603662657384,112.104258162059,752.393704271195,0.00236907730673317,2021
"{B635E662-63F3-45AC-B609-C398049D464E}",2021,6,15.8154067240382,119.73273648902,972.425439710006,0.000748129675810474,2021
"{34ED3870-62AB-46CD-825F-6FE653620BFF}",2021,27,1.8723442910131,1142.52223425793,24130.1626048972,0.00336658354114713,2021
"{D7D55C87-D151-4AB8-BD9C-61EB1DDA8A5C}",2021,2,5.60376174377051,125.55346448747,1173.22575910526,0.000249376558603491,2021
"{BC93EFB5-F5D1-40BD-9B7B-3D5876D5773E}",2021,16,6.05866265306009,8116.4604180766,1070853.49449616,0.00199501246882793,2021
"{7C31E52C-16CC-4969-8F84-5AF6AFE9906F}",2021,2,7.12339007041445,370.854693855624,5670.69688195616,0.000249376558603491,2021
"{893C8C40-1630-492D-9D2B-B1EFB7B00038}",2021,3,8.91104737575352,783.878084881261,27497.3651124855,0.000374064837905237,2021
"{E0C3EB71-3251-4756-8DDF-2E4D76F5FF1F}",2021,3,12.3890885368021,4140.17599515862,96228.9676871843,0.000374064837905237,2021
"{A7041E99-D5D6-494B-8A30-90FFC1948C96}",2021,4,12.9958188830174,856.477030359338,27906.7714065344,0.000498753117206983,2021
"{B30D1414-1B56-46B5-88B1-BA410C2684AF}",2021,10,13.202883559092,2749.81690561564,180147.744252915,0.00124688279301746,2021
"{BCDC56B7-9901-46F0-B866-4F3B05B4CD82}",2021,21,2.79706925865138,2575.45958280121,237007.321178129,0.00261845386533666,2021
"{089A667B-D194-4BA9-81D2-BCEEDC6FB8B6}",2021,1,0,160.158123627254,1770.22100577104,0.000124688279301746,2021
"{F6F10621-0760-4E16-A4A0-1AC3DB812F35}",2021,7,25.716428156689,118.589630399244,854.026469723163,0.000872817955112219,2021
"{B5B3286C-A627-40B6-8F7E-5CBF580C1D0B}",2021,1,22.2579256898925,70.0346328334849,390.298532747788,0.000124688279301746,2021
"{2B51AD42-D7AF-4F80-AD1F-44B14AA904FE}",2021,1,13.8109694786508,31.4173915715871,78.5371281779244,0.000124688279301746,2021
"{D1F394E1-4EF4-45C8-83FD-9AA7DD64779C}",2021,17,27.2694643103799,31.4169813675032,78.5342793347332,0.00211970074812968,2021
"{09800BF2-6465-47DA-9294-F2C02BF450CB}",2021,24,5.50145753868109,35.0176156708836,97.5780338329422,0.0029925187032419,2021
"{416ADECE-E8B1-420F-9A49-53682BC6F1DA}",2021,30,5.11434387453514,92.5138935790981,681.071964602507,0.00374064837905237,2021
"{385BFFF4-25B9-444F-9BEC-83CE7448A862}",2021,1,1.53161772890664,69.7736734048393,380.962569164839,0.000124688279301746,2021
"{048948C2-F317-4C9C-B054-3AEC64779EA7}",2021,10,0,29.4214049828284,68.8820010097672,0.00124688279301746,2021
"{B9D7F2AD-9601-406F-B0E6-7296454EC513}",2021,8,27.1175965663114,190.452908362599,2886.44580729461,0.000997506234413965,2021
"{D493D428-8A2B-48D5-AA6E-6653C9DB3BE1}",2021,18,23.1018018616336,146.070616143778,1697.90475326948,0.00224438902743142,2021
"{7BC94CE0-C22A-4E44-8CD1-226F9B751ACD}",2021,1,22.8271556718904,219.106114957207,3820.29977311143,0.000124688279301746,2021
"{6C437147-87F1-4D9E-9980-073D75F7015C}",2021,8,22.498227857266,46.1913026040427,169.786263952404,0.000997506234413965,2021
"{96BD524D-BC6B-4E5F-B220-9FF0EF02EC15}",2021,13,20.4667127963077,134.670440274058,1443.2180381874,0.00162094763092269,2021
"{2211AA81-4E87-4295-80AC-23979025033C}",2021,18,14.1050881076807,66.4967512017455,351.872594560317,0.00224438902743142,2021
"{88D89E43-4F64-40B2-9E69-E3000D1B089B}",2021,20,28.8743950499985,199.491107117133,3166.90736719759,0.00249376558603491,2021
"{8FA8E64C-C745-4A45-8000-F7031B4B54F6}",2021,24,27.9424961552935,214.858564357997,3673.61592812123,0.0029925187032419,2021
"{BA816088-706C-4FA1-8275-0B03A2A8E36E}",2021,30,24.6810797374162,232.64470284036,4307.00010345344,0.00374064837905237,2021
"{6E8CBE33-6A5D-444A-BFC7-FD9A9295ABCD}",2021,11,24.0754728311446,203.441862826493,3293.58566606251,0.0013715710723192,2021
"{871F8493-1DE5-4CCF-9542-63823D94CEF3}",2021,24,11.1865427248706,64.4187302935314,330.224067011443,0.0029925187032419,2021
"{46DC57FD-A16D-4EB6-9D2E-D22AC6A53F37}",2021,12,19.8191315680736,178.430238303482,2533.52377689793,0.00149625935162095,2021
"{21F408F4-18F5-4B76-9A27-1D638479136C}",2021,2,0,39.8978860709527,126.672020769321,0.000249376558603491,2021
"{564501C4-C686-4CE7-9132-258B57245D8B}",2021,4,3.34133869231221,27.5627176964181,60.4534183349276,0.000498753117206983,2021
"{67CD8822-6D30-46FF-BFE6-25D228A30BB2}",2021,2,6.9125674111578,50.2267018901655,200.241941656119,0.000249376558603491,2021
"{CE9CBB0E-5CF5-4951-B761-75099B076352}",2021,6,0.208799560144982,18.5629544008259,27.3514223288289,0.000748129675810474,2021
"{5BDABC76-06AC-4441-9678-BEFBFFC47833}",2021,1,0.24346876827775,37.1259559788617,109.405968729305,0.000124688279301746,2021
"{48BEA111-487F-4075-8FA7-878703C7AA3F}",2021,1,0,54.0836467477163,232.176179405176,0.000124688279301746,2021
"{88D5DF61-AB03-4A59-8C47-7D80EC1C29C0}",2021,4,5.61607093557358,59.8637352935769,284.454853874403,0.000498753117206983,2021
"{9DF76F6C-6E65-4252-BA32-BBCED8BB9AAE}",2021,17,5.83842155765914,33.206404230881,87.524456988432,0.00211970074812968,2021
"{8FA7892B-8C65-4802-893E-BDF895ADC54C}",2021,20,6.5210413974896,46.9608966709003,175.048537496505,0.00249376558603491,2021
"{593D8D58-F5DB-47C0-96A8-0817A64C2558}",2021,9,6.72164126119171,68.4567230818532,371.978584845302,0.00112219451371571,2021
"{4ABA12BF-651C-4A0E-9F76-3359F788CCB7}",2021,21,6.80912588600797,68.4567100702136,371.978443408406,0.00261845386533666,2021
"{DF36DDC7-1B15-4DC3-8302-3E83897A0ADF}",2021,34,7.39347175846876,41.8174738523211,138.803786245505,0.00423940149625935,2021
"{15390773-A0E0-4249-9102-E8679845A0A3}",2021,4,6.28728170513123,33.2064936453954,87.524928330238,0.000498753117206983,2021
"{10D46597-B7B1-434A-BD74-1E5FF52DDDBC}",2021,7,7.24268350545174,40.7129031033202,131.567877393376,0.000872817955112219,2021
"{02D13F6F-3A33-4773-9EE9-8E12063DF1B4}",2021,6,10.0378829720651,63.0050141993469,315.090966755391,0.000748129675810474,2021
"{F67BD614-3CAE-49F4-BE2B-93DCB4F733CA}",2021,10,0,166.469790872059,2202.47608107135,0.00124688279301746,2021
"{9BFB6657-AA35-493F-B7D3-AFF3A61DD917}",2021,8,0.245741469646378,37.1258702241678,109.405463152203,0.000997506234413965,2021
"{A6E564D0-81E8-466D-87B9-72FB94E37346}",2021,15,0,63.0030374686197,315.071195703714,0.00187032418952618,2021
"{B6DC85BF-3BDD-4E0F-94DF-D1A222A0D514}",2021,11,0,56.3515526173847,252.056265646478,0.0013715710723192,2021
"{D8E5B57B-DA91-465B-850F-E736B7659F28}",2021,7,3.31522164677207,132.95579647491,1404.52259172155,0.000872817955112219,2021
"{BC1229CF-2606-4935-8CE3-761B41B493B1}",2021,2,3.49428724853077,92.8268238443077,684.141731725259,0.000249376558603491,2021
"{330EC1EF-5553-409F-8CA7-9024281349EC}",2021,19,0.714963124664565,37.1259246646439,109.40578406835,0.00236907730673317,2021
"{CC7C5E3D-C340-446D-AF92-D06E79F7A18F}",2021,2,13.4124549065645,38.2025058681052,115.842901515738,0.000249376558603491,2021
"{53BF919E-1DCF-4202-8653-0984C94D5ECE}",2021,1,0.526894651622976,112.862962687846,1011.7704903516,0.000124688279301746,2021
"{C76B15C7-AD08-476C-8D79-C18B92985E84}",2021,1,16.1681199038836,33.2063709380381,87.5242816901658,0.000124688279301746,2021
"{9FC1CA5E-2F7A-4539-8817-00EB6A329017}",2021,15,16.0922660533844,46.9609545585959,175.048969101228,0.00187032418952618,2021
"{6442299C-2381-412A-9FB5-77108513FA91}",2021,11,5.15047665024523,43.8061209841213,152.319435489349,0.0013715710723192,2021
"{1351ED74-64C9-4C46-80A6-C8D1ED724DFA}",2021,8,6.24106082180164,31.4156663293797,78.536476288768,0.000997506234413965,2021
"{854058FC-5B99-4782-BB64-8AA5FF392E42}",2021,7,3.32929677743833,62.030968966008,306.193646509446,0.000872817955112219,2021
"{65761CB2-DCA2-418C-9A31-05FCE7959142}",2021,2,5.52878452330724,150.074916343308,1792.23650370729,0.000249376558603491,2021
"{77571EED-2555-4ACA-B894-66129FFD09F2}",2021,15,3.33722611124086,31.4156806489614,78.5365544564991,0.00187032418952618,2021
"{B94A6D9F-3860-4B2B-8D6F-7D95FA3E09D9}",2021,16,3.37111393326222,31.4156632489978,78.53646913215,0.00199501246882793,2021
"{AD169180-EBD8-44F5-9DC3-6CBB7DB03ED6}",2021,1,23.0690248641509,31.4151724900035,78.5340067050162,0.000124688279301746,2021
"{9ACFA638-0A4E-40A6-A4A7-02FC474AA8F6}",2021,29,3.62484577060559,31.4156716482834,78.5365020440557,0.00361596009975062,2021
"{3E9832EF-B6E3-4BE7-9208-71F7D22B57F3}",2021,14,9.91663582770498,21.0233397055212,35.1707721323523,0.00174563591022444,2021
"{AB28E349-356F-4A08-93B0-7CFA33326693}",2021,1,3.98070791957292,28.7591361555265,63.7519730563244,0.000124688279301746,2021
"{6724656A-FC4F-402F-91FE-12BDE22E1E33}",2021,11,5.9163699765759,68.22890329784,236.120836887249,0.0013715710723192,2021
"{D78951CE-B65C-495B-B1E4-A99D5E1DDEEA}",2021,24,27.9732729457663,363.824442757982,8525.22542035971,0.0029925187032419,2021
"{40D0341D-E31A-40D2-84B0-438CCA2D2B7D}",2021,7,6.56891627322694,45.2883620735663,139.253681073396,0.000872817955112219,2021
"{650FE6B4-FB9E-49F2-9A7D-83CD79623CFF}",2021,17,0,43.8068900540262,138.368931991862,0.00211970074812968,2021
"{F3EDCC32-429E-4D81-B962-375C93DCD7CE}",2021,14,19.8426566640868,273.215866326728,2563.97386776966,0.00174563591022444,2021
"{98DB37FE-F214-4859-840D-DF95D13CD7F9}",2021,10,22.1174034349208,73.1422498340438,363.653000633669,0.00124688279301746,2021
"{E96C6BB0-4005-4013-A778-12FE51EC7FF0}",2021,4,19.4563864909364,10.3798913544451,7.89748722606684,0.000498753117206983,2021
"{44AAB06D-1C9F-4A76-9EAB-8AADB43406EE}",2021,6,20.9654721399319,196.904461356946,1783.87012625639,0.000748129675810474,2021
"{727737EA-1580-4C98-A43D-3BCD6D2D3C81}",2021,2,16.3390633553092,98.7944689226787,581.967346153377,0.000249376558603491,2021
"{9E43E525-C96F-4B3E-89A2-FFA2453E34D6}",2021,5,18.5436366263564,112.585197282645,673.673938471054,0.000623441396508728,2021
"{BA397202-3E43-40E3-BF18-23B0D48B965D}",2021,15,17.0558635139255,95.8919649933308,347.422807287945,0.00187032418952618,2021
"{C7E489F8-39BB-47DA-B378-92F3A4538000}",2021,3,17.0733028094094,83.4031300089625,334.248148977155,0.000374064837905237,2021
"{9FB287D0-54E9-488D-AC6F-595DD4A5EA6C}",2021,9,13.6527755442945,334.372021791755,5312.17319904589,0.00112219451371571,2021
"{7FB22766-E06E-4E93-B397-A3BBD2A28402}",2021,11,18.7503998884925,216.212103594574,1495.17339947392,0.0013715710723192,2021
"{BB4E2CCC-A052-4A43-A52A-E2F7339FDCC4}",2021,17,17.3298001592251,511.823755076808,12068.0590347,0.00211970074812968,2021
"{002A8116-3668-4D55-A04A-E9D905FDDB29}",2021,5,23.7207313840828,119.233689851858,919.307212123052,0.000623441396508728,2021
"{4981ED8A-E3A0-419D-8DCE-02408269CE92}",2021,11,0,732.562719785784,30524.6895324827,0.0013715710723192,2021
"{AC7E94F4-5F98-4468-A002-AB94B2C03B2E}",2021,4,2.66142277214,6430.76341317038,604586.261558514,0.000498753117206983,2021
"{D86016FE-130D-4079-AD80-CCD32A44E831}",2021,4,1.2164631942667,1854.75186570898,76844.52026692,0.000498753117206983,2021
"{DABED48C-DFC7-402C-B048-BCA870200F5F}",2021,1,11.0714559146795,21562.1451522343,3974571.46971268,0.000124688279301746,2021
"{557BED5D-A6C7-4FD1-8633-000F9C8C1817}",2021,1,1.94694257452307,1228.24383343659,46175.0080449109,0.000124688279301746,2021
"{13687C12-2CF9-46ED-B155-E744F0260963}",2021,9,5.56772850791672,49.9567196053698,150.374018627479,0.00112219451371571,2021
"{B0C27F1E-8B65-4406-A09B-19640B8449DE}",2021,23,1.36757535040947,19690.5365446854,1473662.33028106,0.00286783042394015,2021
"{2A0209C7-A4D1-4490-BF5C-B19173C69D83}",2021,6,4.0352017070055,284.253628605853,3722.33603496142,0.000748129675810474,2021
"{FC0F4906-F0D6-483B-A9E8-7E3BE451A084}",2021,31,4.068315447923,106.797609434739,831.877911674724,0.00386533665835411,2021
"{6A247308-F1EC-4FC8-AAA4-D30D459904B7}",2021,1,16.425014989087,3184.20837470852,125043.31718993,0.000124688279301746,2021
"{C467AB02-726A-4DB6-9BD4-8859D30C6050}",2021,43,2.85847854825057,120.466615957861,970.275026005733,0.00536159600997506,2021
"{52AFC22E-DBB5-4068-9C7D-7D0F72DE70FD}",2021,3,1.80657336614465,444.321529069933,12927.434266214,0.000374064837905237,2021
"{DDF0D1DA-8505-4B46-A3E2-F99EAB2C65B6}",2021,3,22.1744616270213,3319.22247095396,129730.87861032,0.000374064837905237,2021
"{691358A6-B211-465A-85BA-53EFB59110B6}",2021,42,11.2126427181049,327.327245353796,3424.66018290354,0.00523690773067332,2021
"{CABAEAEC-53D0-4954-ACB9-20CE7D8F2E16}",2021,1,7.11639451184114,340.992419343654,4685.44711216792,0.000124688279301746,2021
"{41B12DE9-3624-4BF9-9D6E-D8FF2882D4CC}",2021,12,27.662562287812,481.004223102724,13944.7102715937,0.00149625935162095,2021
"{5E516065-F432-4227-B9AD-6D492304ABDA}",2022,12,9.83822606075657,210.867350687144,2370.62503009892,0.00435097897026831,2022
"{DF1C39F5-954C-497A-B377-326933BAE512}",2022,5,8.97555526306999,422.192402083066,10228.5641010608,0.00181290790427846,2022
"{BD582AE0-F8EA-4650-B6E5-7CC6C294BE38}",2022,1,10.0547018729619,298.043926214638,5742.58997588354,0.000362581580855693,2022
"{2C8216E6-7CD3-4EED-92E8-A4D5AC3C6C85}",2022,1,8.71499743853128,380.256317865698,9243.24581328265,0.000362581580855693,2022
"{B930D03F-EE06-4627-83EB-53D82962DCC3}",2022,6,30.2608871574065,5947.63079998633,1776994.82656006,0.00217548948513416,2022
"{0BA1BCE3-02FB-44DF-9748-B7E5EBF9B5C5}",2022,9,8.09880691437176,242.931645525961,4208.87607370727,0.00326323422770123,2022
"{E86FBB9C-9DA4-4BEA-A306-3FB2FFED4AC5}",2022,2,25.8065564096652,3919.76293524915,620108.169323255,0.000725163161711385,2022
"{873BCE97-8E47-4245-8FED-A8817345107E}",2022,4,21.7948789972391,97.6953715600195,569.058863268408,0.00145032632342277,2022
"{9317161F-71B0-44A9-986E-570BD95A9669}",2022,14,25.788449176355,1043.27814873311,45511.1746232489,0.0050761421319797,2022
"{E3B9CA1B-E1C7-43C3-BB52-D829DB9ED10F}",2022,1,11.8921587990326,1206.92669504774,62096.7164352752,0.000362581580855693,2022
"{BACEBC0B-3EDE-4BA6-81CC-05557744F2DC}",2022,8,6.66532936132022,378.4407582753,9639.85590786541,0.00290065264684554,2022
"{FAA71D08-D16F-4688-8DDB-899F7451F2CA}",2022,4,3.9444025018926,298.416208508674,5143.29634579226,0.00145032632342277,2022
"{E76B8EDD-4E58-496C-BC78-858ED518DE8E}",2022,1,17.4891945771761,401.541281158708,9563.64299452339,0.000362581580855693,2022
"{5B115AF3-9F35-4A41-96F1-18B9B2282C36}",2022,6,18.2203498563164,379.342271678564,9677.07245764679,0.00217548948513416,2022
"{64638FA0-A04B-494F-82FE-6D4AFB83808D}",2022,6,4.20638083274698,357.938871671714,3686.17005359673,0.00217548948513416,2022
"{49A190AE-F45B-4A50-88EC-725086C49495}",2022,3,12.1714847701706,558.00750588682,21824.5191263871,0.00108774474256708,2022
"{B42199C7-F7EA-479A-A561-D06BC413323D}",2022,20,9.5513806057217,124.055102949381,945.650410407172,0.00725163161711385,2022
"{E38A512A-DB23-49C2-861C-93022B03454E}",2022,2,9.97345382662551,471.422703966924,7479.82294037814,0.000725163161711385,2022
"{356C1550-B68F-46CF-9BF5-B95FCC8B7616}",2022,12,10.3528057169385,484.797287273066,15685.0002095328,0.00435097897026831,2022
"{1E0C7D74-96E9-43D2-BA16-9928DEF2A99B}",2022,3,21.275456715457,495.586092404154,14731.5956040093,0.00108774474256708,2022
"{017EDF20-109E-4246-A368-0F3ED34B7DD5}",2022,5,7.95653174120608,367.025802445689,6442.38582385874,0.00181290790427846,2022
"{4E8F999D-C5D0-4AE7-BF73-FB4B88C4AD7C}",2022,2,7.79954429158854,247.114930649851,2577.16737957821,0.000725163161711385,2022
"{8E2E0A99-F9C8-4FEB-97A9-31AB88839CAC}",2022,2,22.2567281168542,405.367603410765,10234.4923624999,0.000725163161711385,2022
"{36B9BDF9-76C8-4D42-8C7F-DF7F22DB66E4}",2022,8,11.4038427088127,397.475613355009,8479.20701846245,0.00290065264684554,2022
"{AF6F0715-B381-4386-968B-74262028CF50}",2022,19,12.6479615784303,120.799746220798,931.129284542742,0.00688905003625816,2022
"{6116A930-7AAE-4A05-B799-5CE9355469D0}",2022,4,20.8106338170358,391.918977680662,9493.60298132765,0.00145032632342277,2022
"{49A9BB40-8DA0-4435-9266-D00986707660}",2022,1,20.5773163562672,903.393379668147,48999.9113215574,0.000362581580855693,2022
"{EE0D15BF-53F5-4237-B831-FA1D64B6623C}",2022,7,22.5207876188724,349.274344086681,7009.52175224467,0.00253807106598985,2022
"{5960C61E-6A60-4980-8DC9-70A5F7414674}",2022,3,28.1470886299125,602.605667765245,26633.1264264426,0.00108774474256708,2022
"{BE899B3D-ACD9-43A2-8412-CD7C9B7999F5}",2022,10,28.1231805792312,442.341473611757,10532.9488137863,0.00362581580855693,2022
"{02AC1381-5111-418C-89A4-7B3315168513}",2022,8,21.0946692147531,323.639800202549,6625.80222861657,0.00290065264684554,2022
"{531E469D-000F-4255-8D43-BAC943546853}",2022,1,34.1552161634903,127.784866160089,781.063228804847,0.000362581580855693,2022
"{B6BC6970-B7C7-4948-86BC-DA28DCCA26E0}",2022,3,22.2674553564973,1311.10071806419,67000.6560436663,0.00108774474256708,2022
"{2283CE8E-BD2F-4C19-9542-040130856DCF}",2022,5,23.473930017874,256.497420102831,4158.74502481121,0.00181290790427846,2022
"{7F8AA5B1-0B58-4E97-BF6C-3E4A1C36A969}",2022,16,23.1261354728521,437.773012412552,11894.9850184283,0.00580130529369108,2022
"{A8571A26-055B-4C41-A006-3E581B2939B8}",2022,6,30.1181244559232,152.744410574334,1523.40848005449,0.00217548948513416,2022
"{43D09B51-8A76-49D9-85F9-8165E33BFA50}",2022,7,23.2270706609415,204.975300872224,2920.29026523008,0.00253807106598985,2022
"{63CE9DFB-12C2-4B20-AEF4-2C08BE414723}",2022,4,23.9475910573018,539.410507458552,15098.9618816992,0.00145032632342277,2022
"{28389504-C7DD-47EA-9184-E82B269FFACF}",2022,17,28.5778004686559,228.913576310399,3037.09385283608,0.00616388687454677,2022
"{8726B303-EA59-4C0A-A07E-A483AADB869B}",2022,1,11.4130484150087,1214.24531025206,93632.8676648862,0.000362581580855693,2022
"{1570C241-199C-4692-ABC1-42C064DB15A4}",2022,12,28.5126028600838,391.30108819469,7843.84677892064,0.00435097897026831,2022
"{122B84B9-3217-4C7D-9845-BF0853622B61}",2022,21,17.5890344714607,200.19519123539,2641.3610163447,0.00761421319796954,2022
"{D961B71E-DC55-442C-B6AA-AF0B94FA6C49}",2022,4,33.9465588495763,261.673941703733,4150.02682929334,0.00145032632342277,2022
"{CBEAB55E-CB44-4BAF-AE98-FD4795B2FDC3}",2022,12,30.5589388635841,188.936074501976,2663.39022850052,0.00435097897026831,2022
"{5794845A-2303-4503-A28F-2D4794B4E33C}",2022,5,14.0956452740347,312.567224449631,4243.43188838039,0.00181290790427846,2022
"{8A247565-DFC0-4BAB-AF4F-364BCEA76BAC}",2022,18,34.6492113832756,227.097970228114,3593.71185989241,0.00652646845540247,2022
"{EB868DFC-CA24-4D28-A834-1F1318879C88}",2022,13,17.0612249886155,577.987394191176,21487.0677707033,0.004713560551124,2022
"{0270CD32-E7EA-4605-86DC-189DADCFE9F6}",2022,10,17.2840631870016,332.52750587324,7413.51440252854,0.00362581580855693,2022
"{34647610-53C1-4D1F-9FB9-9DD6AF3587D1}",2022,18,21.759834980252,266.130534069098,2957.52351594271,0.00652646845540247,2022
"{61847996-A369-44FD-9910-FAA529539D3C}",2022,21,15.0432138597561,332.320882169205,4571.07575307596,0.00761421319796954,2022
"{0B71C826-8DD8-49DF-A5C5-AB0C93FE41CD}",2022,1,12.4402502986376,494.864320144993,15221.0097917028,0.000362581580855693,2022
"{43F17C18-2DA3-4DA9-882B-3CB7659B6275}",2022,11,12.0555653918357,237.0342195388,2711.90256938787,0.00398839738941262,2022
"{1B35F780-30EC-4969-AB00-72968C8A9FBB}",2022,3,12.0121779698091,116.938934196986,957.139901581064,0.00108774474256708,2022
"{33BD24D5-60EA-4880-96FC-5124134F888E}",2022,3,33.4794100351165,376.734808128277,6763.78329676393,0.00108774474256708,2022
"{31CC2FD2-B586-4604-9182-5ECF8FED7ECA}",2022,18,23.6823417669339,132.88418397578,1020.97522442365,0.00652646845540247,2022
"{1FC8BCA7-3EB2-4C7C-BDA1-471D36401934}",2022,18,33.6248444068937,349.105659814976,8460.73258743887,0.00652646845540247,2022
"{FA9638E2-C78C-405B-BFF9-727DB9EB64E9}",2022,7,21.9908042879032,239.746690681392,3893.82196732975,0.00253807106598985,2022
"{0F8DE5DE-1B21-4A26-A340-859E4F0E7FB4}",2022,1,25.5863596189489,791.206354921432,23852.4130747586,0.000362581580855693,2022
"{499AB4A2-FE32-4C0D-93BD-1A3031544119}",2022,7,30.5656482879928,238.124288968926,3186.44598192505,0.00253807106598985,2022
"{62F06ED0-B327-4CA3-A2FF-7D701468F586}",2022,5,18.5719574872361,1071.11779404757,22593.0835756998,0.00181290790427846,2022
"{833AA024-3D13-4EA5-9595-6F2DA0044470}",2022,3,18.6629555652817,210.55655929241,3359.05983719325,0.00108774474256708,2022
"{AF1EF22F-AD6D-4B1A-A309-A3140930C8A1}",2022,17,16.2499918698947,81.53458695299,491.171833220857,0.00616388687454677,2022
"{ED9B844C-FC7B-4D7E-BB1F-BBCBAC85B29C}",2022,1,25.0959632751694,1243.22458126881,101215.475215932,0.000362581580855693,2022
"{A301B408-F912-450D-9790-AD0D5EDF6697}",2022,1,14.027654948153,272.536435059018,3548.66274109613,0.000362581580855693,2022
"{1D1FB3A4-6C92-493C-9538-33AC30DF4A17}",2022,12,15.8046133075874,1169.34455439869,52301.5751309903,0.00435097897026831,2022
"{F9E522EF-C87A-4B27-9A77-8C6DCE43E075}",2022,2,11.7208395478477,408.775344058585,10537.5950128892,0.000725163161711385,2022
"{9D1DB90F-6376-4316-9157-B79C9C1BBDA2}",2022,9,8.24904882965395,79.7219055018672,428.895599001003,0.00326323422770123,2022
"{72F2ABD6-0663-43F9-ADDB-0FC2B4ABA5EB}",2022,22,18.415520306582,161.222959392216,1796.0450178666,0.00797679477882524,2022
"{5DFDED4B-B2BC-45A1-AF8B-32861A75715B}",2022,18,19.4483211284493,104.274532086447,649.424584458047,0.00652646845540247,2022
"{4BC26679-180D-45AE-BA80-3E776C6D6857}",2022,4,18.335060321173,147.984716215788,1170.67656646846,0.00145032632342277,2022
"{8761AFBA-370D-47FA-AD30-7C815D20734D}",2022,11,19.4821333515388,114.46726491184,802.068387905193,0.00398839738941262,2022
"{C47C653D-414C-4A79-8C2E-378EB235551E}",2022,7,4.73969235862991,118.242777618454,829.357060204857,0.00253807106598985,2022
"{B9DFA602-9A05-4BB9-8CB7-B1652EC76ED1}",2022,12,4.61229846036898,110.244118596984,814.990992223472,0.00435097897026831,2022
"{01D4478B-50DC-4E29-8430-E16B229AA8D3}",2022,1,19.0696069125865,243.306761547335,3439.09598354688,0.000362581580855693,2022
"{DFCF0AF1-454C-4739-80E5-41CEE2CB36F4}",2022,8,5.715933374677,145.670620400202,862.120963171588,0.00290065264684554,2022
"{04BF0419-C7DC-4394-8624-27B059047589}",2022,1,19.03931264913,289.331801412567,3798.94806315548,0.000362581580855693,2022
"{E67DF18C-FBC1-4E53-AA61-DC33ED76F0B3}",2022,4,19.0639508262621,88.8012309494955,576.846223467608,0.00145032632342277,2022
"{7DF41861-9ACB-49D9-B734-1D537C4F8C8A}",2022,16,14.506096320716,141.93970542048,1342.3809721115,0.00580130529369108,2022
"{86135FED-001A-49DF-AF5A-3D9FB6EF35B4}",2022,7,15.6055056680855,98.8683188320646,620.943005105041,0.00253807106598985,2022
"{EDA93CD7-2C61-4C21-9463-2D9A24DD83EB}",2022,3,19.2068490419526,100.749952122325,712.711120319416,0.00108774474256708,2022
"{62BA9D45-A5BE-4A9E-8141-53BBDA08B41B}",2022,20,18.4444506702992,106.535276393975,631.706834325113,0.00725163161711385,2022
"{CC6A2852-3593-47A3-BF76-1B10E1339524}",2022,3,18.4824537640038,76.7557520790371,390.71589947321,0.00108774474256708,2022
"{7B83A446-6343-46D2-8C9B-042AD9A0495F}",2022,12,10.0784660174133,205.676371457549,2727.3338619176,0.00435097897026831,2022
"{CF8FA77C-FE91-4F42-B88B-19FFC578887A}",2022,1,8.10298448558556,181.628178869235,1499.90075224123,0.000362581580855693,2022
"{6A360025-3F9B-4233-A83E-41643A1C87A1}",2022,22,6.90654336475115,99.6655958334518,734.896551348877,0.00797679477882524,2022
"{00B176B3-83A6-4418-98DE-C4C5C9D66137}",2022,17,21.7032058950884,142.967005179603,927.507096726919,0.00616388687454677,2022
"{976C2E6A-E5E7-4F6B-8670-CF84CD0891A5}",2022,4,10.8366873065328,520.359599785546,12371.2736650629,0.00145032632342277,2022
"{995B1888-4B6F-471D-8CAE-C03ADAF2E9E2}",2022,8,10.6786769511578,248.444466845489,2486.85447933362,0.00290065264684554,2022
"{3CA4E28A-0B62-4F29-9A15-3BC8C9AD7BE3}",2022,2,10.6883929768802,465.009894404139,5251.71262111508,0.000725163161711385,2022
"{6EC244A8-9462-4B14-BEF3-8FC329095EE1}",2022,18,19.1275990900418,171.878773402113,1516.38146399191,0.00652646845540247,2022
"{77EF984A-2F7E-4348-B053-3ABBFBB7D719}",2022,19,19.1516684420738,88.0289490176939,526.265492130198,0.00688905003625816,2022
"{AD81B1E4-EEC6-4770-B542-B375782E490A}",2022,9,21.1415907135519,199.924201174508,2557.52378395113,0.00326323422770123,2022
"{7C10107E-6918-43A8-B205-CCF83FFC7FBD}",2022,8,19.7032099625148,124.341523928238,832.379692661296,0.00290065264684554,2022
"{81E65DAF-3B1C-409B-83BA-744C9C730BA4}",2022,9,29.2980503347952,270.702878985388,3754.28623860765,0.00326323422770123,2022
"{1F76F478-460B-4A6A-BC14-644F8BF03A9A}",2022,5,22.9477230918838,96.0321522210176,559.594617009962,0.00181290790427846,2022
"{AD1B08EC-358A-4356-B008-D5571F61F0C5}",2022,14,28.5402449619361,122.076594891084,650.075283695805,0.0050761421319797,2022
"{D7271039-19F8-4786-BF26-9F4BE611A37A}",2022,10,22.8037129166788,126.156560013286,1142.38751656188,0.00362581580855693,2022
"{FA91A1FF-AD55-4A0E-874A-BC62F4DA0AA1}",2022,1,25.2610824176463,105.462896098772,670.791295592845,0.000362581580855693,2022
"{4E99D7AE-57C5-419E-AB8C-C1C02AE3FE5A}",2022,7,15.7657036658218,190.974267374037,2487.77493711784,0.00253807106598985,2022
"{A9148969-2AEE-4722-9698-4A677C57DE93}",2022,8,21.8426679333682,149.030788389986,1622.7013250885,0.00290065264684554,2022
"{699AB55B-2872-47B1-89D3-987F43DBCFE3}",2022,6,24.338507656161,314.491924934718,6916.39449847004,0.00217548948513416,2022
"{71A5D2E8-E9DE-41C8-AF05-80B744809BAA}",2022,14,34.2954522853305,122.006062856135,860.673622114757,0.0050761421319797,2022
"{85150E69-23CD-40BB-A1D6-908199D00FBD}",2022,8,17.7243880696745,88.5672045300187,542.345154619406,0.00290065264684554,2022
"{319BF6A0-05D1-41D8-ACE3-ED2C66F86B96}",2022,8,29.2812545066114,137.761814992898,1426.79946618581,0.00290065264684554,2022
"{26FE91FD-10AD-4524-B794-44A51AA74FA2}",2022,16,33.3197759636408,139.510041265784,1373.68839865135,0.00580130529369108,2022
"{E63620E8-08F6-40B1-A2A5-CD13A83C816F}",2022,20,26.3976235045514,191.158300807432,2233.14075414529,0.00725163161711385,2022
"{C65E02BB-AB8A-49E9-9250-7FD337B12A2D}",2022,5,26.3323603306292,118.605763818065,937.747471035169,0.00181290790427846,2022
"{34F40F9A-F337-4998-BE24-B93060873F19}",2022,1,22.3574910095701,222.535460282756,3139.66097468663,0.000362581580855693,2022
"{B1346C0B-82BF-45CA-9FE8-C78C0EBCD147}",2022,14,30.3888015588449,379.998791074401,9764.28550687876,0.0050761421319797,2022
"{DB839A3C-0FDD-485E-913F-49F635A93833}",2022,36,15.3181619904871,2921.86295041686,99425.2052389488,0.0130529369108049,2022
"{3FDE2F6C-917C-45ED-9CF6-93237FDF4FB8}",2022,19,11.1528420366865,3140.8938639162,86571.783851623,0.00688905003625816,2022
"{A0A4A341-0D99-4875-8242-0A7920DE6EB9}",2022,1,30.6534255117206,413.672120051407,9449.39037586765,0.000362581580855693,2022
"{82494B89-F33E-49BC-8A1F-CDCAECE89FBB}",2022,25,12.0630977542529,330.264405329157,2976.55148398427,0.00906453952139231,2022
"{55A13D03-6862-40D0-8F44-7C12F852823A}",2022,17,11.5652157259639,367.344642083282,3806.73993517904,0.00616388687454677,2022
"{DE303F16-8BD0-435E-B47C-B9AE4C7D886F}",2022,6,19.8944668816139,670.068387561338,26221.0016664796,0.00217548948513416,2022
"{85E7E0A9-5239-428E-90FB-32AB2651F670}",2022,9,29.1092894709425,103.273574347671,675.262881376047,0.00326323422770123,2022
"{D084135E-D86B-497E-996A-D2A1F5D7B2CD}",2022,10,60.6533505981448,319.26373831734,5892.26534635961,0.00362581580855693,2022
"{7653CE0C-820D-479C-961E-F334E87B2BA8}",2022,6,25.4118312207584,191.108536609514,2635.54173692485,0.00217548948513416,2022
"{4F34EC55-27CB-453B-AF06-9249DA7B207C}",2022,26,29.3849874543268,95.8004574617533,585.716672099782,0.00942712110224801,2022
"{C9CFE476-799E-4ED7-8A16-347E9A1EFA00}",2022,25,29.4481538238075,102.843847138986,615.716578779208,0.00906453952139231,2022
"{42521BBC-87AF-40B6-A77D-2890E1807C73}",2022,25,29.5554502610938,158.331279963696,1202.45614151333,0.00906453952139231,2022
"{30BB7716-A5A3-4001-AB30-E7162115CD3B}",2022,26,29.4032221774228,160.891963237027,1164.90355680667,0.00942712110224801,2022
"{FFB80A70-955B-41FC-9181-066FAAA1657D}",2022,26,29.4470663804173,235.108497629207,2041.25913308776,0.00942712110224801,2022
"{609DADAF-B478-4E9F-84B6-88A7570E875F}",2022,26,29.5768725570708,78.3306057749203,379.132112947905,0.00942712110224801,2022
"{1BA65F20-C149-4B9F-9DF1-C352FB9BD4B5}",2022,26,29.6224849846797,101.86253304755,597.227520356056,0.00942712110224801,2022
"{FDC242C1-D3C7-44C4-A2C8-B305FB96A1F2}",2022,26,29.5661809309733,79.8719859770443,361.637575517878,0.00942712110224801,2022
"{8A84AD16-5C18-4B1E-8CFF-7ABD8C3027C7}",2022,24,29.6112351636888,91.5200580563672,554.212577525614,0.00870195794053662,2022
"{45385241-1F76-4480-A2C2-EE06BEFC7E09}",2022,25,29.6568111145594,121.168426629083,1008.86213778111,0.00906453952139231,2022
"{2756681F-6340-4570-B9A9-EB6593ED8899}",2022,7,24.1014228958093,119.763239260487,854.83965032968,0.00253807106598985,2022
"{96871D49-E31A-4F40-81B2-57F6383BF213}",2022,10,25.2312509106137,103.813394888687,736.799777830867,0.00362581580855693,2022
"{B7D24418-4AA7-4424-8528-9C9C918AE865}",2022,2,33.8364839488219,84.1829786555358,460.003241225154,0.000725163161711385,2022
"{A41104AF-4DDF-46D9-9AE3-EB11B5F721EC}",2022,1,7.84502626351201,549.117972020577,7610.32157825918,0.000362581580855693,2022
"{9E691EC7-6A86-4D92-A131-D4E29442BD1D}",2022,1,32.8058105422356,59.1812130701574,249.219693540784,0.000362581580855693,2022
"{676AAFFB-37B2-4C28-AA4B-C94E4D5ED105}",2022,6,32.6597329811203,93.584968288373,499.383371505762,0.00217548948513416,2022
"{DB63F047-DAA1-4827-832F-BC41C93CC7CC}",2022,6,42.3792269938745,275.310137156776,4757.47928813029,0.00217548948513416,2022
"{9518F1D3-3664-420D-8E6A-C13617047BBB}",2022,1,36.3284402737921,218.113843088881,3465.86606057857,0.000362581580855693,2022
"{27F46F21-6D87-4A68-86F7-4CEF70937351}",2022,8,24.8659442738577,138.654573626473,1089.17318043135,0.00290065264684554,2022
"{860D35A8-1132-4864-BFC4-0F5BE430ED3C}",2022,4,24.9653865995855,128.548702002152,1033.71280026043,0.00145032632342277,2022
"{1A41E785-5223-4C48-AA4C-3B18B9EF9628}",2022,4,24.9430184085364,184.346080774907,2461.02992035716,0.00145032632342277,2022
"{16297F8D-EDDC-49DD-87D4-AE5993AEE052}",2022,22,32.5220930221987,117.678366478428,998.397273605711,0.00797679477882524,2022
"{5AF0DB72-69F1-424A-93DB-63CEFAC6A1CA}",2022,1,33.536948187001,94.8490751417187,444.043846093423,0.000362581580855693,2022
"{8E6D61BF-6431-4605-B132-1E7A929634BE}",2022,1,11.1868031789992,2168.04741443355,211294.9057995,0.000362581580855693,2022
"{1CD5D5C5-AEF3-439D-9DCB-C1BECB710499}",2022,4,26.3668965457269,485.147579290318,11423.7911231628,0.00145032632342277,2022
"{07074FD5-40E0-4150-9618-CABDA0238557}",2022,2,19.0538549460595,333.429246665364,6817.21687403081,0.000725163161711385,2022
"{9D20359D-60C8-47F1-9529-8C9BDB311E2D}",2022,6,68.6016991137914,281.005150175514,5808.61759659323,0.00217548948513416,2022
"{39454B61-7762-4E80-B9D8-BE61879F6A68}",2022,13,68.2436998973975,117.003014051634,977.316181223272,0.004713560551124,2022
"{5F8B77AB-21A4-40A2-A401-932BE13121B3}",2022,11,26.3422250155242,66.0753672003423,310.121125722285,0.00398839738941262,2022
"{71E6FDFB-91A1-4AA4-AE36-4FE55E59BF9C}",2022,4,26.4802377897339,117.491720066809,843.013309746129,0.00145032632342277,2022
"{840EC68F-C449-41AB-B49D-3CE1D7BA0D31}",2022,2,31.6248381534998,187.641604640614,1467.39775930758,0.000725163161711385,2022
"{622BA664-E3CF-4AD9-963A-1BD84BC4834E}",2022,6,66.8220302868681,159.043841778709,1703.37442101963,0.00217548948513416,2022
"{831B0B7D-5C00-4598-BA23-9147DF66F94A}",2022,11,62.660678953558,437.296094581845,6669.38464462835,0.00398839738941262,2022
"{DB1EDAE1-4FAE-47A4-8ECA-D2D3146503A6}",2022,13,60.71210691033,120.380383403484,910.009413886452,0.004713560551124,2022
"{A351EC89-BA9B-44D9-A1A9-49B3B13DB774}",2022,1,60.4316902283714,159.507306621562,1193.27626513985,0.000362581580855693,2022
"{070C6511-C860-4C95-B004-8E636DFE97D5}",2022,4,39.097105822627,203.684211143094,1651.19249500157,0.00145032632342277,2022
"{8514E826-55D0-480B-9B8F-980717358D7A}",2022,3,37.4962751738809,89.2564230077111,535.918982812821,0.00108774474256708,2022
"{A6F1EF3A-D81E-49DE-9F3F-EE9196839D93}",2022,3,32.7087543791244,338.667639436768,2725.13739422986,0.00108774474256708,2022
"{E4DC2965-FBA8-495A-BAFA-46C5F6FBC4FE}",2022,18,32.4329650635187,179.735183439627,1706.16414336735,0.00652646845540247,2022
"{CC5B8434-D9CD-4B38-8C3F-19D0E510F9E2}",2022,7,34.0081956123819,122.828091119342,992.319827674088,0.00253807106598985,2022
"{157E6152-C727-4CD0-A6FD-E8223DFA5F87}",2022,1,38.9928309650538,99.9013912125835,574.366277334118,0.000362581580855693,2022
"{BBCBA3E1-79ED-4168-AC05-FDDFB2D51142}",2022,1,33.0776162282278,210.467774200401,2244.97485279108,0.000362581580855693,2022
"{27E8549F-2D25-4D3E-8385-4166647128DE}",2022,2,32.7404071754032,63.957214646673,257.680214685287,0.000725163161711385,2022
"{51DE45E2-5E4B-436D-894C-43367197F4F5}",2022,1,33.8828877169071,141.259755973799,1307.4618779879,0.000362581580855693,2022
"{FD90CA35-EE12-40E3-8558-BF702C4E23FC}",2022,6,37.3427234495935,112.833050643186,750.663482288236,0.00217548948513416,2022
"{B84DB955-4C9F-4EC0-B25B-7111813EF918}",2022,3,38.278696506134,181.197724773755,1363.5769306758,0.00108774474256708,2022
"{51BB8E9B-1B9E-436F-95D9-F0930CBF1B57}",2022,5,27.0566072951711,413.181881615372,8535.78277429192,0.00181290790427846,2022
"{07F50335-8A63-4BFB-A12A-E0CF78090365}",2022,2,28.9695612818962,154.022003016728,1625.40453000243,0.000725163161711385,2022
"{808BFFC3-B97C-4053-9BA0-2A62FC8E61B6}",2022,1,37.2002437348154,57.139192165293,225.740862132914,0.000362581580855693,2022
"{978DD4ED-A819-4B8F-A02A-9B223076CA3E}",2022,4,34.7242603732928,55.6304613106567,214.249947150866,0.00145032632342277,2022
"{CCCCF7EE-6AE5-4231-8D4E-F388BB3D3C49}",2022,1,37.2444205082409,66.9545997198382,305.681520752217,0.000362581580855693,2022
"{F37B8088-F162-4CCE-8B32-AECE6B152534}",2022,8,27.7042684544532,68.0147698655723,320.566422131878,0.00290065264684554,2022
"{91CB2E06-CEDB-47AB-8A93-B3D5EFCBED61}",2022,7,27.6903093754282,78.2347060688405,361.53169862227,0.00253807106598985,2022
"{523DC6CF-2013-462F-9376-C3E50FB12EA4}",2022,6,27.6808327671828,64.8949633973206,255.676353541488,0.00217548948513416,2022
"{F3B6EB0D-4087-4D07-96A3-BB39E53751CB}",2022,1,27.6728519491977,85.6379732530874,463.902567181953,0.000362581580855693,2022
"{5C8A0C94-849B-467B-948D-1773BAB0E808}",2022,4,26.1820760139293,51.2342389296924,176.275351351843,0.00145032632342277,2022
"{2D65318B-6DE5-4190-ABF6-000A41FC4120}",2022,2,26.0071011600518,64.2387227630773,258.143102290509,0.000725163161711385,2022
"{F8945B53-AF6C-4BEC-B98C-8C58B43AEF37}",2022,4,25.9650675985538,134.936120487062,1279.76519508628,0.00145032632342277,2022
"{94704527-3F96-4C8A-AD22-E9363FC2F6EC}",2022,1,31.5935409856473,202.212165317827,1999.69417095203,0.000362581580855693,2022
"{CB279AA3-75E0-4736-B6D8-9DA8E235BD23}",2022,6,36.3631647202009,101.853978409437,697.735519239989,0.00217548948513416,2022
"{6EFF7F1C-6805-42FA-A945-FD31173F8A7C}",2022,5,24.967381495447,54.0272474886242,192.263691700582,0.00181290790427846,2022
"{1AFDC157-476D-4E9D-9A2A-5A8FB1A9B213}",2022,3,31.5106665659646,101.930857672465,685.264746829632,0.00108774474256708,2022
"{4F405A58-B493-48B7-B006-D20CECF3852C}",2022,3,31.9940050312767,224.496063347543,1450.36218163403,0.00108774474256708,2022
"{A4F3777B-3162-4F7E-8ED6-A3484B1CA373}",2022,2,30.780339313167,43.9073150874155,123.851341377776,0.000725163161711385,2022
"{EA43BD9C-21B5-4ABB-91CB-F87BE57410D2}",2022,4,31.1187775056588,133.120027060872,1201.59329727573,0.00145032632342277,2022
"{62D9CB3C-96AA-4F99-8C56-20FBBDCBA051}",2022,1,33.5607550976195,345.455051984482,3231.93790388136,0.000362581580855693,2022
"{5C18E705-93E5-40E6-A5D7-D45C59377079}",2022,4,30.9113175431468,72.8764223032259,363.577319184539,0.00145032632342277,2022
"{45930072-63B8-48BB-AEFD-ED6836C49C17}",2022,1,30.0348163670644,138.339504196349,978.378304154637,0.000362581580855693,2022
"{4377EDA2-C5FF-490E-942A-B561669823ED}",2022,8,35.8863691342553,175.982830564497,1974.90214974559,0.00290065264684554,2022
"{DB48823A-79E5-4BE9-9BB5-B7EC33FF0BDC}",2022,1,30.8284405227331,113.964281423217,635.275844472677,0.000362581580855693,2022
"{C436BD8D-A77A-43D6-83EF-B9E0E6198CB5}",2022,3,33.7301010878441,99.1627557513955,604.302447381785,0.00108774474256708,2022
"{EBEBC949-21CB-456F-98CA-DD7E30F6C2FD}",2022,1,29.5865433429631,210.376775904878,2599.89755802685,0.000362581580855693,2022
"{26DFD25D-FB8F-4F84-9E9B-D1C4BD76877F}",2022,1,32.3102287423197,114.672454843078,792.102263144898,0.000362581580855693,2022
"{918417E5-7DAD-4188-BD28-352CDAE88780}",2022,9,30.994171246134,82.3931248753487,349.114402310847,0.00326323422770123,2022
"{FF8F1511-95B0-4950-ADDA-3C3E8FE7D5D7}",2022,1,25.0471601929435,171.438965665775,2189.23933558109,0.000362581580855693,2022
"{81E1C839-AEFF-4123-8C99-4671A7F2CA15}",2022,1,36.5343738147455,264.673059767719,4227.58102274723,0.000362581580855693,2022
"{A0021C1F-2127-452B-8693-B32AD2D689CD}",2022,1,25.3689178069404,88.7721883545906,596.783272681528,0.000362581580855693,2022
"{D3E0D180-D2CD-4EF1-B635-AD9E186C924B}",2022,1,26.0386318148945,130.374193536251,1039.23508658123,0.000362581580855693,2022
"{A1BB02C6-A820-4911-BDF1-A40511188F3B}",2022,5,29.4122191792021,152.030146214963,1222.52041282176,0.00181290790427846,2022
"{F84431DC-59E8-4533-AECE-F10B9B00B8AC}",2022,3,26.5431380226661,134.74680955161,1247.530148182,0.00108774474256708,2022
"{0ECD1400-58DA-4DD5-BDD2-3E98C5452AFC}",2022,5,23.6930746543017,77.2062726593024,429.462142397983,0.00181290790427846,2022
"{DF2592D4-FB73-4807-833F-B7290B953886}",2022,7,26.7812188869985,79.3605959438824,424.011452165231,0.00253807106598985,2022
"{33B82FC6-8D9E-4EB5-8935-E7CCF918D2CF}",2022,12,33.8138792876803,197.319324857983,2059.76975998533,0.00435097897026831,2022
"{22279EB0-91BF-4675-BAB0-C4FE42E396B1}",2022,11,33.9549566778746,916.39400766337,18241.5366411865,0.00398839738941262,2022
"{E35A3821-458E-46D8-BF5A-15FDEF7C58A7}",2022,18,33.1140467247179,100.577889506778,755.190348761702,0.00652646845540247,2022
"{4B778827-17AE-46AC-9DB1-C0DBD48DE07C}",2022,2,27.018414443306,143.437753200236,1232.99831550144,0.000725163161711385,2022
"{BF586B25-3F55-4EC6-9AAA-02E326CEB9AA}",2022,4,24.0328374318928,140.697900527164,1374.81251117695,0.00145032632342277,2022
"{CF815163-F23A-46E6-921C-CF7EDBDD2085}",2022,18,29.4142343340514,95.1335900075845,532.344234139343,0.00652646845540247,2022
"{10C88942-3523-464E-B555-FAEAEECDB448}",2022,3,26.1911051203891,333.606176074297,6057.71254428485,0.00108774474256708,2022
"{8DB19921-C567-4C8A-8986-0CD4A3461102}",2022,2,28.1615503186527,208.087428860686,2616.44138296246,0.000725163161711385,2022
"{E4CF481F-A256-401C-A39A-E0B911FBA000}",2022,33,23.9233243588293,60.2454610184003,266.671364760206,0.0119651921682379,2022
"{D7D02081-F20C-48C1-AB40-18F5999DB26E}",2022,2,23.9927654601867,35.156506319009,89.889706537349,0.000725163161711385,2022
"{CBC7C5ED-A703-4771-9EB2-5AA963600D0A}",2022,3,24.0066190105097,68.3549631732317,345.085815384027,0.00108774474256708,2022
"{683FFA10-939D-4776-99A1-86E9AE9ADD98}",2022,4,24.8851849740684,100.480457645977,680.657447022794,0.00145032632342277,2022
"{CC4E70E3-0FAC-47B1-B347-0A7D4C27117D}",2022,15,33.896803096584,98.5273468969198,520.902628794253,0.00543872371283539,2022
"{7473F3EE-61F8-440B-8A85-4CD0559BB047}",2022,3,33.670577502434,102.840760505936,573.903575593425,0.00108774474256708,2022
"{784E879B-F06B-40FA-A622-48D138586BB8}",2022,3,30.0806507355739,250.672512144389,3582.47037676148,0.00108774474256708,2022
"{F1949147-9C74-44EC-AFB5-F4C053488707}",2022,11,32.5480586706616,341.232315624172,3482.24858752025,0.00398839738941262,2022
"{180322E3-BC51-4ED5-8E2B-6DA80AAC4CD7}",2022,3,29.681321844326,258.774324095503,3097.48930465194,0.00108774474256708,2022
"{BFB91DD2-4556-4092-B286-F0430342436C}",2022,2,31.2804444703811,334.617342606021,2644.06406471154,0.000725163161711385,2022
"{5F90DBAA-69E0-4C3D-872D-92617AD54BDC}",2022,1,31.5413168206133,118.502498292683,899.042352628562,0.000362581580855693,2022
"{958EBC11-ED36-4695-AFB0-68EED6F06DD2}",2022,3,30.533835122812,371.132617280111,7838.79539901101,0.00108774474256708,2022
"{98100F05-0C8E-483A-854E-BCACBA6488B6}",2022,1,31.5587093195901,227.049868163475,1841.46388314652,0.000362581580855693,2022
"{6B7C124F-2E06-4283-9475-2CCB7EE5B363}",2022,6,26.4091272812971,537.306426601983,14906.3655245405,0.00217548948513416,2022
"{F5ED7039-F90B-4F3D-98D1-0A2EC99D91A8}",2022,17,29.8515384037027,118.85173110839,815.073604002293,0.00616388687454677,2022
"{BBEA2DE8-20FA-4698-926B-C55380B4B572}",2022,4,30.6118923131108,225.987036869125,2763.99340747582,0.00145032632342277,2022
"{5777C58A-1F4E-446F-85DD-D2EE0199834B}",2022,1,29.6390743077961,240.617586390758,3037.56349919621,0.000362581580855693,2022
"{CADACF02-D985-47DB-9BF1-E16AC32E53E3}",2022,13,26.4133985504974,238.097769875564,2492.07400764297,0.004713560551124,2022
"{C2C165ED-408E-4C04-B0B5-635C45B01A61}",2022,5,31.662717880398,342.067288136441,3778.94329947333,0.00181290790427846,2022
"{75F2BB46-4E3D-4631-98F3-B427578855D4}",2022,4,25.2026834604593,137.931922252864,1044.74110916976,0.00145032632342277,2022
"{8CDE43DE-43B1-447B-BBB9-46354C34E14E}",2022,3,25.2958141135945,317.429965202093,2865.62951291534,0.00108774474256708,2022
"{07A368A2-B4D9-415B-8CCC-C8F7516A2D4B}",2022,11,32.5323437696289,627.738261603801,15278.4122961561,0.00398839738941262,2022
"{6A15365E-0C2D-4358-9717-5BE21E9BB9CD}",2022,1,29.2051929970405,146.843836533185,985.873075686207,0.000362581580855693,2022
"{740EDD4E-B1AF-403A-96A0-9F2C9C625F3C}",2022,1,29.8161536234229,169.124711752323,1493.85150081677,0.000362581580855693,2022
"{78FC69BB-6D78-4A1E-B572-769D8CE02A63}",2022,14,32.4487391171714,229.234525378728,2735.09010394727,0.0050761421319797,2022
"{E0415A75-E942-4037-97F0-DC84FD4A43D5}",2022,16,25.6761376541751,414.798384753796,3894.94149808038,0.00580130529369108,2022
"{13FAF170-7C03-47DF-A14C-FDBD4961946F}",2022,22,30.9698587420428,511.990065271753,10732.4482910258,0.00797679477882524,2022
"{1B6D44BA-5ED1-4710-9C43-4E00D6AD0796}",2022,2,30.9180742814423,104.527655929227,810.090683082017,0.000725163161711385,2022
"{32D6AF0C-7DF0-449A-90D5-FACE788449D8}",2022,5,25.7028615663157,175.818785318502,1197.12090037802,0.00181290790427846,2022
"{14D5FAE7-C603-44A9-9E33-53BEEB14932F}",2022,1,27.5540181118875,92.4368904894045,515.395540054739,0.000362581580855693,2022
"{7773E912-D26A-4212-B629-3D534C7963D2}",2022,3,25.6580411660002,434.663478675446,4125.65967753585,0.00108774474256708,2022
"{5329E032-507A-493B-BA3F-4001508E974B}",2022,3,31.6930851344137,500.398734963255,4652.73970768685,0.00108774474256708,2022
"{44471FA7-072C-44AB-9A74-2444A8F60E76}",2022,5,31.5717139205758,354.86866552739,4194.16423152898,0.00181290790427846,2022
"{FBA1B9B8-1D6B-43CE-BF50-8080E7B4C7AE}",2022,10,30.3273645553164,292.825772202506,4944.71044554727,0.00362581580855693,2022
"{D0D50EB8-FB1D-4099-B3C3-C4340879F8C5}",2022,3,25.7722961191613,1049.37242560711,11055.2637891649,0.00108774474256708,2022
"{2ED90B14-A505-4B68-A61F-1E440ECC7670}",2022,11,26.1575861287186,195.649931969421,2466.27511312582,0.00398839738941262,2022
"{C8331D67-35ED-4CCD-9758-5B113F88CE67}",2022,10,29.0323566268947,160.966329067049,1540.84423890007,0.00362581580855693,2022
"{4D2E3A35-0171-40EE-99FC-2D5AB50556D1}",2022,35,28.9990145782426,450.323229005465,3938.49332650511,0.0126903553299492,2022
"{6F3D4FB3-A670-4542-AE53-72F202CE7937}",2022,5,26.9326988089514,129.680828297475,1151.29449313597,0.00181290790427846,2022
"{B933E4F5-6C31-4D46-9706-3ADE87586664}",2022,8,26.8050719724872,159.58170746886,1700.73718937707,0.00290065264684554,2022
"{9861671D-0522-48EB-BD95-260F63AD6185}",2022,5,26.8213156338018,98.9512198475507,641.357771009049,0.00181290790427846,2022
"{72F3DA54-BA2F-4D0F-B8FC-79EA44685F37}",2022,1,26.7669740492158,115.255072606827,868.110657693539,0.000362581580855693,2022
"{8674CBAA-3C4F-41F3-9892-573C56458209}",2022,1,22.7511337205034,216.756440330891,3214.59114865394,0.000362581580855693,2022
"{59778401-3EE1-466A-BBCE-ACF0AD9B3307}",2022,1,21.707123628805,136.334799435675,1272.66546138573,0.000362581580855693,2022
"{90A9A268-A052-4310-BFC9-6EA80B7C899C}",2022,8,22.2667398158719,112.104258162059,752.393704271195,0.00290065264684554,2022
"{1D8D6F10-DFAC-4581-9C5A-1973A3221197}",2022,1,22.0211491311274,184.824238136337,2024.28886489558,0.000362581580855693,2022
"{78A4F43F-DDBD-4E4D-9E89-B60FA23398B3}",2022,1,22.4763676829853,896.336290936473,21205.4188002815,0.000362581580855693,2022
"{87F4EBF6-1AF4-4F70-9C1F-458F3F47F723}",2022,23,9.99989069921402,2575.45958280121,237007.321178129,0.00833937635968093,2022
"{50D6F812-D975-4AB6-A9E7-C19FA95D1631}",2022,1,16.315106573052,7624.84718921301,1036539.46179648,0.000362581580855693,2022
"{6C3E6F9E-CAB5-495E-ADE2-FD450C9CF3D8}",2022,1,18.4414817950628,9662.48202427544,1449434.92485963,0.000362581580855693,2022
"{ECB8EA9F-E418-4B93-85A0-7DFFB02D992D}",2022,15,13.1146955136718,190.452908362599,2886.44580729461,0.00543872371283539,2022
"{C50633B9-162E-461D-BAB4-1D6B789244AB}",2022,17,9.99970965681735,146.070616143778,1697.90475326948,0.00616388687454677,2022
"{F745F05C-6F01-4495-8AD6-1401DAC630C6}",2022,2,10.0969575428638,219.106114957207,3820.29977311143,0.000725163161711385,2022
"{8E6BB837-E6D3-400B-95ED-A180188BB094}",2022,12,10.0150274655014,46.1913026040427,169.786263952404,0.00435097897026831,2022
"{C7B2DDCC-7F16-4C15-95BA-82CAA6AB635C}",2022,15,11.20164083267,134.670440274058,1443.2180381874,0.00543872371283539,2022
"{78CC4AF0-BAD8-4353-89BF-B212FA695C87}",2022,20,8.54829784576145,66.4967512017455,351.872594560317,0.00725163161711385,2022
"{D426864E-C7B3-4C26-AA84-F30D04815406}",2022,20,19.0818524136433,199.491107117133,3166.90736719759,0.00725163161711385,2022
"{AA2775ED-E709-4261-AC41-D4E69B667C02}",2022,20,25.5938516589643,214.858564357997,3673.61592812123,0.00725163161711385,2022
"{FDA6CACC-420A-41C6-A082-1F9036D056EC}",2022,22,30.1069950540571,232.64470284036,4307.00010345344,0.00797679477882524,2022
"{429A2E0B-A818-418A-B0C7-BB72EDE31EE2}",2022,21,29.281122993888,203.441862826493,3293.58566606251,0.00761421319796954,2022
"{8BB495D1-EEA4-4C98-B05B-A122006B449C}",2022,24,25.9607749803832,64.4187302935314,330.224067011443,0.00870195794053662,2022
"{6E57FA56-3647-4181-BCA0-98DD99D13C4B}",2022,10,12.3332395405284,178.430238303482,2533.52377689793,0.00362581580855693,2022
"{22671F39-1274-496C-AF55-BF8ABA6BF463}",2022,10,13.7977934965917,27.5627176964181,60.4534183349276,0.00362581580855693,2022
"{ABA7FA25-CA09-410F-AB6F-837B545961D6}",2022,11,16.3976331581995,50.2267018901655,200.241941656119,0.00398839738941262,2022
"{0A1F1F3C-B908-4E15-BC4E-7C6A13C082E0}",2022,18,24.5300097334567,18.5629544008259,27.3514223288289,0.00652646845540247,2022
"{0838DEB7-2C2F-40C5-A8B7-B1E6A1FEFC1E}",2022,5,30.6257570510681,37.1259559788617,109.405968729305,0.00181290790427846,2022
"{5A97879A-8AB7-4E53-9772-9DF544064328}",2022,5,33.5448596025398,33.2063776123792,87.5243167629058,0.00181290790427846,2022
"{F1187473-01BD-44BC-A3D4-B92737CA444A}",2022,16,7.85052969119575,33.206404230881,87.524456988432,0.00580130529369108,2022
"{CF7F9D2A-B27E-41D1-AC92-1F4C6780340A}",2022,30,7.10137365786062,46.9608966709003,175.048537496505,0.0108774474256708,2022
"{4A8D7CB9-5B94-499E-8722-83D34E354F1B}",2022,13,6.86607236177143,68.4567230818532,371.978584845302,0.004713560551124,2022
"{DC3D7360-783D-4D03-A515-E0B5B95ACFC8}",2022,21,6.76824800075542,68.4567100702136,371.978443408406,0.00761421319796954,2022
"{A34E65BF-1D11-4605-8DF0-5F41D76693EA}",2022,36,5.93583152275182,41.8174738523211,138.803786245505,0.0130529369108049,2022
"{2B2FA89A-2B96-451B-846E-372268A67E91}",2022,2,6.57880964851824,33.2064936453954,87.524928330238,0.000725163161711385,2022
"{D013B9CA-EF4A-4B69-B636-10494CE8B6E6}",2022,6,5.27697582792714,40.7129031033202,131.567877393376,0.00217548948513416,2022
"{3E80780B-9780-4514-AA6D-DB27726F9EFD}",2022,9,3.05496304728111,63.0050141993469,315.090966755391,0.00326323422770123,2022
"{D98DC8AD-4291-4BBA-BB08-45AB36B16BBF}",2022,19,18.9234557046264,37.1258702241678,109.405463152203,0.00688905003625816,2022
"{1B16E76E-CE52-4C6D-9F80-8637D53DFF8A}",2022,7,33.2469854454888,132.95579647491,1404.52259172155,0.00253807106598985,2022
"{96707033-72B0-46F3-AB6A-CBBAC23DE58F}",2022,23,29.1672038202568,37.1259246646439,109.40578406835,0.00833937635968093,2022
"{22E3B570-1A11-4106-8B61-950D141CB224}",2022,5,12.3754281217621,38.2025058681052,115.842901515738,0.00181290790427846,2022
"{CB56206B-1A9D-47D3-A823-EA3B3686FBB6}",2022,1,11.7292052020866,74.2518097329191,437.622669920556,0.000362581580855693,2022
"{B41C0BB2-2714-487A-8043-E481DACF84E8}",2022,1,18.7179096678595,112.862962687846,1011.7704903516,0.000362581580855693,2022
"{D39910E0-E085-4E20-A603-D404A2698BC8}",2022,14,24.1037319639356,46.9609545585959,175.048969101228,0.0050761421319797,2022
"{7AEE3159-25C3-4CDB-B60C-7F77930357F7}",2022,9,18.0675321512616,215.853461850241,3704.1038767273,0.00326323422770123,2022
"{5CE05365-A903-44FE-9FE0-51F67FB5A519}",2022,13,10.7611045450382,43.8061209841213,152.319435489349,0.004713560551124,2022
"{EA2A19ED-3E19-4B8D-AB0E-BEECC2BB0B63}",2022,6,8.04586631118471,31.4156806489614,78.5365544564991,0.00217548948513416,2022
"{3A2CAF63-8B97-43B6-A59B-AD8A403BDBB5}",2022,13,8.07053078611234,31.4156632489978,78.53646913215,0.004713560551124,2022
"{42825F49-C236-4803-B980-C12638F0267A}",2022,14,63.4077310729429,21.0233397055212,35.1707721323523,0.0050761421319797,2022
"{8E0FA3E6-B73D-4514-9E4C-42F5B0D14FDF}",2022,17,7.6526883924898,68.22890329784,236.120836887249,0.00616388687454677,2022
"{60659206-93CF-4FD2-B98E-C9D6A2FB06FE}",2022,20,25.5309156291734,363.824442757982,8525.22542035971,0.00725163161711385,2022
"{0B3CB852-DE82-4D94-B893-07DD7C258A9B}",2022,12,7.11602034575621,45.2883620735663,139.253681073396,0.00435097897026831,2022
"{879F8B12-71EF-4506-97C0-9B2401BA632E}",2022,30,29.6252964298295,43.8068900540262,138.368931991862,0.0108774474256708,2022
"{C115F733-4FF4-4A75-A954-0F3CC15D67E1}",2022,9,39.9284642637089,273.215866326728,2563.97386776966,0.00326323422770123,2022
"{AEA0A91A-78E5-4D90-BA53-2D7D93DD8F2F}",2022,6,28.3448665513378,73.1422498340438,363.653000633669,0.00217548948513416,2022
"{6E5DA0BE-B420-4537-8FD9-C1A2844D7A52}",2022,7,34.074429984469,196.904461356946,1783.87012625639,0.00253807106598985,2022
"{A2BCC35F-CDFC-4E50-AAED-45BD41C4A413}",2022,7,29.7331679368068,95.8919649933308,347.422807287945,0.00253807106598985,2022
"{792418C8-7868-45C7-96A9-CDD48E0FD961}",2022,4,29.7914546069554,83.4031300089625,334.248148977155,0.00145032632342277,2022
"{CF0A6B0C-A928-4C67-A811-CA9AB027DBBD}",2022,8,25.0937475058631,334.372021791755,5312.17319904589,0.00290065264684554,2022
"{7755F5B6-DF34-4C38-B399-E034B5C34C53}",2022,1,33.4765377645249,194.716871242344,1874.24087722534,0.000362581580855693,2022
"{249299FF-6220-40B0-AB70-6D2BE6AC3A1E}",2022,10,32.6082286929888,216.212103594574,1495.17339947392,0.00362581580855693,2022
"{391B8463-C1EE-474D-BE6D-C3B416C51958}",2022,2,30.913722232895,65.3647805211989,285.734754533822,0.000725163161711385,2022
"{F2050A53-2EEF-4C4E-999B-7FAAFFEE7E66}",2022,2,27.1670741576282,29.9913079678837,55.3016208198034,0.000725163161711385,2022
"{F5CF4369-1194-4F32-881D-F9F32D352C6A}",2022,1,10.7829374959199,84015.0444234026,21585735.3271355,0.000362581580855693,2022
"{10C5AD00-96E5-4504-B207-2EA1154574B6}",2022,1,4.06540990642137,1854.75186570898,76844.52026692,0.000362581580855693,2022
"{8804D69A-4EAD-46FD-AFB9-A9011D8787C0}",2022,4,32.0245959797751,21562.1451522343,3974571.46971268,0.00145032632342277,2022
"{CA349D36-B85C-44E5-8029-8C8D54CA8639}",2022,2,11.5857453804647,126705.241116351,5212681.09087747,0.000725163161711385,2022
"{C10E91E7-B74F-4FA0-9B4F-3CAA48A096F4}",2022,2,11.3573255391264,975.285201584071,33917.642959705,0.000725163161711385,2022
"{21630DBD-ABA2-428D-BC32-80AB063867C9}",2022,2,17.1078585564854,444.321529069933,12927.434266214,0.000725163161711385,2022
"{D6AFB3A4-25B7-44A9-A88A-92C157E3C7EE}",2022,1,6.04229022731639,1977.807330218,96255.4658985435,0.000362581580855693,2022
"{AE35562C-1EE5-4430-B8AB-03D822FE0A1B}",2022,13,2.92193639092104,1197.10562761506,76651.1319616453,0.004713560551124,2022
"{B0711152-3DBC-4729-A99C-B780A36CD343}",2022,2,6.17294666499865,1467.94659379575,77883.1686582152,0.000725163161711385,2022
"{FEB00FF8-AEA3-4ADE-BEB0-B1B79447ABE1}",2022,53,3.00849091128372,327.327245353796,3424.66018290354,0.0192168237853517,2022
"{49A5ACF3-FC46-48A5-8F2E-3DEE4F1A5162}",2022,14,24.306621609961,481.004223102724,13944.7102715937,0.0050761421319797,2022
"{65AFB031-5B62-4963-B507-375169B9A7BD}",2023,13,26.1010343627757,210.867350687144,2370.62503009892,0.00405742821473159,2023
"{14667E28-FF4E-4484-9AEE-58875586B91C}",2023,4,25.3298415016757,422.192402083066,10228.5641010608,0.00124843945068664,2023
"{FB05B2C0-FFC2-4804-9546-A083B353AB94}",2023,4,17.923171291697,298.043926214638,5742.58997588354,0.00124843945068664,2023
"{152AED88-7CD5-4E5B-A031-DF9338313C88}",2023,1,18.4277648185261,496.514196284822,13762.8730582025,0.00031210986267166,2023
"{89C01098-EDCE-4BB0-BE7D-F856BA1CB749}",2023,3,18.9320531977375,380.256317865698,9243.24581328265,0.000936329588014981,2023
"{9B0288C5-FD5C-4422-B393-9DA6B3CB2BE9}",2023,4,9.3804242120465,5947.63079998633,1776994.82656006,0.00124843945068664,2023
"{0A9395FE-359D-44D7-9E42-3BAA09B899C7}",2023,14,17.1887953645859,242.931645525961,4208.87607370727,0.00436953807740325,2023
"{03979D26-9F99-4F20-B257-CC1D3D12317B}",2023,6,4.40758837391219,3919.76293524915,620108.169323255,0.00187265917602996,2023
"{8D2C5F65-0E2E-4EF8-AE53-1660E72F94D1}",2023,3,9.17752409066451,776.606633176366,42394.3461667322,0.000936329588014981,2023
"{C6A267C9-645D-443D-BF24-2DC9982F43BD}",2023,5,4.2902379961591,663.725419584316,30497.5683071722,0.0015605493133583,2023
"{0F0F8344-CF70-48A4-A53C-794285EE4863}",2023,3,4.712728176551,935.746757965464,59289.6964180498,0.000936329588014981,2023
"{397CB709-CB27-45B3-9EFA-21F200417A2B}",2023,1,4.87799195821058,106.82914894258,593.946428833932,0.00031210986267166,2023
"{6339435F-B012-40E6-96E1-E303C7598BA8}",2023,2,4.89237568430577,124.159794419347,657.442293978311,0.000624219725343321,2023
"{D3EC41AD-6DD1-4F29-BC4D-DC8E4B49A229}",2023,4,23.8778380009772,97.6953715600195,569.058863268408,0.00124843945068664,2023
"{252C2F2B-E388-4E19-B2DE-EEC61544894F}",2023,14,6.30452116834194,1043.27814873311,45511.1746232489,0.00436953807740325,2023
"{222F8C7F-55AD-4827-9534-304DCB230B1E}",2023,1,19.5124664535837,3614.49945694781,343572.696841281,0.00031210986267166,2023
"{A5BCA889-9AFC-402E-8BAD-50257A39D2FE}",2023,2,6.53952063920967,424.54835200286,10649.3786511305,0.000624219725343321,2023
"{71AD7E43-C5D5-488A-ABC5-040767A59296}",2023,2,27.3882505618376,2062.30246733292,157003.6566094,0.000624219725343321,2023
"{7926AA16-F064-4DFE-8978-3A03F8E874AD}",2023,6,7.32642272185976,378.4407582753,9639.85590786541,0.00187265917602996,2023
"{C7D3DAA0-B33D-4865-8CDF-6126940F132E}",2023,6,5.85456480321036,298.416208508674,5143.29634579226,0.00187265917602996,2023
"{F58F586B-0541-487A-9446-7DB77B034A32}",2023,1,2.82903981095877,401.541281158708,9563.64299452339,0.00031210986267166,2023
"{D6F88543-3E41-413B-9646-C297F73C3033}",2023,1,4.72761627004525,653.801166549685,17608.1419062196,0.00031210986267166,2023
"{82EE9307-2E7B-45F1-99DE-4A702677AEA2}",2023,8,3.77980628489758,379.342271678564,9677.07245764679,0.00249687890137328,2023
"{C40A2550-A7D3-4229-B758-28AB05B3C94A}",2023,5,3.35342991807607,357.938871671714,3686.17005359673,0.0015605493133583,2023
"{F941FC39-2589-4BB7-9CF9-A2B9CE84A4C8}",2023,2,4.55833187729291,558.00750588682,21824.5191263871,0.000624219725343321,2023
"{ACF912E7-D753-4821-AC94-1149883442BE}",2023,18,3.43303678946096,124.055102949381,945.650410407172,0.00561797752808989,2023
"{02ABBCCC-0E4E-4137-9054-07F99C6080BD}",2023,6,3.44372613996787,471.422703966924,7479.82294037814,0.00187265917602996,2023
"{059DBC2E-4816-4DC1-9E63-26138D3787D0}",2023,2,3.21275209010356,1012.93956766629,48316.0568453692,0.000624219725343321,2023
"{B9C0472F-BB4B-4E9B-8711-421F9623586A}",2023,10,3.71488100029839,484.797287273066,15685.0002095328,0.0031210986267166,2023
"{8B228440-A8C9-4311-82E0-B94CDB92A811}",2023,3,3.831743501435,221.624233185754,3449.57999309293,0.000936329588014981,2023
"{3F25B49D-F62A-487A-A9AD-5A72D70918C2}",2023,7,5.7466965853694,495.586092404154,14731.5956040093,0.00218476903870162,2023
"{0944468E-EE6F-42D6-9B08-E3AE8EDDD3A8}",2023,8,3.68394619605303,367.025802445689,6442.38582385874,0.00249687890137328,2023
"{A0FE00F8-78C8-489B-A3C6-077810C912D3}",2023,1,4.47932210455921,247.114930649851,2577.16737957821,0.00031210986267166,2023
"{DF43D54E-43A2-452E-9D91-9561DE5935FD}",2023,4,4.59801042582145,405.367603410765,10234.4923624999,0.00124843945068664,2023
"{1FEE38CA-B0F5-4B4E-9165-D93B14E86D49}",2023,12,7.53341043981231,397.475613355009,8479.20701846245,0.00374531835205993,2023
"{346A8AC3-E764-43D4-9417-5D797F7276F0}",2023,12,10.6944824809371,120.799746220798,931.129284542742,0.00374531835205993,2023
"{1672BD02-F3B9-4254-8676-49E4AF7672D9}",2023,1,6.643164778484,488.743169532404,17143.8421496902,0.00031210986267166,2023
"{1AE18D97-44F8-4405-8460-15FA8D6A0327}",2023,1,4.58228196220074,733.653326473363,38162.7787475785,0.00031210986267166,2023
"{E00A058F-37EB-443D-8EB9-8B9D7CD5C7D3}",2023,2,4.88153479251104,391.918977680662,9493.60298132765,0.000624219725343321,2023
"{3DB62EAA-B305-4F1C-8CA0-DB84E26298A7}",2023,2,4.0341942601776,327.661549240295,5926.33665926563,0.000624219725343321,2023
"{2B084AAB-D02D-487F-A1FE-F83714456BFA}",2023,1,4.63653152446008,221.918756140526,3230.21651522048,0.00031210986267166,2023
"{E7F489CC-0CA8-4421-AE23-DAB23AF8C4FE}",2023,2,5.16981102473541,349.274344086681,7009.52175224467,0.000624219725343321,2023
"{EF2E59AB-4593-499F-8464-8A8822E3883B}",2023,7,5.69403246779257,442.341473611757,10532.9488137863,0.00218476903870162,2023
"{CF3227E6-5CE8-4D90-B1E2-E453FED7240E}",2023,9,16.6561517750214,323.639800202549,6625.80222861657,0.00280898876404494,2023
"{A095EAE4-49D0-4B7F-81EB-B5B669188F44}",2023,2,13.7964805595457,127.784866160089,781.063228804847,0.000624219725343321,2023
"{FF5C69A4-FD96-4D06-8B91-F7BB7B0B6FEC}",2023,3,19.2386841765434,1311.10071806419,67000.6560436663,0.000936329588014981,2023
"{69280CD4-8906-479D-B1C2-951C840CC880}",2023,1,20.6616463519383,256.497420102831,4158.74502481121,0.00031210986267166,2023
"{CD2BA06A-E6F1-46F7-B9B9-915FC4E2FD64}",2023,14,21.2679954139526,437.773012412552,11894.9850184283,0.00436953807740325,2023
"{D9C719C6-6278-49F9-9C8D-885DD31454C0}",2023,6,11.4236914627396,152.744410574334,1523.40848005449,0.00187265917602996,2023
"{119DBC65-BEDE-41E2-BD1D-37F02D12487B}",2023,8,22.5125012529227,204.975300872224,2920.29026523008,0.00249687890137328,2023
"{C9BEC9FD-160E-46EE-A786-26AF43286073}",2023,5,26.0667239872825,539.410507458552,15098.9618816992,0.0015605493133583,2023
"{F5F942D2-1552-473C-82A7-C32080CE4AE2}",2023,13,29.1680055934652,228.913576310399,3037.09385283608,0.00405742821473159,2023
"{56C3C79B-EDA9-4F02-9F36-B951BD0F278D}",2023,12,29.7081197907155,391.30108819469,7843.84677892064,0.00374531835205993,2023
"{FAAEB87D-E32C-452E-B62A-8A3E0002496D}",2023,17,5.99814901778097,200.19519123539,2641.3610163447,0.00530586766541823,2023
"{830BFBD5-E5D7-4D28-B40E-6C819248D152}",2023,1,51.1099662542763,281.59935961263,3620.64855786709,0.00031210986267166,2023
"{1F95CA89-A375-46E9-932B-DCEFE26899C2}",2023,2,29.3928975199367,453.89352427207,14296.2459624287,0.000624219725343321,2023
"{4BB37690-96AB-468E-ADA6-397DBDF4D74B}",2023,2,33.8233129064178,589.454402504893,20357.7158106774,0.000624219725343321,2023
"{D717053D-145C-4F22-A71E-76B364FD2FF5}",2023,3,27.9447474935061,261.673941703733,4150.02682929334,0.000936329588014981,2023
"{88265C56-5B0E-46DB-9CA4-1CBD0B45B1BF}",2023,10,27.433858388922,188.936074501976,2663.39022850052,0.0031210986267166,2023
"{30E2736A-EF83-4C61-AFBF-6BBE395F02B0}",2023,3,42.9890918838556,905.191920173832,57622.1481271981,0.000936329588014981,2023
"{DB92EE98-45A7-4D1A-8A3C-420724E7F632}",2023,2,43.3339937196961,490.787844836286,15783.8911025366,0.000624219725343321,2023
"{74D95350-26A1-424C-94D7-E32F8F7F7653}",2023,2,45.4128606625713,312.567224449631,4243.43188838039,0.000624219725343321,2023
"{2D81F3C2-2BC0-4121-A88A-66AAB12AB0EE}",2023,2,42.6249764937952,381.29796965207,10414.0812378479,0.000624219725343321,2023
"{9E4A0E32-4235-4D1B-B529-566AB0116817}",2023,15,26.1813450788614,227.097970228114,3593.71185989241,0.00468164794007491,2023
"{7F6DC8A4-FB0C-41C5-A0B3-A444AEFD30BE}",2023,12,41.9561517344731,577.987394191176,21487.0677707033,0.00374531835205993,2023
"{EE7E60E7-D258-46F3-A231-22A3EA0C8218}",2023,11,41.8560358615503,332.52750587324,7413.51440252854,0.00343320848938826,2023
"{CA2DE3B3-7F74-448E-BF0F-DAD04CA2F4A1}",2023,16,15.833758269676,266.130534069098,2957.52351594271,0.00499375780274657,2023
"{ECADD84D-2073-4CB5-AF73-11EF7C1DFD57}",2023,1,41.2608429688563,413.199922094867,11516.430114878,0.00031210986267166,2023
"{21756C3A-074F-43F4-943A-5B51A572DD62}",2023,1,12.5844438613509,459.931815388731,10604.8504404378,0.00031210986267166,2023
"{8F89D4C8-1F54-48EB-A3FD-020DE7868F63}",2023,19,13.8429362500769,332.320882169205,4571.07575307596,0.00593008739076155,2023
"{79F7E0BF-C280-4EEE-A7B2-3FE294DBB839}",2023,13,13.7017307645054,237.0342195388,2711.90256938787,0.00405742821473159,2023
"{E5514199-B7D5-4E0C-B6C6-48F5BFABD6C4}",2023,8,13.8073775931962,116.938934196986,957.139901581064,0.00249687890137328,2023
"{30A63186-1D8C-49E0-9288-0238F4CB7FE5}",2023,5,18.6628665822103,376.734808128277,6763.78329676393,0.0015605493133583,2023
"{3E7C56FB-27E7-4561-BB81-ECD56249F7E7}",2023,14,13.1760967689346,132.88418397578,1020.97522442365,0.00436953807740325,2023
"{38CB234C-6E87-43DE-AAE0-3BC36BF38CE1}",2023,1,12.9816533270073,217.698639207159,2830.43988325808,0.00031210986267166,2023
"{301AF981-2165-4EFF-A66D-BEF5FDFEDFD3}",2023,10,12.8466906175054,349.105659814976,8460.73258743887,0.0031210986267166,2023
"{4C7A3334-106B-433B-8288-8A66844605A3}",2023,10,9.87449852907118,239.746690681392,3893.82196732975,0.0031210986267166,2023
"{13F747DC-3AF9-4309-A0B5-7AE520C58515}",2023,4,6.62327379256325,791.206354921432,23852.4130747586,0.00124843945068664,2023
"{FCA0F6ED-ED13-4D1C-8AA6-92F37D4ECCA8}",2023,10,9.40458411707173,238.124288968926,3186.44598192505,0.0031210986267166,2023
"{3E6EF015-6080-457B-B33E-E5B8D742D649}",2023,7,6.82193781229804,1071.11779404757,22593.0835756998,0.00218476903870162,2023
"{B6E2200F-8D82-4597-BC92-E6DEEF41CB9B}",2023,4,6.93482372521889,210.55655929241,3359.05983719325,0.00124843945068664,2023
"{328E75E4-391A-4812-8ED8-747DC41696F0}",2023,15,12.3513963342046,81.53458695299,491.171833220857,0.00468164794007491,2023
"{60131562-09A6-4F8A-B709-B9FBE4259F85}",2023,2,6.64989719764508,272.536435059018,3548.66274109613,0.000624219725343321,2023
"{55C6778A-5066-4C5C-9FA6-62696A17A56B}",2023,11,2.94349933386587,1169.34455439869,52301.5751309903,0.00343320848938826,2023
"{FB4136AF-30BB-4C56-9221-B161A65B92C8}",2023,1,0.461531714700001,372.764550125523,9486.75714273238,0.00031210986267166,2023
"{FE54959A-CB4A-47C5-9BBF-87C74A4B2AD8}",2023,3,5.55662377082692,408.775344058585,10537.5950128892,0.000936329588014981,2023
"{19B98BBB-08AB-4154-BC0E-FFD3965AB9BA}",2023,1,6.6611989404698,281.590603978914,4617.83351346388,0.00031210986267166,2023
"{28B5FE7A-CB71-43C1-9741-9B486BEB4C9E}",2023,14,5.94110234741457,79.7219055018672,428.895599001003,0.00436953807740325,2023
"{CD6332EB-AA0F-4747-B329-C1CC968A0AB3}",2023,20,3.92975137491187,161.222959392216,1796.0450178666,0.00624219725343321,2023
"{6351AE4F-07CC-46FA-B2F2-F785A846E326}",2023,1,3.32905527384129,135.366986713469,1045.13150715481,0.00031210986267166,2023
"{CAE3367E-001B-4D15-9894-A51DB1995181}",2023,15,4.80785528023668,104.274532086447,649.424584458047,0.00468164794007491,2023
"{36565AF7-ED3F-4F7C-A89F-7255A9B04D4E}",2023,3,3.65865626234688,147.984716215788,1170.67656646846,0.000936329588014981,2023
"{002E908C-13D4-4B65-AE98-87EDAF0724DF}",2023,14,4.84067260102912,114.46726491184,802.068387905193,0.00436953807740325,2023
"{005BB78E-CB40-4F4C-B55E-3C0AEBDABD05}",2023,6,2.82785141582239,118.242777618454,829.357060204857,0.00187265917602996,2023
"{0A55069E-D5A8-4979-8D89-99847647D7D5}",2023,10,2.88079930971251,110.244118596984,814.990992223472,0.0031210986267166,2023
"{CC411641-8080-40C9-8ACE-AC9871F1D58E}",2023,13,1.71970509580493,145.670620400202,862.120963171588,0.00405742821473159,2023
"{243D9E99-5115-4F49-A79C-AE8FCD2FB740}",2023,4,4.44056982624186,88.8012309494955,576.846223467608,0.00124843945068664,2023
"{32299AB7-75AA-435F-8DAB-FB121E5862C4}",2023,1,3.44281893254802,105.219168712072,648.491838023331,0.00031210986267166,2023
"{517ED6E0-ED02-4B3B-9C04-A275E1A65E01}",2023,11,2.72794098234047,141.93970542048,1342.3809721115,0.00343320848938826,2023
"{4FC9EAEF-7DE0-44A1-A10C-58CB7B1FCF97}",2023,6,2.57377149989834,98.8683188320646,620.943005105041,0.00187265917602996,2023
"{DA431E7B-02E4-4C8B-95E1-4FF77C1D2F27}",2023,9,4.70298330873041,100.749952122325,712.711120319416,0.00280898876404494,2023
"{61133756-66B8-451D-B6F2-F7D9F8EC355C}",2023,15,4.5902006984969,106.535276393975,631.706834325113,0.00468164794007491,2023
"{9765184C-593C-47E7-BFD9-1B8C9FC6C6AE}",2023,1,4.86356910062575,255.213395245526,3122.79824472363,0.00031210986267166,2023
"{42AA8576-589F-41E8-9AF4-92A2086342B2}",2023,5,4.70303192349064,76.7557520790371,390.71589947321,0.0015605493133583,2023
"{78EDDC68-74C5-4241-8EDB-6F80A8DD94A9}",2023,7,2.63434170664488,205.676371457549,2727.3338619176,0.00218476903870162,2023
"{CA5EBE41-DF6D-491E-8454-3EBC6053C5A7}",2023,5,2.64236866733348,181.628178869235,1499.90075224123,0.0015605493133583,2023
"{B6695A3C-2E02-4F4A-AF61-D315825E33F7}",2023,22,4.44448744147462,99.6655958334518,734.896551348877,0.00686641697877653,2023
"{7187F5BF-6F3E-4481-AB2D-31ECD89946A0}",2023,12,4.80410452007781,142.967005179603,927.507096726919,0.00374531835205993,2023
"{5168EA2D-1BC3-4BE9-815D-29EF427E2620}",2023,4,7.04984849354197,520.359599785546,12371.2736650629,0.00124843945068664,2023
"{6589A106-E4CE-4CA3-8AF9-9A7B8BAA4CE0}",2023,12,8.27161683786268,248.444466845489,2486.85447933362,0.00374531835205993,2023
"{1EE9A4EC-5CC7-40C3-A9A8-6CCF0614D0D3}",2023,5,8.32205741731692,465.009894404139,5251.71262111508,0.0015605493133583,2023
"{6CA115A2-538D-47FF-9E6B-38443BC1C9B1}",2023,1,25.8798205394649,191.816392282932,2439.21250775905,0.00031210986267166,2023
"{F4FF2401-7CAC-43F2-8FCD-CB59E030EFAA}",2023,3,24.3511857895513,193.239894212687,2371.48797040567,0.000936329588014981,2023
"{3DF123F4-C2B2-40AF-B616-48FCC67A2DE1}",2023,4,3.77463895635303,142.41518258223,997.63059769775,0.00124843945068664,2023
"{392F11CF-5977-419D-95E1-81B92A789977}",2023,17,4.51915118913535,171.878773402113,1516.38146399191,0.00530586766541823,2023
"{3E9EF722-E0E4-47F1-A1EF-2C2B1BB489FF}",2023,17,4.55468990567207,88.0289490176939,526.265492130198,0.00530586766541823,2023
"{B3D83E5F-767D-45A0-912E-42A6E7643512}",2023,9,4.61781068215198,199.924201174508,2557.52378395113,0.00280898876404494,2023
"{ACED2943-4E6D-49A0-8FAC-81479B799306}",2023,9,7.06407670389488,124.341523928238,832.379692661296,0.00280898876404494,2023
"{C5ADDBB6-2B34-4852-82E3-F45A842A4DE2}",2023,10,6.50987829036478,270.702878985388,3754.28623860765,0.0031210986267166,2023
"{5AD9B271-F4FA-4468-97A6-9729CD69CF14}",2023,10,21.4725940876052,96.0321522210176,559.594617009962,0.0031210986267166,2023
"{97F80E71-266E-403F-A6A7-C413E7E8C970}",2023,13,29.4950142792411,122.076594891084,650.075283695805,0.00405742821473159,2023
"{D777B9AE-885D-480B-A009-38383289D7B7}",2023,1,42.2063435899232,459.094963600184,13930.0035083832,0.00031210986267166,2023
"{AA1EDEEC-9CB4-4C6C-9061-9DB5145538DC}",2023,6,23.5528795541543,126.156560013286,1142.38751656188,0.00187265917602996,2023
"{ABF28BBF-520F-47CC-AE97-7137576B3DFB}",2023,1,26.2468022995355,165.201836033497,1947.67885339377,0.00031210986267166,2023
"{0C5ADAA9-7D55-4F0F-B039-8648428BF702}",2023,3,26.8543668334004,105.462896098772,670.791295592845,0.000936329588014981,2023
"{A2F8D4C7-B5C5-44B1-A2E8-4B233E180473}",2023,9,44.3916858913127,190.974267374037,2487.77493711784,0.00280898876404494,2023
"{6860FD00-A8D3-4F54-AB8A-87137C901343}",2023,11,33.7063738051281,149.030788389986,1622.7013250885,0.00343320848938826,2023
"{A0431C76-567E-47C4-85FE-EAE6AD9DAD29}",2023,5,30.3886291878652,280.279527139531,2961.83471969296,0.0015605493133583,2023
"{3A3C4973-78D2-41C2-94B4-94A30235D52A}",2023,3,48.6544051665632,189.71568817644,1938.17647463593,0.000936329588014981,2023
"{BAE8D5A8-44C9-4C16-8315-96DA305D2143}",2023,10,31.0138991722944,314.491924934718,6916.39449847004,0.0031210986267166,2023
"{44C6184B-0E38-4DAF-AB19-3A79BF21CC0E}",2023,14,27.3016773038162,122.006062856135,860.673622114757,0.00436953807740325,2023
"{26C3D551-6A68-4A2D-A9C0-2E2F43823321}",2023,3,41.8083069913898,376.744640133908,7833.92401531825,0.000936329588014981,2023
"{03AEE2E0-82D6-4B62-BFE1-655A4991463B}",2023,17,41.5497161426778,88.5672045300187,542.345154619406,0.00530586766541823,2023
"{4B9CCD89-F308-4669-846D-94C63EAAC3B0}",2023,9,10.5651850414592,137.761814992898,1426.79946618581,0.00280898876404494,2023
"{37F83A97-EA9A-48C3-A44E-CD1AAC0625BC}",2023,11,12.9401752196658,139.510041265784,1373.68839865135,0.00343320848938826,2023
"{888CAE37-F60C-4F47-A9F6-173DEFB55AA9}",2023,18,9.06707643645268,191.158300807432,2233.14075414529,0.00561797752808989,2023
"{1BF547BB-3E9A-46DB-9D61-BC84EF924C61}",2023,7,9.03884341126844,118.605763818065,937.747471035169,0.00218476903870162,2023
"{12481340-D836-4FF3-9945-5DAF9F316EBB}",2023,4,3.94747414502336,276.814969363954,4734.73685508732,0.00124843945068664,2023
"{7E1F5369-34FE-4F6A-8B09-8616F22F9EA4}",2023,4,3.8649665240639,134.532560294766,1208.03026406575,0.00124843945068664,2023
"{DECF5025-C4DC-4F64-B40A-E4013D50DC1A}",2023,7,1.99160608964285,222.535460282756,3139.66097468663,0.00218476903870162,2023
"{FFA698BE-ABFE-42BE-AFC8-985C10AFA62D}",2023,2,7.13322672876432,330.048680727661,7722.46944723333,0.000624219725343321,2023
"{27D8B8E5-D3E2-4724-A729-56EE05C2C556}",2023,15,8.32573675554216,379.998791074401,9764.28550687876,0.00468164794007491,2023
"{222F7A65-FE13-4D30-88AB-2ACA133E109B}",2023,32,2.65578602731187,2921.86295041686,99425.2052389488,0.00998751560549313,2023
"{4AFD8D7C-DF80-469C-81DC-FD4000C8C376}",2023,14,16.0621913922602,3140.8938639162,86571.783851623,0.00436953807740325,2023
"{15F7BAC1-7C54-4081-A6FB-6C9CCA022047}",2023,1,15.1026198962423,413.672120051407,9449.39037586765,0.00031210986267166,2023
"{736C94C1-9003-43B8-A477-2109A1ED39EB}",2023,24,15.5349604669064,330.264405329157,2976.55148398427,0.00749063670411985,2023
"{4DAD365B-82D2-444B-9BAD-9CC00DBF13FD}",2023,3,15.6738508656495,367.344642083282,3806.73993517904,0.000936329588014981,2023
"{FCB1406D-39C4-4A0B-884E-A70D6717F8E8}",2023,1,5.74621107933895,670.068387561338,26221.0016664796,0.00031210986267166,2023
"{B30EE737-9C4A-4AC6-8BC9-2157B1707410}",2023,2,9.18087964059399,1771.7706297106,29682.508586991,0.000624219725343321,2023
"{52D5EE14-0888-438F-8EF1-5B58C518566D}",2023,9,8.8223441192602,103.273574347671,675.262881376047,0.00280898876404494,2023
"{01D6A219-17E5-4280-8439-5358ECF6AD1E}",2023,3,9.46191657130083,319.26373831734,5892.26534635961,0.000936329588014981,2023
"{85293D61-9620-41B1-8417-080D1432F746}",2023,6,4.27245264777137,191.108536609514,2635.54173692485,0.00187265917602996,2023
"{D5D01438-F99B-42CA-96E0-E40E5C98DECB}",2023,17,7.28112115732477,95.8004574617533,585.716672099782,0.00530586766541823,2023
"{BF861023-19DC-4BFC-95D1-45352FE7B75B}",2023,17,7.3371059783395,102.843847138986,615.716578779208,0.00530586766541823,2023
"{EA5CD502-166C-4DB3-9D63-E71493B5AAF0}",2023,19,7.42314402965737,158.331279963696,1202.45614151333,0.00593008739076155,2023
"{F74256AB-A19C-48EF-924B-E560B919AF8F}",2023,19,7.28244179030662,160.891963237027,1164.90355680667,0.00593008739076155,2023
"{5413EEE7-D825-476E-A6DA-304224733FE3}",2023,18,7.30269021447662,235.108497629207,2041.25913308776,0.00561797752808989,2023
"{42F15077-C8F8-45A8-BCB8-C721D7D2817C}",2023,19,7.43897457581789,78.3306057749203,379.132112947905,0.00593008739076155,2023
"{1A9A9B07-054C-4737-B3A9-CF7B9EB0C203}",2023,19,7.47522912568405,101.86253304755,597.227520356056,0.00593008739076155,2023
"{AC5D7113-8A55-4D94-9601-7BDC5D0B9B75}",2023,19,7.41401165399628,79.8719859770443,361.637575517878,0.00593008739076155,2023
"{45B367B4-1600-44A6-BDCF-2A8EB79DF7CE}",2023,18,7.43548627480483,91.5200580563672,554.212577525614,0.00561797752808989,2023
"{3185D59E-0D3E-442E-9DDC-9A902D4A7D24}",2023,17,7.46391439994161,121.168426629083,1008.86213778111,0.00530586766541823,2023
"{F7618584-121F-458F-9C47-9697C67AA65C}",2023,1,2.56092826294875,103.813394888687,736.799777830867,0.00031210986267166,2023
"{893837D0-398F-44A1-B65E-A29A9DA8C41D}",2023,1,8.35080114036061,85.0683278316875,484.977438741081,0.00031210986267166,2023
"{041797B2-6D52-4147-8229-36943BE1FE56}",2023,5,8.12464515584023,83.2187309258216,459.003983267616,0.0015605493133583,2023
"{209DE058-6F1D-4129-9B16-FE812EFCE7D1}",2023,8,8.11191555239069,84.1829786555358,460.003241225154,0.00249687890137328,2023
"{8DB64300-E749-4721-AE50-3857043F468D}",2023,1,14.9380959921529,599.042028071932,13190.8213306083,0.00031210986267166,2023
"{07A3579C-F379-4E3D-B3DC-CD33D34863EE}",2023,3,13.6123099865613,98.0435956081046,665.223526877211,0.000936329588014981,2023
"{0D4CC362-C552-4DF9-B28B-C2BC41C93C0B}",2023,1,12.6115543835721,364.521500051536,4400.66834015207,0.00031210986267166,2023
"{7E269877-52E4-41EF-8C3F-52042D986273}",2023,4,10.0899547587657,132.976414975801,757.126974508393,0.00124843945068664,2023
"{70088B4A-7AF3-4D41-A2F5-61EF14BD2FA4}",2023,12,9.72282565460246,93.584968288373,499.383371505762,0.00374531835205993,2023
"{3309B316-B39C-4EC0-ACE8-8A899662B116}",2023,8,4.1939734455473,275.310137156776,4757.47928813029,0.00249687890137328,2023
"{DC069A21-D34D-471B-A396-9F0730E2431A}",2023,1,5.10784413256723,218.113843088881,3465.86606057857,0.00031210986267166,2023
"{44C6ECEC-59AD-404B-8D18-9F9007ED8C17}",2023,12,13.1489269771126,138.654573626473,1089.17318043135,0.00374531835205993,2023
"{24D06ED6-5679-4E3C-A8CD-F2E0356A58BF}",2023,11,13.014936519979,128.548702002152,1033.71280026043,0.00343320848938826,2023
"{EDCCA37A-5513-430F-B118-DF7C594BF502}",2023,8,12.8874482962868,184.346080774907,2461.02992035716,0.00249687890137328,2023
"{913F7F6B-AE77-487B-A217-B00F33E0A225}",2023,15,5.27910442063585,117.678366478428,998.397273605711,0.00468164794007491,2023
"{E3BEBC60-E59E-4715-A250-0D7B34D916DC}",2023,5,2.69541434380955,94.8490751417187,444.043846093423,0.0015605493133583,2023
"{6CE86EFF-154B-4E2E-B2BE-CE66664344E8}",2023,1,4.70159517569088,768.436276276192,25443.0626553561,0.00031210986267166,2023
"{B2C17C0F-1C5A-4738-9AAC-D80C5CFDA964}",2023,9,13.2135463642648,485.147579290318,11423.7911231628,0.00280898876404494,2023
"{76C7B4C1-88FF-4DFF-815C-99684501E55D}",2023,2,25.197904932944,333.429246665364,6817.21687403081,0.000624219725343321,2023
"{521DD147-854B-4417-837D-E668250DFBBA}",2023,2,3.29093072739495,998.586143455955,26457.4620762992,0.000624219725343321,2023
"{C7CFC84B-9111-4690-9BC0-115C8A8A93E5}",2023,6,8.75531251758069,281.005150175514,5808.61759659323,0.00187265917602996,2023
"{DA864B59-2327-4787-A756-F58E4D930FF9}",2023,15,8.39671054442795,117.003014051634,977.316181223272,0.00468164794007491,2023
"{8E697228-F85C-4725-9CB4-A1798B87B5B6}",2023,13,9.66846601623502,66.0753672003423,310.121125722285,0.00405742821473159,2023
"{9EBC54B8-6FDA-4745-A054-A9CCDAC77739}",2023,5,9.44197220992712,117.491720066809,843.013309746129,0.0015605493133583,2023
"{993539CE-C2EE-465A-AFD1-1ED69D54662F}",2023,6,4.10572914131148,187.641604640614,1467.39775930758,0.00187265917602996,2023
"{4B9608CD-2903-48F4-80B8-E74AC0870049}",2023,1,10.8628018428046,164.296846960143,1472.73734541509,0.00031210986267166,2023
"{2CB96991-A302-47B3-A180-B7135D44F3BA}",2023,4,8.22797351436803,159.043841778709,1703.37442101963,0.00124843945068664,2023
"{9026B9E9-6622-47CD-A837-B9F68B1DE74F}",2023,1,9.5115269322016,112.512589483733,958.34309069286,0.00031210986267166,2023
"{F8537DBA-C6E9-4E68-81F2-A136B7DB5967}",2023,15,3.94444384593066,437.296094581845,6669.38464462835,0.00468164794007491,2023
"{E2189E7A-2DEB-4920-A218-771D8A826BF1}",2023,2,7.55293656270262,288.748728198907,3968.98865164409,0.000624219725343321,2023
"{6BDF8A4F-5904-4A2B-BEC3-7C5E0A704C5B}",2023,12,6.46123142864064,120.380383403484,910.009413886452,0.00374531835205993,2023
"{55CB46C3-7346-44D3-AFD7-017E46C95E73}",2023,5,9.6098387690661,159.507306621562,1193.27626513985,0.0015605493133583,2023
"{DAE457D3-3D18-4E49-B461-B6B7458BB4C7}",2023,6,4.62712530399474,89.2564230077111,535.918982812821,0.00187265917602996,2023
"{2297FB26-35A2-411E-92E3-043A81496153}",2023,7,11.4415428524126,275.715301160677,1179.09031186493,0.00218476903870162,2023
"{DB812BED-9AFD-47F6-BBEA-AB40C74F9AE4}",2023,8,2.3860889969744,338.667639436768,2725.13739422986,0.00249687890137328,2023
"{450EE422-3405-4D71-AAA2-E501D052AEF1}",2023,1,2.28929442895957,170.730161696315,1578.31818745602,0.00031210986267166,2023
"{10137C0E-5A62-4D23-B7FC-A93C3C2CE2EF}",2023,19,2.38470485509515,179.735183439627,1706.16414336735,0.00593008739076155,2023
"{758B320D-A89B-4538-859C-FBDE5C3F1896}",2023,14,14.0494518517154,122.828091119342,992.319827674088,0.00436953807740325,2023
"{866AAB86-F513-495D-824C-24F4D0A564E2}",2023,8,4.38444505267113,99.9013912125835,574.366277334118,0.00249687890137328,2023
"{1E35EB53-5279-4842-B2E6-FAC60A57FEC7}",2023,1,3.9095209880428,46.9852312592081,160.333760980936,0.00031210986267166,2023
"{11C50A4B-DAAD-4719-BA87-650CAE959324}",2023,5,9.42188007128787,210.467774200401,2244.97485279108,0.0015605493133583,2023
"{31E0F4AB-CA11-417A-A803-054DC22ECDC4}",2023,6,8.15990110829909,70.6691928141406,318.144455525751,0.00187265917602996,2023
"{8E5EF6D2-FBDA-481D-ADB2-91313FDE4CE5}",2023,7,9.72364457244957,63.957214646673,257.680214685287,0.00218476903870162,2023
"{E1A53B10-1C3F-4A8D-9288-02DCDD831C5E}",2023,4,10.8213937096468,141.259755973799,1307.4618779879,0.00124843945068664,2023
"{C403D262-05FD-442F-B4D0-604FEC19A645}",2023,1,10.3313454260543,321.313488144072,2316.81642226818,0.00031210986267166,2023
"{374356A4-5A52-42D3-959C-F004B998D3EF}",2023,10,5.3241437493509,112.833050643186,750.663482288236,0.0031210986267166,2023
"{B5987A08-6579-4085-8AD1-B6F319DE0BF3}",2023,1,11.2734818814112,143.8701561856,1304.91692168021,0.00031210986267166,2023
"{856F3E23-3407-45A6-88B2-F6B7CD3DBE47}",2023,3,3.70639222512734,181.197724773755,1363.5769306758,0.000936329588014981,2023
"{F9D5B79C-2009-4FFD-BD0F-83C9E048D39C}",2023,8,21.0388224439292,413.181881615372,8535.78277429192,0.00249687890137328,2023
"{86520E4E-B78D-4BDD-8FCA-7E3ABC85A255}",2023,2,17.2055471250824,154.022003016728,1625.40453000243,0.000624219725343321,2023
"{BB5582DC-4CA4-4CE1-AB25-38AC688ED398}",2023,10,7.78980502086227,55.6304613106567,214.249947150866,0.0031210986267166,2023
"{3E63074F-3623-4338-9B0C-E0EFE91DA45F}",2023,1,5.30850420213209,181.955479497638,1889.43423096382,0.00031210986267166,2023
"{0F078876-4982-42CB-8A3E-CBBC3D20FC92}",2023,2,6.78785954737178,94.3393390215737,575.867266850578,0.000624219725343321,2023
"{70E639C8-5E8E-4AA5-9D09-446E4429D18D}",2023,7,18.4632349863188,68.0147698655723,320.566422131878,0.00218476903870162,2023
"{5F49ED01-924D-4A02-800E-71CA8D2F0871}",2023,10,18.4362798193667,78.2347060688405,361.53169862227,0.0031210986267166,2023
"{D4BB6C3A-16FC-4CF1-9C20-DF5CD345F8C1}",2023,9,18.4387738632081,64.8949633973206,255.676353541488,0.00280898876404494,2023
"{D66AE24F-4F25-4B82-A1FD-CD3134C909DB}",2023,4,12.4234633740622,518.360230853032,8139.29701564682,0.00124843945068664,2023
"{674FC37A-AE10-4DDF-B5CB-71B5FDAA850F}",2023,7,18.4146861581991,85.6379732530874,463.902567181953,0.00218476903870162,2023
"{6F8830A6-9B57-4371-B537-77357DA22904}",2023,10,21.4842962625389,51.2342389296924,176.275351351843,0.0031210986267166,2023
"{16355099-9AD7-4CE5-B47B-006EE87C4786}",2023,6,21.7812107121566,64.2387227630773,258.143102290509,0.00187265917602996,2023
"{2CEEDA2A-60CC-4E60-876A-E134B5EFD6C0}",2023,8,21.7511255189457,134.936120487062,1279.76519508628,0.00249687890137328,2023
"{B8891DDA-869B-475D-9B31-F94B412543D0}",2023,2,4.37266639392376,80.460985732742,391.131447360838,0.000624219725343321,2023
"{B2587DC1-93B7-46D1-B016-E83B26DE025B}",2023,1,10.808714728712,280.130811141736,3580.92608339545,0.00031210986267166,2023
"{566361FF-8D48-4BA6-BA0F-8E101B73B0BA}",2023,8,5.59521260064682,101.853978409437,697.735519239989,0.00249687890137328,2023
"{11481986-61A0-4CE5-95BE-B1DEB5FF53CD}",2023,1,10.9436878331721,274.0021427485,2312.3594501291,0.00031210986267166,2023
"{127ECB8B-C9B4-45C4-9CB1-E5E7244F2779}",2023,1,10.8447240061033,72.3427386191036,364.089262923841,0.00031210986267166,2023
"{3DEC3899-C3A8-4C28-A522-FDA10B47B1D9}",2023,3,10.0521030828362,575.232459397839,4083.78747243583,0.000936329588014981,2023
"{E76D2E44-C848-4625-9B4F-8917853860DF}",2023,1,10.8585892306916,82.690756317618,486.460251363423,0.00031210986267166,2023
"{7AC0DFAE-9360-4411-93E2-35F31A9E1323}",2023,7,21.5661168455437,54.0272474886242,192.263691700582,0.00218476903870162,2023
"{BD1FECE8-17D7-4143-994B-8630B14C64D6}",2023,2,11.003168321707,143.951780721775,1075.75270807943,0.000624219725343321,2023
"{11C690FA-9429-4C21-9F3C-5A3E25B8EB66}",2023,1,10.9296270362817,103.243399179729,582.339442864951,0.00031210986267166,2023
"{E2AAB0BA-5633-4BA6-89A9-111D8AAB7B7B}",2023,1,10.9902973808967,153.373243669726,896.472639045134,0.00031210986267166,2023
"{C8CEADF3-1634-4262-AF6D-14645C2E4154}",2023,3,21.5740667340494,90.7113435871569,490.889784572225,0.000936329588014981,2023
"{C73E59BB-EC8C-4E56-AA49-749FD9B0B8CA}",2023,2,11.0012097937892,81.5950752692242,396.538538362458,0.000624219725343321,2023
"{45835744-38C4-491A-BE73-C2E41FCD6572}",2023,1,11.2473522393472,231.926562905671,2107.004437096,0.00031210986267166,2023
"{07DEEA0A-86E8-4A3A-BF11-51C40CC4BE44}",2023,5,10.900045596012,101.930857672465,685.264746829632,0.0015605493133583,2023
"{28C7AB6E-EA09-444F-8626-850660E0338F}",2023,1,11.2131082080772,66.7445796701269,295.64451907252,0.00031210986267166,2023
"{5D6E05EB-9DD6-4DC7-94C4-9BDF2627363A}",2023,1,11.2129555667449,61.3584148978947,241.215490584337,0.00031210986267166,2023
"{BA87B231-AABB-4092-A96B-3B07AC54E5E6}",2023,1,11.2253651031475,72.9384928022214,360.093376089032,0.00031210986267166,2023
"{89A8B1FA-7FEA-48B2-AEA2-E1E77DF94E72}",2023,8,10.2055336738814,224.496063347543,1450.36218163403,0.00249687890137328,2023
"{97D5D86B-F7B6-4164-B60A-15CF5C8EABEF}",2023,8,11.8037904006121,43.9073150874155,123.851341377776,0.00249687890137328,2023
"{F791AC2D-96CB-4079-9924-87EE3CEE5B5E}",2023,5,11.3221012757867,133.120027060872,1201.59329727573,0.0015605493133583,2023
"{66E88E06-769E-455E-9524-0F4116D39596}",2023,10,6.30881381872269,69.7349082357003,317.650919083894,0.0031210986267166,2023
"{255636C2-56F8-46ED-A0AB-704043DBD118}",2023,2,8.33436225897864,345.455051984482,3231.93790388136,0.000624219725343321,2023
"{1A733A14-27CE-4BCD-B48A-5EA8AA1C82B2}",2023,8,6.47104574401711,54.2635251225109,208.283453321192,0.00249687890137328,2023
"{502540ED-97E6-45AC-BD52-65AAFDF8989F}",2023,5,8.56986601757796,505.356133151306,3420.16636592127,0.0015605493133583,2023
"{3DDD08DF-90AF-4DD2-B888-25F2021C1BCF}",2023,1,10.5459583044758,72.9254535780257,350.61077525029,0.00031210986267166,2023
"{1446B743-03FB-49B3-A2F8-A1451B7B5864}",2023,12,11.4736771772656,72.8764223032259,363.577319184539,0.00374531835205993,2023
"{F19CCE77-BAD6-4084-BCF3-EBB31AA6E5CF}",2023,5,11.4095513441068,166.518460995763,1594.6677193254,0.0015605493133583,2023
"{9FD8BD5A-9DCF-4A8B-B038-7F49E9883A1C}",2023,5,13.4967091373949,265.460814710989,4531.08312673785,0.0015605493133583,2023
"{DC548692-963B-4070-A064-77D4F5DEB15F}",2023,2,10.9616800461838,271.49778996846,2212.92114195036,0.000624219725343321,2023
"{1FDD4DFE-73A9-49EE-9286-7BA0DD0B27F7}",2023,1,12.6276066720928,425.427287423356,7825.7850490617,0.00031210986267166,2023
"{B65C5550-A243-41F2-B625-3BFB761E7948}",2023,11,6.22058077613395,175.982830564497,1974.90214974559,0.00343320848938826,2023
"{69911AC2-9E8A-4B0E-A877-F97C45D6D5DA}",2023,2,8.17147823152975,99.1627557513955,604.302447381785,0.000624219725343321,2023
"{CCD9D3CE-DDBA-4509-B6FF-1769A3A231FA}",2023,6,9.60227208599004,114.672454843078,792.102263144898,0.00187265917602996,2023
"{34039A49-1156-4E59-905A-6FBE0023975C}",2023,11,11.0924454986927,82.3931248753487,349.114402310847,0.00343320848938826,2023
"{1D4CBED0-1DD1-4579-8F54-E942663E0463}",2023,1,9.80803458590388,169.307305015734,1410.37622368811,0.00031210986267166,2023
"{0FBF3A94-B1C1-4D40-AE2B-43FE64611010}",2023,8,8.89880388378833,582.952319182476,4436.10862353178,0.00249687890137328,2023
"{75B923DB-3E3C-4BBA-8004-AE1D0E79E2BF}",2023,1,9.44107389180554,41.3843614195371,111.864976274337,0.00031210986267166,2023
"{DE4753E4-D4EF-4DFC-B93C-B2B34B93A9D2}",2023,2,18.4915318577304,365.711660878556,7289.66419389726,0.000624219725343321,2023
"{9CCED6C3-06C7-4DA5-A92B-81A2729498A6}",2023,2,5.13796518921374,264.673059767719,4227.58102274723,0.000624219725343321,2023
"{B696E195-5505-4EB7-89C7-9EB234A05FE1}",2023,2,14.8717662363645,130.374193536251,1039.23508658123,0.000624219725343321,2023
"{B5DB7CFD-8DD2-4311-B7BF-25C8B3A92A1B}",2023,1,14.681355621927,78.5623528246789,393.022726001455,0.00031210986267166,2023
"{6A40A405-DAB6-4C0A-AD2F-46C993863B5F}",2023,6,10.3284968805116,152.030146214963,1222.52041282176,0.00187265917602996,2023
"{F8EB12ED-31BA-473D-9735-0266B31B67F7}",2023,6,13.4808220833725,134.74680955161,1247.530148182,0.00187265917602996,2023
"{8AE6EE26-E8DC-4D1C-AF98-D527192624E6}",2023,6,17.4283153230672,77.2062726593024,429.462142397983,0.00187265917602996,2023
"{A84DDC35-D8D8-4597-93E1-DFC2EA782C02}",2023,4,12.531893611126,156.749507100087,1251.53466763172,0.00124843945068664,2023
"{6BFA5A1B-0836-42C8-8B09-62ECF245711D}",2023,14,13.1479156081243,79.3605959438824,424.011452165231,0.00436953807740325,2023
"{8B00FF5E-C4EE-4812-8874-9A2F30C03FE0}",2023,2,10.0183104805692,135.313708461364,781.075520013751,0.000624219725343321,2023
"{4EFEA6DE-2D27-42D7-95ED-13FA1F3B4A8E}",2023,15,6.5218166802275,197.319324857983,2059.76975998533,0.00468164794007491,2023
"{ACA461CB-DC31-4441-B855-B0337E0CD5E3}",2023,13,6.01900514463893,916.39400766337,18241.5366411865,0.00405742821473159,2023
"{9EDD2CBE-3A51-4CA3-A91F-A8F44251C578}",2023,1,7.60453563410664,241.927097010512,3350.261960801,0.00031210986267166,2023
"{B9F6C74A-D50C-4061-A0AD-F0E8DDC6B2A6}",2023,1,14.6618752997608,515.500883085014,10478.5998903741,0.00031210986267166,2023
"{04CCAC55-DA7B-4C90-AD1D-9249A4C713EE}",2023,18,6.3812613726441,100.577889506778,755.190348761702,0.00561797752808989,2023
"{D0ED6E8B-7619-4DCC-99D3-260EFA54C424}",2023,1,8.36509765279693,184.782383935186,2275.91620710176,0.00031210986267166,2023
"{6C3CB58B-28F5-4FDF-9DB3-4B8F0A581C58}",2023,3,11.4671351300727,143.437753200236,1232.99831550144,0.000936329588014981,2023
"{7704A272-8539-499F-BF60-F43FD412FB01}",2023,9,8.52149021102162,87.9822022348617,456.993962382895,0.00280898876404494,2023
"{4D11C57C-9B88-4D8D-A247-33B999C510E4}",2023,11,15.1770495286668,140.697900527164,1374.81251117695,0.00343320848938826,2023
"{41315701-3271-4AC5-B670-A98659823FA2}",2023,16,8.81029856217517,95.1335900075845,532.344234139343,0.00499375780274657,2023
"{F2D192A6-A00D-4F1D-B6C2-C685408858F2}",2023,1,12.0817666298243,135.961067891411,1095.68764145371,0.00031210986267166,2023
"{B35A79C9-FEEA-4AA1-8069-BC2BD96F41FB}",2023,1,4.24167392916052,1217.8386791541,37515.5812789264,0.00031210986267166,2023
"{1834EE48-7C86-4D98-B48A-5B0C3C087D1D}",2023,7,12.0731123875355,333.606176074297,6057.71254428485,0.00218476903870162,2023
"{0AE48ED8-C610-4178-8C4F-8FDE3112DD81}",2023,7,9.70521194069789,208.087428860686,2616.44138296246,0.00218476903870162,2023
"{3938667B-121F-4EA3-89FC-9A130590EA45}",2023,1,15.3057522891344,59.3437257692213,211.745975338576,0.00031210986267166,2023
"{24B624E8-826A-46C1-A6C9-A994CC6D9145}",2023,27,14.9123264279906,60.2454610184003,266.671364760206,0.00842696629213483,2023
"{97F072ED-9ECD-4C64-B40E-849FC00595AF}",2023,4,14.8266628244971,35.156506319009,89.889706537349,0.00124843945068664,2023
"{15889EC4-5909-4A5F-99E7-F24107E83D19}",2023,2,14.741178443598,68.3549631732317,345.085815384027,0.000624219725343321,2023
"{444FD19B-EB88-4518-9EC6-8BA7F597FCCD}",2023,3,11.4730811337466,163.593913135752,1463.24088712107,0.000936329588014981,2023
"{2BD30706-B14D-443D-847B-EE0A96AE3F2F}",2023,5,12.8803747529433,447.284473645289,4308.88893486601,0.0015605493133583,2023
"{0D477630-561B-4710-8804-FA7288052E16}",2023,1,13.1752761481767,126.900660209766,1096.16574599745,0.00031210986267166,2023
"{67D1A264-0F27-4C19-809F-A5D4AF8B78EF}",2023,6,13.0069898814034,100.480457645977,680.657447022794,0.00187265917602996,2023
"{821B364A-5326-4852-BBAF-B16B62FDA660}",2023,14,4.67375286412386,98.5273468969198,520.902628794253,0.00436953807740325,2023
"{E9DEA55E-7537-41A2-A42E-9D69EBEFF20C}",2023,10,4.71244956202028,102.840760505936,573.903575593425,0.0031210986267166,2023
"{FD8A7D24-5DBD-4951-9A5F-D49A17D9E987}",2023,3,7.07709509280585,250.672512144389,3582.47037676148,0.000936329588014981,2023
"{DE75F5F9-B5E7-47F2-A79F-393CEAC28AB3}",2023,12,5.07607115564098,341.232315624172,3482.24858752025,0.00374531835205993,2023
"{54607F23-D5D5-47CF-A3E2-10886C1DA310}",2023,3,7.26735146141441,258.774324095503,3097.48930465194,0.000936329588014981,2023
"{8F558833-0C55-4206-AC2E-42C932D73D16}",2023,4,8.54336532571317,755.033651669854,10666.1349496644,0.00124843945068664,2023
"{CE445624-50C7-449C-AE7A-CA5EDD357CA0}",2023,11,5.66347991952252,334.617342606021,2644.06406471154,0.00343320848938826,2023
"{2FA16437-8366-4603-80F0-9D1EC2F86ABE}",2023,4,4.37881622127227,246.340519901703,2273.57737931858,0.00124843945068664,2023
"{042F76F7-6CBE-4937-BEA0-56138337B558}",2023,2,5.06109280782993,216.664716547148,1349.03429839609,0.000624219725343321,2023
"{11B55FB1-D2E1-4097-BAFE-C2284C39D042}",2023,1,4.95666488221361,118.502498292683,899.042352628562,0.00031210986267166,2023
"{C2801F50-4B6D-4CA9-AAD0-55ED97C3C339}",2023,2,5.66652485095003,371.132617280111,7838.79539901101,0.000624219725343321,2023
"{7E042D0D-E9E8-479A-8EE7-274B7A4A183A}",2023,1,4.81678457119224,227.049868163475,1841.46388314652,0.00031210986267166,2023
"{FED90AD9-8271-4BC6-93F4-3F58319794B6}",2023,2,9.73409288436179,537.306426601983,14906.3655245405,0.000624219725343321,2023
"{3C31C254-ED35-4AAE-9FFD-7833B7D0A476}",2023,18,6.1849129992354,118.85173110839,815.073604002293,0.00561797752808989,2023
"{8374F1D8-4197-4C79-8FBF-CE1DA8E4CF0B}",2023,10,5.4073518414355,225.987036869125,2763.99340747582,0.0031210986267166,2023
"{9D64896A-D4F5-4869-A41B-E2C5DB68A283}",2023,1,6.23937350728241,240.617586390758,3037.56349919621,0.00031210986267166,2023
"{70EBA9C6-7AFE-4460-9B3D-2F785EFF73F1}",2023,18,9.68740613440072,238.097769875564,2492.07400764297,0.00561797752808989,2023
"{1E8D4BB2-E564-4E63-812D-2F4DDC0364CB}",2023,1,3.95021620246286,342.067288136441,3778.94329947333,0.00031210986267166,2023
"{409AC5F9-D101-4A4C-8A36-510F2715D648}",2023,9,10.7576938423008,137.931922252864,1044.74110916976,0.00280898876404494,2023
"{1271ADD3-5592-40E3-9673-18BF571B08CC}",2023,5,10.3709463629954,317.429965202093,2865.62951291534,0.0015605493133583,2023
"{110F1F5E-17F6-4FA7-A058-F0BC13B7ADF6}",2023,8,4.91148341959463,494.428389741784,11230.5728098844,0.00249687890137328,2023
"{8C8C57CA-ADBE-410F-A363-A50FF0475D6F}",2023,1,2.3501562552305,191.789426975345,2174.19083960717,0.00031210986267166,2023
"{667AFA66-6FE5-40D0-9814-84F34939B970}",2023,5,7.24259993808045,298.796383526594,4543.34995820942,0.0015605493133583,2023
"{E30862BB-6C0E-4439-B490-E40CA7759C6C}",2023,12,1.79179947651484,627.738261603801,15278.4122961561,0.00374531835205993,2023
"{7B974DB7-6C7A-4494-8228-97C47F76CB1B}",2023,1,4.35064991178148,169.124711752323,1493.85150081677,0.00031210986267166,2023
"{16E027A6-B1A3-48B0-8AD5-AC558F249AD2}",2023,15,1.70799770743927,229.234525378728,2735.09010394727,0.00468164794007491,2023
"{303D23B2-586C-4D1A-9C56-F5B53A91DBE6}",2023,17,8.92271591309308,414.798384753796,3894.94149808038,0.00530586766541823,2023
"{CD2D9242-6086-4661-8C14-32009C71BE37}",2023,17,2.78903802090294,511.990065271753,10732.4482910258,0.00530586766541823,2023
"{8F9457BF-2198-4A78-8BC8-D669FA080A76}",2023,5,3.01272922377859,104.527655929227,810.090683082017,0.0015605493133583,2023
"{EBEB6C20-177E-4372-9EB7-0604B79630D0}",2023,7,6.86651909074317,168.506802927459,1402.41581164337,0.00218476903870162,2023
"{46EAFDC7-E176-41BA-8917-F8C6B28B95AC}",2023,5,8.81526938621706,175.818785318502,1197.12090037802,0.0015605493133583,2023
"{471FE5DB-3915-4698-B134-2EAE0D65D1DE}",2023,2,8.43841983005515,434.663478675446,4125.65967753585,0.000624219725343321,2023
"{557DC9D6-78BE-46F6-8E3B-EC5CF11BC84C}",2023,1,0.810072143520248,500.398734963255,4652.73970768685,0.00031210986267166,2023
"{5810FA9D-4AAA-482D-BC32-4447C67CABC8}",2023,3,0.639182443313798,354.86866552739,4194.16423152898,0.000936329588014981,2023
"{7C11BBF0-2B26-4000-935A-28D688D2161B}",2023,1,0.781653705248074,307.280804160034,2875.54308514214,0.00031210986267166,2023
"{86463EED-A398-4F3F-ADF5-C633B531055C}",2023,14,0.787570842625593,292.825772202506,4944.71044554727,0.00436953807740325,2023
"{E15E1317-7E2F-4C05-9D71-BF47479671E7}",2023,1,5.6720715420398,78.3084888132239,321.148426178122,0.00031210986267166,2023
"{7EA2C2B7-43DB-4F63-B917-89406C6C3FCB}",2023,3,6.64323121030097,1049.37242560711,11055.2637891649,0.000936329588014981,2023
"{D110AC9E-C8AE-4056-9F30-CA87CF4449C7}",2023,1,6.58244857437011,137.369842927626,902.448183151997,0.00031210986267166,2023
"{EE8647FA-38B2-4421-B863-3FD482691EF4}",2023,13,5.91847469451708,195.649931969421,2466.27511312582,0.00405742821473159,2023
"{F6B2EF8D-5F21-4D75-B9E1-612A405C7160}",2023,4,0.284294653595402,160.966329067049,1540.84423890007,0.00124843945068664,2023
"{AAA9996D-81E0-49AC-B385-BEE980BBA85D}",2023,32,0.168121580715688,450.323229005465,3938.49332650511,0.00998751560549313,2023
"{8F39EF7E-EF4C-4DD4-8F42-3D7D3BF15FA2}",2023,1,0.900717196092227,188.709654265057,2005.35543912444,0.00031210986267166,2023
"{DD692180-A06E-4BBA-9F8C-D4911007B14D}",2023,2,0.086944994130677,147.185698554912,1108.40149500877,0.000624219725343321,2023
"{77C945A7-EC58-4FCB-990F-3066F413A314}",2023,5,1.10408552824159,129.680828297475,1151.29449313597,0.0015605493133583,2023
"{7680E2F4-F4AB-4FC1-AFF6-F178F06F663F}",2023,4,0.684136429899887,159.58170746886,1700.73718937707,0.00124843945068664,2023
"{13C8E741-0B28-490C-9A26-EC209BA29302}",2023,5,0.668065796754809,98.9512198475507,641.357771009049,0.0015605493133583,2023
"{573FDDD4-8AB6-429F-9151-27D72336EAA5}",2023,8,0.722347413597474,115.255072606827,868.110657693539,0.00249687890137328,2023
"{C86F2945-E4D0-4DE5-83E0-48464D795B46}",2023,1,28.9538670300564,238.064143434775,2418.99256224281,0.00031210986267166,2023
"{7D45E614-F6BA-4EA1-8EC1-FE01AA3E997B}",2023,1,26.2179912742493,350.256329296238,6475.88968235307,0.00031210986267166,2023
"{58044DA0-4288-4C7A-90FC-6339D91FCAC5}",2023,6,26.4489873110477,116.633430711795,710.815563348041,0.00187265917602996,2023
"{8A1F946B-1322-4DB0-992C-BED51F953D39}",2023,1,28.9740776640016,119.343616726966,1041.65922361684,0.00031210986267166,2023
"{980A6FA4-4B26-4386-9FCE-174C340604B7}",2023,1,30.7635067209403,329.702102714159,6009.92627180798,0.00031210986267166,2023
"{EADCB271-83F2-4613-BA4F-6A05F3F0FFA1}",2023,6,26.8834817681893,112.104258162059,752.393704271195,0.00187265917602996,2023
"{5B8731C2-EFAD-4609-9AFF-795FE4E87E1B}",2023,1,30.9645190905892,463.014798521799,6745.57323728756,0.00031210986267166,2023
"{01AA270B-5542-4677-9FBF-561ED5D61251}",2023,1,29.1833662187154,127.768979421766,1206.56323720746,0.00031210986267166,2023
"{21B26021-EF44-4762-BD2D-FF825CC1C7E3}",2023,1,31.9187293214066,330.494180568387,6802.27990885431,0.00031210986267166,2023
"{50D21603-7BCB-41D8-A86B-E9F7753266B4}",2023,2,28.6810600083367,130.179874299088,1096.41794156323,0.000624219725343321,2023
"{F2A0241F-BBC8-41C9-9C41-0E3DB9C6C043}",2023,1,26.9209606026187,411.135546811306,7333.02309239587,0.00031210986267166,2023
"{D546ACAE-328D-43A5-B15D-52A10A7D99D5}",2023,1,28.4863964957041,119.73273648902,972.425439710006,0.00031210986267166,2023
"{B72D06D9-17BE-42AB-8D07-B69D93E06041}",2023,1,26.1454561447641,174.848402455916,1469.76656481338,0.00031210986267166,2023
"{B2586DEE-9F43-4908-B362-FCD2614F65D2}",2023,1,30.9103866014197,172.170772270647,1773.73677466354,0.00031210986267166,2023
"{EC1817B6-6502-457E-914D-66DDC035A646}",2023,1,33.7811520414716,289.811088036775,3565.32000386157,0.00031210986267166,2023
"{A3457484-664E-443D-A614-42310DB20E3E}",2023,3,26.7058488013045,92.0676562633767,561.352540323751,0.000936329588014981,2023
"{DB541821-CA08-4946-8279-8D49EDA9F717}",2023,13,26.7471307985771,73.4886059248896,329.499104417071,0.00405742821473159,2023
"{1AAAB3C3-FDBE-4FBD-9F21-117C1A8A9D29}",2023,1,25.4146843879349,304.436982514746,5942.0172753755,0.00031210986267166,2023
"{B246EFCE-8E46-478E-8481-F64C1DFE1428}",2023,23,25.2579753990974,125.55346448747,1173.22575910526,0.00717852684144819,2023
"{A8C0B061-F62B-416C-8487-615D3C4E0105}",2023,1,29.136871233667,125.98671834727,1074.63401501758,0.00031210986267166,2023
"{589D2174-7767-40F1-A25F-22EC5C7440E3}",2023,1,3.67747913402833,83982.6352799857,14695075.0843166,0.00031210986267166,2023
"{B8363CAC-6EC7-4852-A496-8A4F55FC83EA}",2023,4,8.20346061770805,3390.94161573123,306896.396202346,0.00124843945068664,2023
"{59B5FAF6-11F9-4537-9716-56E4D50D036E}",2023,27,6.69205863185786,2575.45958280121,237007.321178129,0.00842696629213483,2023
"{1F2154ED-7835-4AC2-89EE-1E0843B11C99}",2023,1,34.9020853262162,113.771678548455,930.356577525203,0.00031210986267166,2023
"{E00EEB26-189C-4C9A-BF80-641E7FAF674B}",2023,7,5.38965956668518,7624.84718921301,1036539.46179648,0.00218476903870162,2023
"{A0864000-2A38-4A3E-9B53-F1BD50929C7E}",2023,1,32.4342997104366,6.94444334059736,3.40359910700323,0.00031210986267166,2023
"{DB941EFF-7AF0-4ED9-BBB3-145ABFEC3260}",2023,1,28.5939114412037,27.700914633881,60.3610818793047,0.00031210986267166,2023
"{AB236BBC-6C95-4FB7-86B9-2C228523B355}",2023,19,28.1395115898171,190.452908362599,2886.44580729461,0.00593008739076155,2023
"{54C53E67-DC56-4A55-8B48-DA818ED09BF1}",2023,17,26.3435699424941,146.070616143778,1697.90475326948,0.00530586766541823,2023
"{7B7F91A2-A315-4981-815B-50869D267405}",2023,3,26.3329202648184,219.106114957207,3820.29977311143,0.000936329588014981,2023
"{0BEC3A9D-7347-40C2-AB99-5C242983F012}",2023,13,26.0377064417877,46.1913026040427,169.786263952404,0.00405742821473159,2023
"{97B1CE54-987B-4A15-95E0-2D10D177604B}",2023,18,24.7397006219986,134.670440274058,1443.2180381874,0.00561797752808989,2023
"{0045188A-BB76-4305-8719-5F678B17A6FC}",2023,17,18.423456621984,66.4967512017455,351.872594560317,0.00530586766541823,2023
"{4FF6AAB6-5760-4162-91EB-4C24470EF1EA}",2023,19,18.8602946144593,199.491107117133,3166.90736719759,0.00593008739076155,2023
"{F2A28681-B40E-46A3-A088-7A08B0616F48}",2023,21,10.2990585000656,214.858564357997,3673.61592812123,0.00655430711610487,2023
"{E5BCA1DB-6608-47C9-B1CD-F3375B9128B2}",2023,27,5.75854045800915,232.64470284036,4307.00010345344,0.00842696629213483,2023
"{E5EA7242-5043-4AFE-BE23-A9FE5A759778}",2023,20,6.33407384958085,203.441862826493,3293.58566606251,0.00624219725343321,2023
"{AF3C8A1E-F517-41F9-9C9B-85934B3C4965}",2023,23,6.29548391037383,64.4187302935314,330.224067011443,0.00717852684144819,2023
"{039BD3DA-1839-4A67-98D3-05FD6AF42394}",2023,12,13.7683263717777,178.430238303482,2533.52377689793,0.00374531835205993,2023
"{8E0F872E-E2DD-4E28-9565-D74C367E014D}",2023,2,13.4656878294042,89.214912814329,633.375007680697,0.000624219725343321,2023
"{7224DB16-1E4E-490E-AE8A-EE6C5B7D0C92}",2023,14,7.44035463063589,27.5627176964181,60.4534183349276,0.00436953807740325,2023
"{98833EF7-3324-4C90-AA55-53E8553A5218}",2023,12,2.78020243450535,50.2267018901655,200.241941656119,0.00374531835205993,2023
"{09C8AF0F-4157-4491-B702-E1594DC056B6}",2023,12,5.84947639047272,18.5629544008259,27.3514223288289,0.00374531835205993,2023
"{24BFA32A-FD6E-49DC-B3CC-09832A9905E7}",2023,4,11.2187552568292,37.1259559788617,109.405968729305,0.00124843945068664,2023
"{8DA1429A-6FEF-4AD5-90C7-BC3E33F0EDD4}",2023,1,12.7473904891051,34.2284830544991,92.9953063009014,0.00031210986267166,2023
"{9B15B39B-379E-4C1D-B1AD-A466C942ABEB}",2023,2,10.4643486556892,34.3775262216397,93.8069397969269,0.000624219725343321,2023
"{5E956662-A6C8-4406-811E-E49716FA2A55}",2023,7,14.0139737628579,33.2063776123792,87.5243167629058,0.00218476903870162,2023
"{21BF7379-C290-4EE7-AAF9-AD72FAA80FF0}",2023,18,3.08799895182434,33.206404230881,87.524456988432,0.00561797752808989,2023
"{EC12D9E0-7CBC-46CF-AA1F-4D2AD2EEE35A}",2023,26,4.36391554228812,46.9608966709003,175.048537496505,0.00811485642946317,2023
"{64300315-A663-40C5-B7AC-C26BEABD35BC}",2023,10,4.14472538037362,68.4567230818532,371.978584845302,0.0031210986267166,2023
"{EC117AFD-FCDE-493A-98C0-865C89D27911}",2023,23,4.02190082390168,68.4567100702136,371.978443408406,0.00717852684144819,2023
"{C595F437-0C8F-478F-A011-7ACD725B4912}",2023,34,3.43892197207833,41.8174738523211,138.803786245505,0.0106117353308365,2023
"{1D3B8314-1C8F-4E62-B91D-6BBBF66BBF25}",2023,14,2.2180011234807,33.2064936453954,87.524928330238,0.00436953807740325,2023
"{C4DB2083-81EB-4C2D-9EE4-0DCCEDE6E140}",2023,6,2.34624544991418,40.7129031033202,131.567877393376,0.00187265917602996,2023
"{36B8EB7A-261E-48BB-A346-0490ACCA6910}",2023,7,5.39116841408947,63.0050141993469,315.090966755391,0.00218476903870162,2023
"{AC16E92E-8A85-4EDA-94C1-AD85ED95B9E4}",2023,6,4.9829114060643,37.1258702241678,109.405463152203,0.00187265917602996,2023
"{3F8D20D5-6DAC-4675-A00E-5B871D3A7205}",2023,8,4.20693770489326,56.3515526173847,252.056265646478,0.00249687890137328,2023
"{E2739A7A-BFE4-48FB-AEB4-536253529B85}",2023,10,11.6242911913506,132.95579647491,1404.52259172155,0.0031210986267166,2023
"{1CF4D172-5A59-46C9-87C9-09602950AC83}",2023,1,11.6623456847541,92.8268238443077,684.141731725259,0.00031210986267166,2023
"{2EB5E11F-4D59-41BC-B800-A6A1B004610D}",2023,20,8.40787391324419,37.1259246646439,109.40578406835,0.00624219725343321,2023
"{59B04FDD-FD34-4B23-B069-314EDB582FB2}",2023,4,5.35572309278079,38.2025058681052,115.842901515738,0.00124843945068664,2023
"{B624758D-0087-4BF1-9B88-00EBFD066F74}",2023,6,33.1314628050447,112.862962687846,1011.7704903516,0.00187265917602996,2023
"{937245EB-6B1C-4DB3-B906-B2E4E022622D}",2023,3,31.3725247639466,30.2743632611659,72.7504626909509,0.000936329588014981,2023
"{485B2C48-5A3B-49B2-BCF1-0037727F16F4}",2023,3,37.5025736915374,33.2063709380381,87.5242816901658,0.000936329588014981,2023
"{E71BA967-0BFE-497F-B827-47479EC86234}",2023,16,38.6460090923883,46.9609545585959,175.048969101228,0.00499375780274657,2023
"{3A508C09-F657-46CD-9FB3-04957599B5C3}",2023,4,14.0245926959253,215.853461850241,3704.1038767273,0.00124843945068664,2023
"{CE7B7009-3271-45B9-B370-48B73203E66F}",2023,12,8.44154238518872,43.8061209841213,152.319435489349,0.00374531835205993,2023
"{1B042241-C828-489E-9066-01B478EED4B8}",2023,19,13.4352248031792,31.4156806489614,78.5365544564991,0.00593008739076155,2023
"{4E544AD3-9731-4FD7-986F-0BB21530AFA1}",2023,18,13.4034413726338,31.4156632489978,78.53646913215,0.00561797752808989,2023
"{576B592B-7D5C-4DCB-8FFF-FAF08F4AE3D7}",2023,12,7.89164821209568,21.0233397055212,35.1707721323523,0.00374531835205993,2023
"{22CEAFEF-60FB-4BAB-BC0C-530D31F37C00}",2023,16,3.87845471989641,68.22890329784,236.120836887249,0.00499375780274657,2023
"{7C40F432-FDAB-4DD0-82F9-D245F93A5305}",2023,21,10.3547194921069,363.824442757982,8525.22542035971,0.00655430711610487,2023
"{1E97C764-D52D-47A0-BA55-309CCA0B574B}",2023,9,4.66435502514646,45.2883620735663,139.253681073396,0.00280898876404494,2023
"{EABB1925-3533-4ECC-B405-52AEFD2DA99F}",2023,17,28.4250604398293,43.8068900540262,138.368931991862,0.00530586766541823,2023
"{9B42FA41-9473-4A55-A3C0-7D6E3BF6C878}",2023,12,2.45308746748375,273.215866326728,2563.97386776966,0.00374531835205993,2023
"{0AA47CD7-0506-44D7-8995-7DBEDC62A830}",2023,7,21.2200944026258,73.1422498340438,363.653000633669,0.00218476903870162,2023
"{A201DC49-7DFC-49CB-BA83-8C9A881CB6EE}",2023,1,17.3324051024547,53.4295577621941,216.607026931915,0.00031210986267166,2023
"{B0B87544-90B8-405F-9962-7970D6AA22DE}",2023,1,21.8946906464974,10.3798913544451,7.89748722606684,0.00031210986267166,2023
"{A2C463F0-23DE-4F8E-A443-CA07E32E7706}",2023,8,7.29426272419411,196.904461356946,1783.87012625639,0.00249687890137328,2023
"{241AB36A-B1ED-4DE7-A417-BDB54481ACAD}",2023,11,8.5799218745703,95.8919649933308,347.422807287945,0.00343320848938826,2023
"{C016FDC2-8049-4F46-8D51-BF386B37D827}",2023,6,8.45798380557521,83.4031300089625,334.248148977155,0.00187265917602996,2023
"{0D37AA8A-35BD-4037-B3F8-9591D4887927}",2023,4,7.10370359126013,96.952621910513,565.095557711441,0.00124843945068664,2023
"{FE7FB4BC-0C50-42B3-9D46-639A3202ADF2}",2023,10,12.4141141811252,334.372021791755,5312.17319904589,0.0031210986267166,2023
"{54B4BBD7-93C2-47EB-9FDB-D1F49EC3D569}",2023,2,3.15285798153547,194.716871242344,1874.24087722534,0.000624219725343321,2023
"{E1EC1719-78ED-4BF0-887A-F5F5D4913E48}",2023,1,10.1596485071261,249.756353713734,3336.52909490855,0.00031210986267166,2023
"{6E7BC1F5-7DB9-40E1-98BB-F0A17EE77AE7}",2023,12,1.97890951978539,216.212103594574,1495.17339947392,0.00374531835205993,2023
"{40422983-FBAD-4038-A416-1D5AC3997215}",2023,6,21.5563465491087,29.9913079678837,55.3016208198034,0.00187265917602996,2023
"{FF3C4C36-EF3E-4065-98CF-AB5540B2D5DA}",2023,1,21.6574877552437,8.41633950329463,4.69731308578079,0.00031210986267166,2023
"{A75779AC-CB78-4607-A05F-23A7BB5CF6CF}",2023,3,4.85779949551817,255.399601277372,2764.1923005677,0.000936329588014981,2023
"{971907D7-903E-4DAB-8B59-EB0D3F01CE13}",2023,9,6.02472855035351,1854.75186570898,76844.52026692,0.00280898876404494,2023
"{5A991AA7-9933-4067-ACA2-2215C9F19BF8}",2023,1,14.2120599791456,5516.03679346268,108605.441186997,0.00031210986267166,2023
"{97AC2683-536B-4311-B8E5-192CA2C49F3F}",2023,4,10.9394998576281,444.321529069933,12927.434266214,0.00124843945068664,2023
"{DCDB15CE-2CF2-4110-A1CE-51F20E8F74B9}",2023,2,38.5479324713216,1197.10562761506,76651.1319616453,0.000624219725343321,2023
"{7BAD315D-5C40-4B01-9F35-6D0D6729C092}",2023,10,36.290119726826,1467.94659379575,77883.1686582152,0.0031210986267166,2023
"{3B7418FB-E8CD-4378-9A49-BFBEB066E849}",2023,42,54.6648038678842,327.327245353796,3424.66018290354,0.0131086142322097,2023
"{BA9C7BB2-F151-4A63-B9CD-CEF09AE9A1E9}",2023,10,11.653731192998,481.004223102724,13944.7102715937,0.0031210986267166,2023
